order_id,customer_id,seller_id,order_date,order_time,promised_delivery_date,actual_delivery_date,order_amount,payment_method,order_status,delay_reason,delivery_city,device_type,seller_category
ORD0000001,CUST000771,SELL0475,2026-05-30,10:51:46,2026-06-03,2026-06-03,57056.16,Cash on Delivery,Delivered,,Delhi,iOS,Electronics
ORD0000002,CUST000122,SELL0035,2026-05-05,15:59:45,2026-05-08,2026-05-07,25038.34,UPI,Delivered,,Gurugram,iOS,Grocery
ORD0000003,CUST000784,SELL0785,2026-05-11,11:48:01,2026-05-15,,29439.12,UPI,processing,Warehouse Delay,Lucknow,Android,Grocery
ORD0000004,CUST000288,SELL0211,2026-05-23,03:12:27,2026-05-27,2026-05-25,60697.51,Card,Delivered,,Indore,Android,Beauty
ORD0000005,CUST001168,SELL0981,2026-06-14,00:30:13,2026-06-19,,56251.5,UPI,Cancelled,Payment Failed,Nagpur,Mobile Web,Beauty
ORD0000006,CUST001093,SELL0225,2026-05-15,15:18:17,2026-05-19,2026-05-20,34649.02,UPI,Delivered,,Pune,Mobile Web,Fashion
ORD0000007,CUST000829,SELL0157,2026-05-11,19:31:06,2026-05-14,2026-05-13,24879.38,Bank Transfer,Delivered,,Delhi,Android,Home
ORD0000008,CUST000980,SELL0319,2026-06-11,04:46:43,2026-06-16,,20175.42,UPI,Cancelled,Seller Cancelled,Chennai,Mobile Web,Mobiles
ORD0000009,CUST001004,SELL0719,2026-06-14,03:54:36,2026-06-21,2026-06-27,31226.45,Wallet,Refund Pending,Payment Hold,Noida,Web,Beauty
ORD0000010,CUSTX960572,SELL0202,2026-06-14,07:51:19,2026-06-21,,58844.06,Wallet,CANCELLED,Seller Cancelled,Chennai,Android,Appliances
ORD0000011,CUST000589,SELL0412,2026-06-06,00:49:21,2026-06-10,2026-06-10,57610.36,Bank Transfer,Delivered,,Bengaluru,Web,Books
ORD0000012,CUST000590,SELL0336,2026-05-09,03:49:35,2026-05-16,2026-05-16,51520.88,UPI,Delivered,,Mumbai,Web,Sports
ORD0000013,CUST000551,SELLX9748,2026-05-15,06:48:38,2026-05-21,2026-05-21,50948.61,UPI,Delivered,,Ahmedabad,Web,Appliances
ORD0000014,CUST000672,SELL0401,2026-05-28,15:13:16,2026-06-01,2026-06-01,52949.72,Card,Delivered,,Ahmedabad,Mobile Web,Furniture
ORD0000015,CUST000862,SELL0663,2026-05-17,16:10:52,2026-05-24,2026-06-03,64255.25,Wallet,Delayed,Courier Delay,Hyderabad,Android,Fashion
ORD0000016,CUST000390,SELL0523,2026-06-12,09:10:00,2026-06-15,2026-06-15,56130.14,Bank Transfer,Delivered,,Nagpur,iOS,Sports
ORD0000017,CUST000563,SELL0248,2026-06-07,10:19:39,2026-06-12,2026-06-12,25159.55,Cash on Delivery,Returned,Damaged Item,Coimbatore,Web,Grocery
ORD0000018,CUST000533,SELL0017,2026-05-26,06:24:30,2026-05-30,2026-05-29,16886.88,Cash on Delivery,Delivered,,Nagpur,Mobile Web,Electronics
ORD0000019,CUST001059,SELL0358,2026-05-15,17:25:51,2026-05-19,2026-05-24,327.0,Bank Transfer,Returned,Customer Return,Nagpur,Mobile Web,Fashion
ORD0000020,CUST000511,SELL0787,2026-06-04,04:31:38,2026-06-08,,21240.21,Card,Cancelled,Seller Cancelled,Kochi,Mobile Web,Sports
ORD0000021,CUST000262,SELL0134,2026-05-27,17:18:22,2026-06-03,2026-06-08,35957.34,Card,Delayed,Seller Dispatch Delay,Noida,iOS,Beauty
ORD0000022,CUST000651,SELL0997,2026-05-01,14:48:54,2026-05-06,2026-05-17,6435.5,UPI,Delayed,Seller Dispatch Delay,Lucknow,Android,Electronics
ORD0000023,CUST000929,SELL0417,2026-06-03,00:48:25,2026-06-05,2026-06-15,58212.89,Card,Delayed,Weather Delay,Coimbatore,iOS,Beauty
ORD0000024,CUST000826,SELL0713,2026-05-25,10:16:10,2026-06-01,2026-06-08,61122.63,Card,Refund Pending,Return Pickup Pending,Ahmedabad,Mobile Web,Furniture
ORD0000025,CUST000492,SELL0020,2026-05-31,14:27:51,2026-06-03,2026-06-03,10296.17,Cash on Delivery,Delivered,,Bengaluru,Mobile Web,Appliances
ORD0000026,CUST000800,SELL0781,2026-06-10,15:08:03,2026-06-14,,59377.54,Cash on Delivery,Processing,Address Verification,Hyderabad,Android,Mobiles
ORD0000027,CUST000556,SELL0450,2026-05-10,17:43:56,2026-05-17,2026-05-17,42602.21,Bank Transfer,Delivered,,Hyderabad,Mobile Web,Furniture
ORD0000028,CUST000321,SELL0012,2026-06-14,21:11:34,2026-06-20,2026-06-18,5204.92,UPI,Delivered,,Bengaluru,Android,Fashion
ORD0000029,CUST000778,SELL0843,2026-06-14,06:37:07,2026-06-18,2026-06-27,23031.86,UPI,Returned,Size Issue,Pune,Android,Electronics
ORD0000030,CUST001092,SELL0120,2026-06-07,11:15:48,2026-06-13,2026-06-12,17646.78,Wallet,Delivered,,Noida,Web,Mobiles
ORD0000031,CUST000197,SELL0772,2026-05-12,01:37:11,2026-05-19,2026-05-19,46279.93,Card,Delivered,,Lucknow,Web,Sports
ORD0000032,CUST000381,SELL0552,2026-05-15,14:46:26,2026-05-18,2026-05-17,39479.29,Wallet,Delivered,,Nagpur,Mobile Web,Appliances
ORD0000033,CUST000751,SELL0921,2026-05-28,00:11:59,2026-06-03,2026-06-02,30526.16,UPI,Delivered,,Delhi,iOS,Grocery
ORD0000034,CUST000147,SELL0136,2026-05-05,19:44:20,2026-05-11,2026-05-10,50793.73,UPI,Delivered,, AHMEDABAD ,Android,Electronics
ORD0000035,CUST000349,SELL0897,2026-05-19,23:54:17,2026-05-23,,35539.83,UPI,Lost,Package Lost,Jaipur,Android,Home
ORD0000036,CUST001047,SELL0430,2026-05-31,20:09:27,2026-06-05,2026-06-07,3689.2,UPI,Refund Pending,Refund Awaited,Hyderabad,Android,Mobiles
ORD0000037,CUST001100,SELL0631,2026-05-22,00:33:57,2026-05-24,2026-05-23,37295.99,UPI,Delivered,,Jaipur,iOS,Appliances
ORD0000038,CUST000931,SELL0775,2026-05-24,14:17:35,2026-05-27,2026-05-27,39164.69,Wallet,Delivered,,Chennai,Mobile Web,Furniture
ORD0000039,CUST000849,SELL0008,2026-05-29,04:30:34,2026-06-04,2026-06-10,17806.58,Cash on Delivery,Delayed,Courier Delay,Indore,Web,Grocery
ORD0000040,CUST001084,SELL0205,2026-06-11,19:43:08,2026-06-17,2026-06-17,23251.55,Bank Transfer,Delivered,,Coimbatore,Mobile Web,Books
ORD0000041,CUST000201,SELL0525,2026-05-20,20:33:29,2026-05-26,2026-05-26,53617.92,UPI,Delivered,,Ahmedabad,Android,Sports
ORD0000042,CUST000568,SELL0896,2026-05-11,15:35:09,2026-05-16,2026-05-15,60689.94,UPI,Delivered,,Kochi,iOS,Mobiles
ORD0000043,CUST000249,SELL0339,2026-06-11,07:25:42,2026-06-15,2026-06-19,38688.93,Cash on Delivery,Delayed,Address Issue,Delhi,iOS,Appliances
ORD0000044,CUST001118,SELL0298,2026-05-19,21:38:38,2026-05-24,2026-05-31,33243.73,UPI,Delayed,Weather Delay,Pune,Mobile Web,Beauty
ORD0000045,CUST000413,SELL0358,2026-06-11,05:25:46,2026-06-16,2026-06-24,28967.17,Wallet,Returned,Wrong Item,Hyderabad,Mobile Web,Fashion
ORD0000046,CUST000402,SELL0396,2026-05-28,13:58:14,2026-06-01,2026-05-31,29704.21,Cash on Delivery,Delivered,,Coimbatore,iOS,Home
ORD0000047,CUST000577,SELL0999,2026-06-04,12:31:24,2026-06-07,2026-06-08,10096.83,Bank Transfer,Delivered,,Pune,Android,Fashion
ORD0000048,CUST000132,SELL0032,2026-06-02,13:04:31,2026-06-07,2026-06-09,23186.04,Cash on Delivery,Delivered,,Lucknow,iOS,Grocery
ORD0000049,CUST000137,SELL0902,2026-05-03,02:15:46,2026-05-09,2026-05-09,11424.77,UPI,Delivered,,Gurugram,Mobile Web,Mobiles
ORD0000050,CUST000436,SELL0962,2026-05-26,23:24:04,2026-05-31,,37320.0,Card,Cancelled,Customer Cancelled,Mumbai,Web,Beauty
ORD0000051,CUST000104,SELL0487,2026-06-11,02:10:14,2026-06-18,2026-06-28,60991.55,Wallet,Delayed,Weather Delay,Jaipur,Web,Mobiles
ORD0000052,CUST000174,SELL0121,2026-05-18,20:57:04,2026-05-21,2026-05-22,55766.55,Bank Transfer,Delivered,,Kolkata,Android,Beauty
ORD0000053,CUST000557,SELL0570,2026-05-18,16:16:46,2026-05-21,2026-05-22,36567.91,Wallet,Refund Pending,Payment Hold,Lucknow,Mobile Web,Sports
ORD0000054,CUST000160,SELL0507,2026-05-02,14:01:57,2026-05-07,,42628.01,Wallet,Processing,Seller Dispatch Pending,Bengaluru,Web,Mobiles
ORD0000055,CUST000159,SELL0555,2026-05-13,12:02:58,2026-05-17,2026-05-22,30312.12,Card,Delayed,Seller Dispatch Delay,Hyderabad,iOS,Beauty
ORD0000056,CUST000124,SELL0186,2026-05-08,07:29:51,2026-05-14,2026-05-15,60403.71,UPI,Refund Pending,Payment Hold,Ahmedabad,Web,Beauty
ORD0000057,CUST000326,SELL0461,2026-06-12,21:27:05,2026-06-19,,26455.16,Bank Transfer,Cancelled,Seller Cancelled,Delhi,Android,Home
ORD0000058,CUST001104,SELL0051,2026-05-16,04:24:36,2026-05-23,2026-05-25,11573.55,Bank Transfer,Delivered,,Nagpur,iOS,Furniture
ORD0000059,CUST000029,SELL0598,2026-05-04,08:46:02,2026-05-09,,13907.88,Wallet,Processing,Seller Dispatch Pending,Kochi,iOS,Sports
ORD0000060,CUST000081,SELL0666,2026-06-06,18:29:36,2026-06-12,2026-06-12,17211.24,Cash on Delivery,Delivered,,Kochi,Mobile Web,Sports
ORD0000061,CUST001057,SELL0274,2026-06-07,19:13:42,2026-06-12,2026-06-12,22815.02,Wallet,Delivered,,Lucknow,Android,Electronics
ORD0000062,CUST000612,SELL0747,2026-05-02,18:45:35,2026-05-05,2026-05-05,30381.57,Cash on Delivery,Delivered,,Chennai,iOS,Appliances
ORD0000063,CUST000427,SELL0855,2026-05-02,02:59:39,2026-05-05,2026-05-05,37012.99,Card,Delivered,,Kochi,Web,Fashion
ORD0000064,CUST000765,SELL0052,2026-05-18,06:50:36,2026-05-25,2026-05-28,5703.74,Cash on Delivery,Delayed,Courier Delay,Gurugram,iOS,Home
ORD0000065,CUST000407,SELL0179,2026-05-21,13:29:55,2026-05-28,2026-05-28,16913.08,UPI,Delivered,,Indore,Web,Beauty
ORD0000066,CUST000043,SELL0743,2026-05-18,21:16:02,2026-05-23,2026-06-01,52384.39,UPI,Returned,Wrong Item,Gurugram,Android,Grocery
ORD0000067,CUST000713,SELL0725,2026-05-20,14:54:58,2026-05-24,2026-05-24,56509.25,Wallet,Delivered,,Kolkata,Android,Electronics
ORD0000068,CUST000366,SELL0934,2026-05-17,07:51:38,2026-05-21,,27914.55,Cash on Delivery,Cancelled,Seller Cancelled,Kochi,Web,Books
ORD0000069,CUST000431,SELL0177,2026-05-12,16:22:40,2026-05-16,2026-05-21,59953.87,Card,Returned,Size Issue,Kochi,iOS,Fashion
ORD0000070,CUST001132,SELL0577,2026-06-04,12:23:05,2026-06-08,2026-06-13,4361.36,UPI,Delayed,Seller Dispatch Delay,Noida,Mobile Web,Sports
ORD0000071,CUST000435,SELL0772,2026-05-28,20:45:09,2026-06-03,,12004.13,Card,Processing,Seller Dispatch Pending,Bengaluru,Web,Sports
ORD0000072,CUST001186,SELL0032,2026-05-03,19:51:42,2026-05-09,,36819.34,Wallet,Cancelled,Seller Cancelled,Kolkata,Mobile Web,Grocery
ORD0000073,CUST001094,SELL0786,2026-05-31,10:56:21,2026-06-04,2026-06-11,46807.46,UPI,Delayed,Seller Dispatch Delay,Pune,Android,Grocery
ORD0000074,CUST000538,SELL0200,2026-06-13,10:20:49,2026-06-19,,25638.24,Card,Processing,Warehouse Delay,Bengaluru,Android,Books
ORD0000075,CUST000457,SELL0160,2026-05-12,09:20:27,2026-05-18,2026-05-17,22006.01,UPI,Delivered,,Indore,Android,Home
ORD0000076,CUST000921,SELL0165,2026-05-15,12:10:34,2026-05-22,2026-05-21,1542.76,Card,Delivered,,Delhi,Web,Appliances
ORD0000077,CUST000798,SELL0726,2026-05-07,22:38:13,2026-05-10,,9655.31,Bank Transfer,Cancelled,Customer Cancelled,Gurugram,iOS,Furniture
ORD0000078,CUST000244,SELL0865,2026-05-31,07:16:02,2026-06-02,2026-06-02,14601.35,UPI,Delivered,,Kolkata,iOS,Mobiles
ORD0000079,CUST000414,SELL0452,2026-05-14,20:45:51,2026-05-16,2026-05-16,55502.55,UPI,Delivered,,Mumbai,Android,Books
ORD0000080,CUST000539,SELL0924,2026-05-28,10:38:15,2026-06-04,2026-06-04,40835.65,Bank Transfer,Delivered,,Gurugram,Mobile Web,Grocery
ORD0000081,CUST000629,SELL0194,2026-05-12,16:19:09,2026-05-15,2026-05-16,51780.17,Bank Transfer,Delivered,,Coimbatore,iOS,Home
ORD0000082,CUST001095,SELL0573,2026-06-02,03:09:45,2026-06-05,2026-06-03,57835.28,Bank Transfer,Delivered,,Bengaluru,Web,Fashion
ORD0000083,CUST000240,SELL0207,2026-06-07,07:39:04,2026-06-11,,64688.64,Cash on Delivery,Cancelled,Payment Failed,Nagpur,Android,Home
ORD0000084,CUST000205,SELL0699,2026-06-05,23:11:00,2026-06-09,2026-06-07,3803.71,Card,Delivered,,Gurugram,Android,Sports
ORD0000085,CUST000753,SELL0665,2026-05-30,03:31:45,2026-06-06,2026-06-08,44732.57,Card,Returned,Size Issue,Chennai,Web,Fashion
ORD0000086,CUST000521,SELL0877,2026-05-05,03:28:32,2026-05-08,2026-05-08,18979.46,Wallet,Delivered,,Lucknow,Mobile Web,Books
ORD0000087,CUST000744,SELL0453,2026-06-11,06:09:55,2026-06-15,2026-06-13,41508.75,UPI,Delivered,,Lucknow,Android,Appliances
ORD0000088,CUST000263,SELL0246,2026-06-12,08:29:37,2026-06-16,,51267.33,UPI,Processing,Seller Dispatch Pending,Bengaluru,iOS,Mobiles
ORD0000089,CUST001184,SELL0239,2026-05-15,12:04:54,2026-05-22,2026-05-26,21867.25,UPI,Delayed,Last Mile Capacity,Delhi,Android,Appliances
ORD0000090,CUST000422,SELL0729,2026-05-08,14:51:50,2026-05-10,2026-05-10,39466.47,Bank Transfer,Delivered,,Kolkata,iOS,Home
ORD0000091,CUST000015,SELL0272,2026-06-06,12:06:13,2026-06-12,2026-06-13,5593.0,Card,Delivered,,Noida,Mobile Web,Beauty
ORD0000092,CUST000554,SELL0249,2026-05-16,19:32:09,2026-05-20,2026-05-20,7047.7,Bank Transfer,Delivered,,Jaipur,Android,Electronics
ORD0000093,CUST000565,SELL0705,2026-05-25,10:12:01,2026-06-01,2026-06-01,27810.93,UPI,Delivered,,Hyderabad,iOS,Beauty
ORD0000094,CUST000672,SELL0895,2026-05-11,08:32:42,2026-05-16,2026-05-27,7615.85,UPI,Delayed,Last Mile Capacity,Gurugram,iOS,Mobiles
ORD0000095,CUST000547,SELL0407,2026-05-21,11:38:39,2026-05-26,2026-05-25,23389.5,BANK TRANSFER,Delivered,,Chennai,Web,Books
ORD0000096,CUST000931,SELLX9519,2026-05-07,16:54:43,2026-05-12,2026-05-11,31366.67,Bank Transfer,Delivered,,Indore,Mobile Web,Beauty
ORD0000097,CUST000125,SELL0147,2026-05-12,03:16:27,2026-05-14,2026-05-15,7315.34,UPI,Delivered,,Jaipur,iOS,Sports
ORD0000098,CUST000769,SELL0182,2026-06-07,07:06:13,2026-06-09,2026-06-09,59428.67,Card,Delivered,,Delhi,Web,Beauty
ORD0000099,CUST000386,SELL0760,2026-05-06,07:53:46,2026-05-11,2026-05-11,24963.12,Card,DELIVERED,,Kochi,Mobile Web,Beauty
ORD0000100,CUST000393,SELL0862,2026-05-15,07:29:51,2026-05-20,2026-05-20,11773.97,Bank Transfer,Delivered,,Indore,Mobile Web,Beauty
ORD0000101,CUST000446,SELL0919,2026-05-27,17:17:33,2026-05-30,2026-05-29,16569.71,UPI,Delivered,,Bengaluru,Mobile Web,Electronics
ORD0000102,CUST000033,SELL0388,2026-05-05,01:42:50,2026-05-12,2026-05-22,44090.32,Cash on Delivery,Delayed,Last Mile Capacity,Indore,iOS,Home
ORD0000103,CUST001160,SELL0169,2026-05-05,10:34:26,2026-05-07,,39583.83,Cash on Delivery,Processing,Warehouse Delay,Indore,iOS,Fashion
ORD0000104,CUST000226,SELL0467,2026-06-06,13:20:24,2026-06-13,2026-06-14,53053.21,UPI,Delivered,,Mumbai,Android,Mobiles
ORD0000105,CUST000217,SELL0936,2026-05-04,09:57:21,2026-05-09,2026-05-07,31683.86,Cash on Delivery,Delivered,,Lucknow,Web,Grocery
ORD0000106,CUST001095,SELL0336,2026-05-01,22:03:35,2026-05-05,,33414.76,Cash on Delivery,Cancelled,Seller Cancelled,Kolkata,iOS,Sports
ORD0000107,CUST000127,SELL0925,2026-05-20,04:45:31,2026-05-27,2026-05-27,32367.92,Wallet,Delivered,,Pune,iOS,Furniture
ORD0000108,CUST000668,SELL0666,2026-06-11,14:06:29,2026-06-13,2026-06-11,42926.08,Wallet,Delivered,,Delhi,Web,Sports
ORD0000109,CUST001151,SELL0643,2026-05-12,23:28:59,2026-05-19,2026-05-19,22324.21,Bank Transfer,Delivered,,Noida,Mobile Web,Home
ORD0000110,CUSTX943960,SELL0786,2026-05-27,11:32:18,2026-06-02,2026-06-02,44702.88,UPI,Delivered,,Chennai,Android,Grocery
ORD0000111,CUST001053,SELL0388,2026-05-09,18:30:38,2026-05-12,2026-05-23,50069.27,UPI,Delayed,Courier Delay,Pune,Web,Home
ORD0000112,CUST000569,SELL0089,2026-06-09,05:27:36,2026-06-14,2026-06-15,37896.24,Bank Transfer,Delivered,,Coimbatore,Web,Grocery
ORD0000113,CUST001146,SELL0796,2026-05-28,10:17:42,2026-06-01,2026-06-04,5571.92,Bank Transfer,Refund Pending,Refund Awaited,Jaipur,Web,Grocery
ORD0000114,CUST000424,SELL0999,2026-06-10,04:12:55,2026-06-12,2026-06-12,22095.65,CASH ON DELIVERY,Delivered,,Ahmedabad,iOS,Fashion
ORD0000115,CUST001184,SELL0492,2026-05-22,21:04:28,2026-05-26,2026-05-26,6217.8,Card,Delivered,,Jaipur,Android,Fashion
ORD0000116,CUST001169,SELL0165,2026-05-11,23:57:05,2026-05-18,2026-05-26,17378.82,UPI,Delayed,Seller Dispatch Delay,Hyderabad,Mobile Web,Appliances
ORD0000117,CUST000647,SELL0568,2026-05-30,09:04:41,2026-06-02,2026-06-01,12996.52,UPI,Delivered,,Noida,Android,Electronics
ORD0000118,CUST000766,SELL0090,2026-05-11,08:50:54,2026-05-16,2026-05-16,46999.32,Card,Delivered,,Mumbai,Android,Grocery
ORD0000119,CUST000973,SELL0263,2026-05-31,07:50:17,2026-06-07,2026-06-08,16996.05,UPI,Refund Pending,Payment Hold,Bengaluru,Mobile Web,Home
ORD0000120,CUST000849,SELL0933,2026-06-06,07:52:18,2026-06-12,,522.66,UPI,Cancelled,Customer Cancelled,Lucknow,iOS,Electronics
ORD0000121,CUST000084,SELL0668,2026-05-15,09:10:30,2026-05-22,2026-05-22,8057.78,Cash on Delivery,Delivered,,Gurugram,iOS,Furniture
ORD0000122,CUST000590,SELL0795,2026-05-10,00:06:17,2026-05-16,2026-05-18,15504.42,UPI,Delivered,,Gurugram,Web,Fashion
ORD0000123,CUST000487,SELL0463,2026-05-13,08:19:03,2026-05-17,2026-05-17,18878.5,UPI,Delivered,,Lucknow,Mobile Web,Beauty
ORD0000124,CUST001057,SELL0379,2026-05-12,17:09:01,2026-05-19,2026-05-21,19798.7,Wallet,Delivered,,Hyderabad,iOS,Sports
ORD0000125,CUST000757,SELL0460,2026-05-29,18:21:32,2026-06-02,2026-06-01,0,Bank Transfer,Delivered,,Kochi,Mobile Web,Home
ORD0000126,CUST000296,SELL0400,2026-05-25,17:09:28,2026-05-30,2026-06-10,46152.98,Wallet,Delayed,Courier Delay,Noida,Android,Beauty
ORD0000127,CUST000535,SELL0028,2026-05-22,21:01:31,2026-05-24,,63637.83,Bank Transfer,Processing,Warehouse Delay,Bengaluru,Android,Furniture
ORD0000128,CUST000967,SELL0558,2026-05-23,02:29:24,2026-05-30,2026-05-29,55522.75,Wallet,Delivered,,Pune,iOS,Grocery
ORD0000129,CUST000983,SELL0382,2026-05-06,18:31:59,2026-05-13,2026-05-15,57319.02,Wallet,Returned,Wrong Item,Delhi,Android,Electronics
ORD0000130,CUST001174,SELL0298,2026-05-30,13:17:20,2026-06-05,,21464.71,Wallet,Cancelled,Payment Failed,Jaipur,Mobile Web,Beauty
ORD0000131,CUST000138,SELL0747,2026-05-26,19:53:03,2026-05-30,2026-06-02,31031.68,Wallet,Returned,Damaged Item,Chennai,Web,Appliances
ORD0000132,CUST000310,SELL0687,2026-06-02,11:59:56,2026-06-08,2026-06-09,47341.61,UPI,Refund Pending,Refund Awaited,Gurugram,iOS,Beauty
ORD0000133,CUST000085,SELL0089,2026-05-18,17:45:00,2026-05-21,2026-05-20,22752.61,Cash on Delivery,Delivered,,Noida,Mobile Web,Grocery
ORD0000134,CUST000925,SELL0213,2026-06-09,05:25:43,2026-06-16,2026-06-26,33787.94,Card,Delayed,Weather Delay,Nagpur,Web,Mobiles
ORD0000135,CUST001141,SELL0451,2026-05-28,10:55:37,2026-06-04,2026-06-02,2005.1,UPI,Delivered,,Mumbai,iOS,Books
ORD0000136,CUST001032,SELL0414,2026-05-22,11:00:44,2026-05-29,2026-05-31,53688.9,Cash on Delivery,Delivered,,Indore,Android,Beauty
ORD0000137,CUST000960,SELL0347,2026-05-21,19:57:28,2026-05-25,,51605.53,Card,Processing,Address Verification,Mumbai,Mobile Web,Grocery
ORD0000138,CUST001108,SELL0016,2026-05-09,19:05:18,2026-05-11,2026-05-18,55866.03,Bank Transfer,Refund Pending,Payment Hold,Hyderabad,iOS,Sports
ORD0000139,CUST000294,SELL0783,2026-06-03,14:46:35,2026-06-07,2026-06-06,35798.2,Cash on Delivery,Delivered,,Jaipur,iOS,Books
ORD0000140,CUST000070,SELL0266,2026-05-07,19:34:30,2026-05-14,,18769.89,UPI,Processing,Warehouse Delay, INDORE ,Web,Sports
ORD0000141,CUST000125,SELL0648,2026-05-24,18:02:03,2026-05-27,,12719.97,Bank Transfer,Processing,Address Verification,Ahmedabad,Mobile Web,Home
ORD0000142,CUST000241,SELL0819,2026-05-11,20:11:37,2026-05-16,2026-05-21,38668.78,Wallet,Delayed,Weather Delay,Indore,Web,Home
ORD0000143,CUST000665,SELL0236,2026-05-06,09:53:08,2026-05-10,2026-05-17,3055.03,Card,Returned,Customer Return,Mumbai,iOS,Fashion
ORD0000144,CUST000031,SELL0091,2026-05-24,21:47:44,2026-05-26,2026-05-29,14382.28,Wallet,Refund Pending,Payment Hold,Noida,Android,Mobiles
ORD0000145,CUST000851,SELL0659,2026-05-08,13:11:54,2026-05-13,2026-05-21,28232.86,Wallet,Delayed,Seller Dispatch Delay,Pune,iOS,Books
ORD0000146,CUST000876,SELL0862,2026-05-17,22:41:13,2026-05-24,2026-05-24,29020.03,UPI,Delivered,,Pune,iOS,Beauty
ORD0000147,CUST000710,SELL0585,2026-05-30,22:46:45,2026-06-01,,4392.66,Wallet,Cancelled,Payment Failed,Lucknow,Android,Fashion
ORD0000148,CUST001073,SELL0642,2026-05-14,06:39:46,2026-05-19,2026-05-19,27386.88,UPI,Delivered,,Lucknow,Android,Furniture
ORD0000149,CUST001077,SELL0077,2026-05-24,16:36:33,2026-05-29,2026-05-29,18019.14,UPI,Delivered,,Kolkata,iOS,Beauty
ORD0000150,CUST000988,SELL0275,2026-05-04,03:44:57,2026-05-09,2026-05-09,30732.62,Card,Delivered,,Mumbai,Web,Home
ORD0000151,CUST000807,SELL0774,2026-06-14,01:15:06,2026-06-17,2026-06-16,27631.43,Cash on Delivery,Delivered,,Gurugram,Mobile Web,Books
ORD0000152,CUST000584,SELL0517,2026-05-13,12:53:13,2026-05-16,2026-05-16,54055.42,UPI,Delivered,,Bengaluru,Web,Electronics
ORD0000153,CUST000562,SELL0583,2026-06-12,03:13:03,2026-06-19,,41109.23,Cash on Delivery,Cancelled,Seller Cancelled, COIMBATORE ,Mobile Web,Appliances
ORD0000154,CUST000745,SELL0338,2026-05-28,11:44:43,2026-05-30,2026-05-30,38482.05,Bank Transfer,Delivered,,Gurugram,Mobile Web,Beauty
ORD0000155,CUST000207,SELL0378,2026-06-06,02:45:49,2026-06-11,2026-06-09,36184.56,Cash on Delivery,Delivered,,Gurugram,Web,Beauty
ORD0000156,CUST000084,SELL0052,2026-05-04,02:44:09,2026-05-07,2026-05-09,23457.68,Wallet,Delayed,Address Issue,Hyderabad,Mobile Web,Home
ORD0000157,CUST001184,SELL0548,2026-05-31,03:43:30,2026-06-07,2026-06-10,17779.41,Cash on Delivery,Delayed,Weather Delay,Kolkata,iOS,Sports
ORD0000158,CUST000196,SELL0009,2026-05-28,19:05:36,2026-06-01,2026-05-30,1270.61,Bank Transfer,Delivered,,Chennai,Web,Electronics
ORD0000159,CUST000174,SELL0745,2026-05-31,03:14:00,2026-06-03,2026-06-11,30494.46,Bank Transfer,Delayed,Address Issue,Indore,Mobile Web,Mobiles
ORD0000160,CUST000742,SELL0961,2026-05-24,16:14:44,2026-05-26,,24553.69,Card,Cancelled,Customer Cancelled,Kolkata,Web,Electronics
ORD0000161,CUST000387,SELL0295,2026-06-03,10:05:14,2026-06-06,2026-06-05,49275.71,Cash on Delivery,Delivered,,Indore,Mobile Web,Appliances
ORD0000162,CUST000532,SELL0551,2026-05-21,20:39:13,2026-05-28,2026-05-28,13830.36,UPI, Delivered ,,Kochi,Mobile Web,Fashion
ORD0000163,CUST001066,SELL0730,2026-05-10,05:06:16,2026-05-13,,6682.62,Bank Transfer,Cancelled,Seller Cancelled,Kolkata,Mobile Web,Sports
ORD0000164,CUST001118,SELL0986,2026-05-19,13:53:45,2026-05-21,2026-05-22,60584.12,Bank Transfer,Delivered,,Lucknow,Web,Electronics
ORD0000165,CUST001169,SELL0678,2026-06-11,14:58:31,2026-06-15,,54127.32,cash on delivery,Cancelled,Customer Cancelled,Pune,Web,Home
ORD0000166,CUST000233,SELL0974,2026-05-10,19:53:50,2026-05-17,2026-05-18,42657.22,Card,Refund Pending,Refund Awaited,Coimbatore,Android,Books
ORD0000167,CUST000323,SELL0284,2026-06-06,21:48:13,2026-06-13,,47194.26,Cash on Delivery,Cancelled,Customer Cancelled,Kolkata,iOS,Mobiles
ORD0000168,CUST000697,SELL0834,2026-05-27,17:44:02,2026-05-30,,17435.81,Bank Transfer,Processing,Seller Dispatch Pending,Kolkata,Android,Furniture
ORD0000169,CUST000362,SELL0556,2026-06-03,07:25:08,2026-06-08,2026-06-07,34922.38,Card,Delivered,,Hyderabad,Android,Beauty
ORD0000170,CUST000962,SELL0121,2026-06-12,00:12:58,2026-06-16,2026-06-15,7177.43,Bank Transfer,Delivered,,Ahmedabad,Web,Beauty
ORD0000171,CUST000927,SELL0299,2026-06-06,01:50:25,2026-06-13,2026-06-13,5312.89,Cash on Delivery,Delivered,,Kolkata,Web,Appliances
ORD0000172,CUST000018,SELL0773,2026-06-03,05:55:58,2026-06-10,2026-06-10,26128.33,Cash on Delivery,Delivered,,Mumbai,Android,Electronics
ORD0000173,CUST000802,SELL0793,2026-05-30,13:43:07,2026-06-06,,61791.73,Wallet,Processing,Address Verification,Jaipur,Mobile Web,Mobiles
ORD0000174,CUST001099,SELL0378,2026-05-06,15:26:12,2026-05-12,2026-05-12,44743.43,Wallet,Delivered,,Bengaluru,Mobile Web,Beauty
ORD0000175,CUST000941,SELL0385,2026-06-09,19:57:15,2026-06-11,,10505.71,Wallet,Processing,Warehouse Delay,Gurugram,iOS,Mobiles
ORD0000176,CUST001006,SELL0150,2026-05-13,11:14:36,2026-05-19,,42800.05,Bank Transfer,Processing,Seller Dispatch Pending,Hyderabad,Web,Books
ORD0000177,CUST000732,SELL0483,2026-06-11,19:19:08,2026-06-17,2026-06-17,51176.43,Cash on Delivery,Delivered,,Lucknow,iOS,Appliances
ORD0000178,CUST000637,SELL0544,2026-05-07,00:48:28,2026-05-13,2026-05-13,26285.75,UPI,Delivered,,Noida,Web,Beauty
ORD0000179,CUST000695,SELL0160,2026-06-06,20:10:11,2026-06-08,2026-06-16,39290.69,Wallet,Delayed,Address Issue,Chennai,Web,Home
ORD0000180,CUST000493,SELL0574,2026-05-12,00:48:24,2026-05-15,,58041.86,UPI,Processing,Address Verification,Nagpur,Web,Home
ORD0000181,CUST000851,SELL0870,2026-05-22,22:00:18,2026-05-26,2026-06-01,52101.33,Cash on Delivery,Delayed,Address Issue,Kochi,Mobile Web,Mobiles
ORD0000182,CUST000988,SELL0920,2026-05-17,18:23:26,2026-05-24,,27023.04,Cash on Delivery,Cancelled,Seller Cancelled,Noida,Web,Appliances
ORD0000183,CUST001071,SELL0454,2026-05-11,22:41:01,2026-05-13,2026-05-13,5588.62,UPI,Delivered,,Kolkata,iOS,Home
ORD0000184,CUST000886,SELL0367,2026-05-01,19:23:15,2026-05-07,2026-05-05,19061.21,Cash on Delivery,Delivered,, MUMBAI ,Android,Home
ORD0000185,CUST000878,SELL0912,2026-05-21,06:59:43,2026-05-24,2026-05-23,42984.63,UPI,Delivered,,Pune,iOS,Books
ORD0000186,CUST001034,SELL0345,2026-06-01,03:07:44,2026-06-05,,1218.39,Cash on Delivery,Cancelled,Payment Failed,Delhi,Web,Furniture
ORD0000187,CUST000633,SELL0908,2026-05-02,19:46:59,2026-05-06,2026-05-05,59034.35,Wallet,Delivered,,Hyderabad,iOS,Grocery
ORD0000188,CUST000028,SELL0787,2026-05-22,09:10:33,2026-05-24,2026-05-25,59102.24,Cash on Delivery,Delivered,,Coimbatore,Mobile Web,Sports
ORD0000189,CUST000314,SELL0913,2026-05-06,00:32:57,2026-05-09,2026-05-10,54972.58,Card,Delivered,,Mumbai,Android,Sports
ORD0000190,CUST000698,SELL0386,2026-05-18,18:15:22,2026-05-21,2026-05-26,38928.63,Wallet,Returned,Size Issue,Kochi,Android,Sports
ORD0000191,CUST000046,SELL0883,2026-05-23,11:25:43,2026-05-30,,31940.62,Card,Cancelled,Customer Cancelled,Indore,Mobile Web,Books
ORD0000192,CUST000329,SELL0543,2026-06-07,19:36:50,2026-06-12,2026-06-10,49136.63,Wallet,Delivered,,Gurugram,Android,Beauty
ORD0000193,CUST000105,SELL0703,2026-06-02,11:06:38,2026-06-04,2026-06-03,16324.4,Card,Delivered,,Kochi,iOS,Furniture
ORD0000194,CUST000912,SELL0312,2026-06-06,11:16:33,2026-06-10,,52034.99,Bank Transfer,Processing,Seller Dispatch Pending,Mumbai,Android,Fashion
ORD0000195,CUST000068,SELL0062,2026-05-23,14:57:03,2026-05-28,2026-05-28,14973.74,Wallet, Delivered ,,Lucknow,Mobile Web,Electronics
ORD0000196,CUST000620,SELL0947,2026-06-07,09:31:16,2026-06-14,,48766.92,Wallet,Cancelled,Seller Cancelled,Nagpur,Mobile Web,Grocery
ORD0000197,CUST000131,SELL0354,2026-06-10,00:01:56,2026-06-12,2026-06-11,36039.56,Cash on Delivery,Delivered,,Ahmedabad,Mobile Web,Appliances
ORD0000198,CUST000360,SELL0549,2026-06-01,21:31:23,2026-06-08,,49152.54,Card,Processing,Warehouse Delay,Gurugram,Android,Books
ORD0000199,CUST000860,SELL0147,2026-05-22,09:27:44,2026-05-24,2026-05-24,2411.28,Card,Delivered,,Kolkata,Android,Sports
ORD0000200,CUST001072,SELL0110,2026-05-29,17:28:13,2026-06-02,,37681.3,Wallet,Cancelled,Customer Cancelled,Lucknow,Mobile Web,Grocery
ORD0000201,CUST000768,SELL0138,2026-05-01,23:47:21,2026-05-04,2026-05-13,35937.92,UPI,Delayed,Last Mile Capacity,Gurugram,iOS,Books
ORD0000202,CUST000286,SELL0243,2026-05-29,08:07:27,2026-06-02,,62537.81,Cash on Delivery,Cancelled,Customer Cancelled,Gurugram,Mobile Web,Mobiles
ORD0000203,CUST000070,SELL0878,2026-05-26,07:31:56,2026-06-02,2026-06-02,46130.34,UPI,Delivered,,Kochi,Android,Beauty
ORD0000204,CUST000798,SELL0326,2026-05-10,11:20:21,2026-05-17,2026-05-16,25319.35,Bank Transfer,Delivered,,Coimbatore,Mobile Web,Furniture
ORD0000205,CUST000830,SELL0567,2026-05-20,00:05:56,2026-05-23,2026-05-24,7343.43,Cash on Delivery,Delivered,,Lucknow,Mobile Web,Electronics
ORD0000206,CUST000660,SELL0930,2026-05-24,15:03:59,2026-05-26,2026-06-02,61430.7,Wallet,Delayed,Weather Delay,Noida,Android,Fashion
ORD0000207,CUST001095,SELL0822,2026-06-02,07:35:49,2026-06-04,2026-06-06,61254.97,Wallet,Delayed,Seller Dispatch Delay,Jaipur,Android,Home
ORD0000208,CUST000622,SELL0882,2026-05-31,23:41:20,2026-06-07,2026-06-07,48667.55,Card, Delivered ,,Kochi,Mobile Web,Electronics
ORD0000209,CUST000024,SELL0207,2026-05-23,07:28:38,2026-05-29,,49582.19,UPI,Cancelled,Seller Cancelled,Hyderabad,Mobile Web,Home
ORD0000210,CUST001138,SELL0879,2026-05-08,00:13:46,2026-05-12,2026-05-12,62825.15,UPI,Delivered,,Noida,Web,Home
ORD0000211,CUST000935,SELL0240,2026-06-08,05:25:01,2026-06-13,,34070.51,Card,Processing,Seller Dispatch Pending,Pune,iOS,Sports
ORD0000212,CUST001149,SELL0609,2026-05-05,10:09:21,2026-05-12,,25171.53,Card,Cancelled,Customer Cancelled,Jaipur,Web,Appliances
ORD0000213,CUST001191,SELL0522,2026-05-24,12:22:15,2026-05-27,2026-05-27,36496.76,UPI,Delivered,,Bengaluru,Mobile Web,Fashion
ORD0000214,CUST000184,SELL0727,2026-05-19,20:28:44,2026-05-25,2026-05-24,18768.67,Bank Transfer,Delivered,,Kolkata,Web,Beauty
ORD0000215,CUST000768,SELL0990,2026-05-02,22:50:26,2026-05-09,2026-05-08,29002.1,Cash on Delivery,Delivered,,Delhi,Mobile Web,Home
ORD0000216,CUST001084,SELL0419,2026-05-08,20:46:38,2026-05-12,,23874.11,Card,Cancelled,Customer Cancelled,Indore,Web,Home
ORD0000217,CUST000021,SELL0521,2026-05-06,12:16:16,2026-05-08,,55277.31,Cash on Delivery,Cancelled,Seller Cancelled,Kochi,Android,Furniture
ORD0000218,CUST000881,SELL0260,2026-05-24,17:06:21,2026-05-30,2026-06-09,64760.39,Card,Delayed,Weather Delay,Chennai,Mobile Web,Beauty
ORD0000219,CUST001050,SELL0503,2026-05-29,15:50:47,2026-06-04,,49170.13,Cash on Delivery,Processing,Warehouse Delay,Kochi,Mobile Web,Furniture
ORD0000220,CUST001128,SELL0884,2026-05-12,09:01:16,2026-05-17,2026-05-17,35825.07,Cash on Delivery,Delivered,,Kolkata,Web,Electronics
ORD0000221,CUST001004,SELL0963,2026-06-06,12:38:33,2026-06-13,2026-06-13,34606.75,Cash on Delivery,Delivered,,Bengaluru,Web,Grocery
ORD0000222,CUST000190,SELL0339,2026-05-16,07:14:35,2026-05-21,2026-05-30,28149.27,Bank Transfer,Delayed,Weather Delay,Nagpur,Android,Appliances
ORD0000223,CUST001021,SELL0528,2026-05-30,01:29:04,2026-06-06,2026-06-05,58037.9,Bank Transfer,Delivered,,Jaipur,Web,Appliances
ORD0000224,CUST000660,SELL0452,2026-06-10,20:45:17,2026-06-12,,61424.29,Wallet,Processing,Address Verification,Noida,iOS,Books
ORD0000225,CUST000710,SELL0768,2026-05-11,20:08:16,2026-05-16,,47458.57,Wallet,Processing,Warehouse Delay,Hyderabad,Web,Mobiles
ORD0000226,CUST000400,SELL0617,2026-06-02,16:55:18,2026-06-09,2026-06-11,36802.9,Wallet,Refund Pending,Return Pickup Pending,Hyderabad,Android,Electronics
ORD0000227,CUST000936,SELL0981,2026-05-08,05:15:38,2026-05-14,2026-05-18,50425.2,Wallet,Delayed,Address Issue,Lucknow,Android,Beauty
ORD0000228,CUST000953,SELL0460,2026-05-10,03:12:38,2026-05-15,2026-05-24,63565.22,UPI,Delayed,Last Mile Capacity,Hyderabad,Android,Home
ORD0000229,CUST000378,SELL0671,2026-05-11,21:27:32,2026-05-17,2026-05-20,61770.59,Wallet,Refund Pending,Payment Hold,Noida,Mobile Web,Appliances
ORD0000230,CUST000622,SELL0601,2026-05-12,08:07:30,2026-05-15,,7783.74,UPI,Cancelled,Customer Cancelled,Gurugram,Android,Appliances
ORD0000231,CUST000031,SELL0620,2026-06-02,02:15:52,2026-06-07,2026-06-15,63367.26,Bank Transfer,Returned,Damaged Item,Noida,Web,Furniture
ORD0000232,CUST000903,SELL0052,2026-05-26,14:51:25,2026-06-02,2026-06-06,17248.92,UPI,returned,Customer Return,Indore,Web,Home
ORD0000233,CUST000797,SELL0316,2026-06-02,23:29:46,2026-06-05,,57262.78,Card,Processing,Seller Dispatch Pending,Lucknow,Web,Grocery
ORD0000234,CUST000312,SELL0097,2026-05-27,14:24:42,2026-05-29,2026-05-29,37706.1,Cash on Delivery,Delivered,,Chennai,Android,Electronics
ORD0000235,CUST000746,SELL0357,2026-05-24,09:58:35,2026-05-26,2026-05-24,61157.6,Bank Transfer,Delivered,,Coimbatore,Web,Beauty
ORD0000236,CUST000318,SELL0931,2026-06-06,08:29:35,2026-06-12,2026-06-11,18132.7,bank transfer,Delivered,,Mumbai,Android,Fashion
ORD0000237,CUST000799,SELL0719,2026-05-24,18:38:35,2026-05-31,2026-06-03,44470.53,Card,Delayed,Seller Dispatch Delay,Indore,Web,Beauty
ORD0000238,CUST000152,SELL0521,2026-06-08,06:55:49,2026-06-13,2026-06-21,33037.92,Card,Returned,Size Issue,Indore,iOS,Furniture
ORD0000239,CUST000195,SELL0456,2026-06-08,23:22:46,2026-06-15,2026-06-15,53740.19,Cash on Delivery,Delivered,,Lucknow,Android,Electronics
ORD0000240,CUST000013,SELL0219,2026-05-16,11:44:21,2026-05-23,2026-05-24,47378.08,Wallet,Delivered,,Nagpur,Mobile Web,Sports
ORD0000241,CUST001003,SELL0547,2026-06-13,02:03:26,2026-06-19,,61836.22,Cash on Delivery,Processing,Warehouse Delay,Noida,Web,Electronics
ORD0000242,CUST000372,SELL0153,2026-06-07,22:44:37,2026-06-13,2026-06-24,8688.51,UPI,Delayed,Seller Dispatch Delay,Noida,Android,Grocery
ORD0000243,CUST001136,SELL0570,2026-05-11,14:42:38,2026-05-17,2026-05-17,24895.03,Wallet,Delivered,,Lucknow,iOS,Sports
ORD0000244,CUST000746,SELL0755,2026-06-06,18:18:19,2026-06-08,2026-06-07,14620.36,Card,Delivered,,Nagpur,Web,Fashion
ORD0000245,CUST000063,SELL0468,2026-05-13,18:12:49,2026-05-20,2026-05-23,45997.32,Bank Transfer,Delayed,Address Issue,Kochi,iOS,Sports
ORD0000246,CUST001070,SELL0853,2026-05-20,11:50:28,2026-05-25,2026-05-25,17667.81,UPI,Delivered,,Indore,Mobile Web,Beauty
ORD0000247,CUST000794,SELL0311,2026-05-14,01:33:13,2026-05-18,2026-05-17,58582.84,Wallet,Delivered,,Noida,Android,Fashion
ORD0000248,CUST000611,SELL0420,2026-05-15,13:25:30,2026-05-19,2026-05-18,35698.26,Card,Delivered,,Ahmedabad,Mobile Web,Sports
ORD0000249,CUST000331,SELL0799,2026-05-20,20:25:42,2026-05-23,2026-05-22,40186.59,Bank Transfer,Delivered,,Kolkata,Web,Appliances
ORD0000250,CUST000014,SELL0658,2026-05-12,06:31:35,2026-05-14,2026-05-15,22970.06,UPI,Delivered,,Chennai,Mobile Web,Appliances
ORD0000251,CUST000429,SELL0523,2026-05-20,23:49:20,2026-05-27,,31094.83,Wallet,Cancelled,Payment Failed,Chennai,Android,Sports
ORD0000252,CUST001068,SELL0097,2026-05-23,12:40:52,2026-05-25,2026-06-01,44290.28,Bank Transfer,Delayed,Seller Dispatch Delay,Delhi,Android,Electronics
ORD0000253,CUST000568,SELL0235,2026-05-27,22:45:05,2026-05-29,2026-05-30,8703.93,Card,Delivered,,Kochi,iOS,Furniture
ORD0000254,CUST000947,SELL1000,2026-05-26,20:22:19,2026-05-30,,28733.24,UPI,Cancelled,Payment Failed,Lucknow,Web,Home
ORD0000255,CUST001181,SELL0300,2026-05-14,23:43:56,2026-05-16,2026-05-24,30624.42,Wallet,Delayed,Weather Delay,Kolkata,Mobile Web,Home
ORD0000256,CUST000303,SELL0629,2026-05-04,08:51:46,2026-05-08,,33641.58,Card,Processing,Address Verification,Mumbai,iOS,Mobiles
ORD0000257,CUST000847,SELL0112,2026-06-05,04:09:30,2026-06-10,,45177.96,UPI,Cancelled,Seller Cancelled,Mumbai,Mobile Web,Sports
ORD0000258,CUST000705,SELL0563,2026-05-16,11:42:12,2026-05-19,2026-05-17,23332.47,Bank Transfer,Delivered,,Nagpur,iOS,Appliances
ORD0000259,CUST000544,SELL0535,2026-05-05,12:15:51,2026-05-11,2026-05-20,62579.33,Wallet,Delayed,Courier Delay,Jaipur,Web,Home
ORD0000260,CUST000783,SELL0784,2026-06-08,21:12:26,2026-06-15,2026-06-14,44137.7,Wallet,Delivered,,Gurugram,Android,Electronics
ORD0000261,CUST000944,SELL0340,2026-05-09,10:55:50,2026-05-14,2026-05-14,63825.68,Card,Delivered,,Delhi,Mobile Web,Sports
ORD0000262,CUST000190,SELL0246,2026-05-09,21:19:05,2026-05-13,2026-05-11,32459.66,Bank Transfer,Delivered,,Pune,Web,Mobiles
ORD0000263,CUST000364,SELL0011,2026-05-10,22:00:26,2026-05-15,2026-05-16,63595.98,UPI,Delivered,,Mumbai,Web,Sports
ORD0000264,CUST000916,SELL0146,2026-05-31,03:37:43,2026-06-06,2026-06-06,14755.94,Card,Delivered,, COIMBATORE ,iOS,Fashion
ORD0000265,CUST000932,SELL0968,2026-05-01,09:19:57,2026-05-04,2026-05-04,9169.43,UPI,Delivered,,Bengaluru,Android,Sports
ORD0000266,CUST000827,SELL0815,2026-06-07,04:43:40,2026-06-13,2026-06-17,23353.11,Bank Transfer,Returned,Damaged Item,Pune,Mobile Web,Grocery
ORD0000267,CUST000157,SELL0005,2026-05-30,03:40:42,2026-06-03,2026-06-06,24808.41,Wallet,Refund Pending,Return Pickup Pending,Indore,Android,Mobiles
ORD0000268,CUST000192,SELL0078,2026-05-26,13:06:41,2026-06-02,2026-06-07,-299.0,Card,Returned,Size Issue,Mumbai,iOS,Home
ORD0000269,CUST000699,SELL0969,2026-05-09,05:08:49,2026-05-15,2026-05-23,12830.95,Cash on Delivery,Returned,Customer Return,Lucknow,Android,Sports
ORD0000270,CUST000622,SELL0354,2026-05-09,03:42:15,2026-05-15,2026-05-14,24999.15,Wallet,Delivered,,Bengaluru,Web,Appliances
ORD0000271,CUST000122,SELL0137,2026-06-09,13:52:55,2026-06-12,2026-06-13,7344.55,Wallet,Delivered,,Bengaluru,Mobile Web,Mobiles
ORD0000272,CUST000829,SELL0610,2026-05-02,12:03:59,2026-05-04,2026-05-06,56001.53,Cash on Delivery,Delayed,Weather Delay,Bengaluru,Web,Mobiles
ORD0000273,CUST000204,SELL0050,2026-06-10,07:31:15,2026-06-15,2026-06-23,60700.56,Wallet,Delayed,Weather Delay,Gurugram,Web,Books
ORD0000274,CUST000107,SELL0998,2026-05-24,07:18:06,2026-05-28,2026-05-28,57357.63,Cash on Delivery,Delivered,,Gurugram,Android,Electronics
ORD0000275,CUST000188,SELL0234,2026-05-31,02:49:59,2026-06-02,2026-05-31,57464.58,Bank Transfer,Delivered,,Mumbai,Mobile Web,Home
ORD0000276,CUST000093,SELL0544,2026-05-30,04:46:13,2026-06-06,2026-06-06,13679.98,Cash on Delivery,Delivered,,Ahmedabad,Web,Beauty
ORD0000277,CUST000613,SELL0122,2026-05-10,17:05:40,2026-05-13,2026-05-12,64493.88,Bank Transfer,Delivered,,Mumbai,Mobile Web,Mobiles
ORD0000278,CUST001040,SELL0484,2026-05-18,04:50:03,2026-05-21,,16627.63,UPI,Lost,Package Lost,Nagpur,Android,Electronics
ORD0000279,CUST001069,SELL0131,2026-05-17,23:45:37,2026-05-23,2026-05-23,35324.93,UPI,Delivered,,Delhi,Mobile Web,Fashion
ORD0000280,CUST000664,SELL0082,2026-05-07,11:21:10,2026-05-14,,23269.62,UPI,Processing,Seller Dispatch Pending, DELHI ,Mobile Web,Appliances
ORD0000281,CUST000165,SELL0651,2026-05-07,00:12:27,2026-05-12,2026-05-12,50492.35,Wallet,Delivered,,Ahmedabad,iOS,Home
ORD0000282,CUST000460,SELL0991,2026-05-20,11:19:31,2026-05-23,,31900.4,Wallet,Cancelled,Payment Failed,Nagpur,iOS,Beauty
ORD0000283,CUST000706,SELL0763,2026-05-16,21:06:44,2026-05-18,2026-05-16,44536.53,Card,Delivered,,Pune,Web,Books
ORD0000284,CUST000270,SELL0517,2026-05-22,19:22:56,2026-05-25,2026-05-24,28964.15,Card,Delivered,,Delhi,iOS,Electronics
ORD0000285,CUST001161,SELL0798,2026-06-12,10:12:39,2026-06-19,2026-06-17,9048.89,UPI,Delivered,,Indore,iOS,Books
ORD0000286,CUST000559,SELL0641,2026-06-14,19:34:09,not_available,2026-06-20,55280.52,Cash on Delivery,Delivered,,Pune,Mobile Web,Electronics
ORD0000287,CUST000388,SELL0629,2026-05-16,04:58:38,2026-05-21,2026-05-21,31155.69,Bank Transfer,Delivered,,Chennai,Android,Mobiles
ORD0000288,CUST001179,SELL0559,2026-05-22,14:45:08,2026-05-25,,14721.9,Bank Transfer,Cancelled,Seller Cancelled,Coimbatore,Mobile Web,Mobiles
ORD0000289,CUST000119,SELL0965,2026-05-21,15:41:47,2026-05-27,,61079.7,Cash on Delivery,Processing,Seller Dispatch Pending,Noida,Mobile Web,Books
ORD0000290,CUST000483,SELL0454,2026-05-03,07:09:18,2026-05-07,2026-05-06,26187.72,UPI,Delivered,,Gurugram,Mobile Web,Home
ORD0000291,CUST000963,SELL0128,2026-05-29,17:12:09,2026-06-01,,12362.94,Card,Cancelled,Payment Failed,Chennai,Web,Grocery
ORD0000292,CUST001048,SELL0980,2026-05-02,13:01:23,2026-05-08,,55386.53,Card,Cancelled,Payment Failed,Indore,Android,Grocery
ORD0000293,CUST000258,SELL0280,2026-06-14,09:20:33,2026-06-16,2026-06-20,9078.06,Card,Delayed,Weather Delay,Delhi,Android,Mobiles
ORD0000294,CUST000459,SELL0796,2026-05-07,01:21:25,2026-05-11,2026-05-10,61903.78,Card,Delivered,,Chennai,Web,Grocery
ORD0000295,CUST000114,SELL0089,2026-05-03,23:12:17,2026-05-08,2026-05-09,34285.61,UPI,Delivered,,Ahmedabad,Mobile Web,Grocery
ORD0000296,CUST001068,SELL0314,2026-06-10,02:42:01,2026-06-14,2026-06-15,57619.6,Cash on Delivery,Delivered,,Pune,Android,Books
ORD0000297,CUST000916,SELL0595,2026-05-31,10:31:31,2026-06-05,2026-06-06,29395.52,Card,Delivered,,Coimbatore,Mobile Web,Sports
ORD0000298,CUST000917,SELL0102,2026-06-08,21:07:22,2026-06-14,2026-06-20,54780.0,Cash on Delivery,Delayed,Last Mile Capacity,Bengaluru,Android,Home
ORD0000299,CUST000602,SELL0922,2026-05-21,08:30:11,2026-05-23,2026-05-23,64763.84,Bank Transfer,Delivered,,Bengaluru,Web,Mobiles
ORD0000300,CUST000896,SELL0270,2026-05-22,15:57:49,2026-05-29,2026-05-30,8671.57,Card,Delivered,,Nagpur,Web,Electronics
ORD0000301,CUST001051,SELL0713,2026-06-03,15:09:23,2026-06-06,,51903.75,Cash on Delivery,Processing,Seller Dispatch Pending,Lucknow,Web,Furniture
ORD0000302,CUST000022,SELL0274,2026-05-18,01:30:36,2026-05-24,,36025.04,UPI,Cancelled,Customer Cancelled,Hyderabad,Web,Electronics
ORD0000303,CUST000888,SELL0453,2026-06-14,05:05:10,2026-06-19,2026-06-20,7214.4,Bank Transfer,Delivered,,Ahmedabad,Web,Appliances
ORD0000304,CUST000491,SELL0861,2026-05-15,05:18:17,2026-05-19,2026-05-19,53503.41,Cash on Delivery,Delivered,,Hyderabad,iOS,Books
ORD0000305,CUST000499,SELL0771,2026-06-05,19:00:15,2026-06-10,2026-06-16,6112.61,UPI,Delayed,Weather Delay,Ahmedabad,iOS,Furniture
ORD0000306,CUST000499,SELL0145,2026-06-08,20:37:45,2026-06-10,2026-06-10,26752.27,Cash on Delivery,Returned,Customer Return,Kolkata,Mobile Web,Sports
ORD0000307,CUST000330,SELL0569,2026-05-21,12:16:28,2026-05-23,2026-05-23,9386.17,Wallet,Delivered,,Kolkata,Android,Mobiles
ORD0000308,CUST000773,SELL0590,2026-06-14,04:00:01,2026-06-17,2026-06-15,41532.27,Cash on Delivery,Delivered,,Jaipur,Mobile Web,Furniture
ORD0000309,CUST000815,SELL0113,2026-05-03,00:43:18,2026-05-07,2026-05-05,5730.69,UPI,Delivered,,Mumbai,Mobile Web,Sports
ORD0000310,CUST000961,SELL0199,2026-05-26,18:41:13,2026-05-29,2026-06-03,12678.9,Wallet,Delayed,Courier Delay,Chennai,iOS,Fashion
ORD0000311,CUST000325,SELL0079,2026-05-27,10:39:30,2026-05-29,,60062.07,CASH ON DELIVERY,cancelled,Customer Cancelled,Kolkata,Mobile Web,Beauty
ORD0000312,CUST000507,SELL0259,2026-06-05,10:11:32,2026-06-12,2026-06-20,36060.28,Wallet,Returned,Customer Return,Hyderabad,Web,Books
ORD0000313,CUST001138,SELL0102,2026-05-30,11:37:24,2026-06-04,2026-06-04,4991.22,Card,Delivered,,Kochi,Android,Home
ORD0000314,CUST000550,SELL0143,2026-05-25,13:37:54,2026-05-31,2026-05-31,23175.99,Card,Delivered,,Jaipur,Android,Fashion
ORD0000315,CUST000146,SELL0727,2026-05-23,05:38:43,2026-05-30,2026-05-29,58754.81,UPI,Delivered,,Bengaluru,Android,Beauty
ORD0000316,CUST000996,SELL0402,2026-06-02,00:32:24,2026-06-06,2026-06-08,57891.12,Wallet,Delivered,, NAGPUR ,Android,Home
ORD0000317,CUST000987,SELL0451,2026-06-14,12:29:14,2026-06-19,2026-06-26,15879.65,UPI,Delayed,Address Issue,Lucknow,Web,Books
ORD0000318,CUST000393,SELL0846,2026-05-03,07:10:30,2026-05-10,2026-05-09,28369.33,Wallet,Delivered,,Mumbai,Web,Furniture
ORD0000319,CUST000691,SELL0553,2026-06-02,10:23:59,2026-06-04,2026-06-09,54522.71,Wallet,Returned,Size Issue,Kochi,Android,Sports
ORD0000320,CUST001100,SELL0717,2026-05-11,09:11:46,2026-05-18,2026-05-18,42344.31,Wallet,Delivered,,Delhi,Web,Fashion
ORD0000321,CUST000559,SELL0047,2026-05-15,10:20:17,2026-05-22,2026-05-22,49547.32,Cash on Delivery,Delivered,,Noida,Web,Mobiles
ORD0000322,CUST000637,SELL0409,2026-06-05,10:15:11,2026-06-08,,38868.12,Cash on Delivery,Processing,Warehouse Delay,Chennai,Android,Home
ORD0000323,CUST000525,SELL0286,2026-05-03,15:59:49,2026-05-07,2026-05-12,34114.01,UPI,Returned,Wrong Item,Indore,Web,Grocery
ORD0000324,CUST001181,SELL0161,2026-05-07,19:26:24,2026-05-11,2026-05-11,26784.27,UPI,Delivered,,Hyderabad,Web,Electronics
ORD0000325,CUST000766,SELL0414,2026-06-12,12:24:10,2026-06-16,2026-06-16,17555.98,Bank Transfer,Delivered,,Mumbai,Web,Beauty
ORD0000326,CUST001113,SELL0465,2026-05-14,03:35:24,2026-05-18,2026-05-24,24901.17,Card,Delayed,Seller Dispatch Delay,Lucknow,Mobile Web,Home
ORD0000327,CUST000727,SELL0153,2026-06-04,14:25:46,2026-06-08,2026-06-08,30543.49,Wallet,Delivered,,Nagpur,Mobile Web,Grocery
ORD0000328,CUST000238,SELL0559,2026-05-25,10:02:54,2026-05-28,2026-05-29,48313.73,Wallet,Delivered,,Chennai,Mobile Web,Mobiles
ORD0000329,CUST000046,SELL0893,2026-05-06,12:54:23,2026-05-11,2026-05-11,43768.71,Cash on Delivery,Delivered,,Noida,Android,Furniture
ORD0000330,CUST000234,SELL0675,2026-05-05,10:55:04,2026-05-09,,29359.45,Bank Transfer,Processing,Address Verification,Gurugram,Android,Grocery
ORD0000331,CUST000856,SELL0888,2026-05-16,04:32:12,2026-05-20,2026-05-20,36655.28,Wallet,Delivered,,Gurugram,iOS,Home
ORD0000332,CUST000983,SELL0595,2026-06-10,22:58:32,2026-06-13,,64291.67,Bank Transfer,Processing,Address Verification,Kolkata,Web,Sports
ORD0000333,CUST000690,SELL0612,2026-05-19,09:01:22,2026-05-25,,30431.97,Cash on Delivery,Processing,Address Verification,Delhi,Web,Appliances
ORD0000334,CUST000861,SELL0421,2026-06-13,12:08:07,2026-06-17,2026-06-16,28770.36,Bank Transfer,Delivered,,Coimbatore,Android,Furniture
ORD0000335,CUST000509,SELL0031,2026-05-25,23:15:41,2026-05-29,,36450.46,UPI,Processing,Warehouse Delay,Chennai,Web,Electronics
ORD0000336,CUST000436,SELL0160,2026-05-03,11:39:40,2026-05-09,2026-05-09,62413.66,Bank Transfer,Delivered,,Ahmedabad,Mobile Web,Home
ORD0000337,CUST000721,SELL0378,2026-05-08,08:04:00,2026-05-13,,2388.2,Card,Cancelled,Customer Cancelled,Coimbatore,iOS,Beauty
ORD0000338,CUST001180,SELL0384,2026-06-11,05:46:49,2026-06-15,2026-06-15,20556.96,UPI,Delivered,,Ahmedabad,Android,Fashion
ORD0000339,CUST000441,SELL0638,2026-05-28,08:45:01,2026-05-31,2026-06-06,60598.28,Cash on Delivery,Delayed,Weather Delay,Chennai,iOS,Electronics
ORD0000340,CUST000283,SELL0031,2026-05-11,18:49:09,2026-05-16,2026-05-27,37556.73,Wallet,Delayed,Seller Dispatch Delay,Chennai,Web,Electronics
ORD0000341,CUST001084,SELL0181,2026-05-13,03:22:05,2026-05-19,2026-05-21,20196.15,UPI,Delivered,,Nagpur,Web,Fashion
ORD0000342,CUST000075,SELL0415,2026-05-09,09:29:02,2026-05-13,2026-05-19,57121.78,Bank Transfer,Delayed,Courier Delay,Gurugram,Web,Sports
ORD0000343,CUST000322,SELL0254,2026-05-26,00:01:31,2026-06-01,2026-06-01,38505.98,Cash on Delivery,Delivered,,Hyderabad,Web,Home
ORD0000344,CUST000130,SELL0572,2026-06-10,05:31:13,2026-06-15,2026-06-13,26117.77,Bank Transfer,Delivered,,Jaipur,Web,Home
ORD0000345,CUST000680,SELL0647,2026-05-04,00:55:54,2026-05-06,,50330.35,Wallet,Cancelled,Payment Failed,Lucknow,Android,Home
ORD0000346,CUST000052,SELL0126,2026-06-13,23:00:23,2026-06-15,,59351.49,Wallet,Cancelled,Customer Cancelled,Ahmedabad,Android,Books
ORD0000347,CUST000398,SELL0318,2026-05-10,14:50:06,2026-05-14,2026-05-20,37998.47,Card,Returned,Wrong Item,Pune,Mobile Web,Sports
ORD0000348,CUST000976,SELL0075,2026-06-05,03:36:31,2026-06-12,2026-06-21,37537.82,Wallet,Delayed,Last Mile Capacity,Bengaluru,Web,Home
ORD0000349,CUST000911,SELL0817,2026-05-03,16:12:57,2026-05-09,,11676.86,Card,Processing,Address Verification,Ahmedabad,Web,Grocery
ORD0000350,CUST000012,SELL0275,2026-06-14,18:50:00,2026-06-19,2026-06-21,40850.16,Cash on Delivery,Returned,Wrong Item,Gurugram,iOS,Home
ORD0000351,CUST001107,SELL0396,2026-05-29,19:38:19,2026-06-03,,3457.33,Wallet,Cancelled,Seller Cancelled,Kochi,Mobile Web,Home
ORD0000352,CUST000349,SELL0900,2026-05-09,12:26:45,2026-05-14,2026-05-22,38834.31,Wallet,Delayed,Seller Dispatch Delay,Hyderabad,Web,Grocery
ORD0000353,CUST000659,SELL0463,2026-06-07,00:24:47,2026-06-14,2026-06-20,10296.0,Bank Transfer,Delayed,Courier Delay,Mumbai,iOS,Beauty
ORD0000354,CUST000077,SELL0837,2026-06-09,14:39:46,2026-06-13,2026-06-14,62316.13,UPI,Delivered,,Kolkata,Mobile Web,Sports
ORD0000355,CUST000262,SELL0416,2026-05-28,15:10:25,2026-06-04,2026-06-04,22118.95,UPI,Delivered,,Coimbatore,Web,Sports
ORD0000356,CUST001126,SELL0005,2026-05-28,13:10:20,2026-06-01,2026-05-31,47882.23,Wallet,Delivered,,Mumbai,Mobile Web,Mobiles
ORD0000357,CUST001182,SELL0030,2026-05-30,02:13:26,2026-06-03,2026-06-03,41393.36,Wallet, Delivered ,,Pune,Android,Home
ORD0000358,CUST000896,SELL0439,2026-06-12,02:03:28,2026-06-15,2026-06-24,56613.92,Bank Transfer,Delayed,Seller Dispatch Delay,Nagpur,Mobile Web,Books
ORD0000359,CUST000856,SELL0206,2026-06-14,07:07:42,2026-06-20,,55439.92,UPI,Processing,Warehouse Delay,Bengaluru,Web,Electronics
ORD0000360,CUST000746,SELL0026,2026-06-04,23:44:36,2026-06-09,,53636.84,Card,Processing,Address Verification,Delhi,Web,Appliances
ORD0000361,CUST000832,SELL0530,2026-05-03,23:29:46,2026-05-06,2026-05-06,31629.38,UPI,Delivered,,Noida,Mobile Web,Grocery
ORD0000362,CUST000362,SELL0997,2026-05-09,03:48:43,2026-05-16,2026-05-15,38479.41,Wallet,Delivered,,Delhi,iOS,Electronics
ORD0000363,CUST000667,SELL0709,2026-06-13,00:25:43,2026-06-19,,44305.22,Bank Transfer,Cancelled,Payment Failed,Pune,Android,Books
ORD0000364,CUST000784,SELL0479,2026-05-17,08:38:36,2026-05-23,2026-05-28,21703.1,Wallet,Delayed,Address Issue,Kolkata,Android,Beauty
ORD0000365,CUST000730,SELL0789,2026-05-18,09:21:00,2026-05-23,2026-05-24,51049.08,Cash on Delivery,Delivered,,Ahmedabad,Web,Furniture
ORD0000366,CUST000099,SELL0946,2026-05-06,11:00:10,2026-05-09,2026-05-09,21788.71,Wallet,Delivered,,Pune,Web,Home
ORD0000367,CUST000184,SELL0049,2026-05-20,04:23:58,2026-05-24,2026-05-24,17445.84,Wallet,Delivered,,Lucknow,Android,Mobiles
ORD0000368,CUST001149,SELL0743,2026-06-12,01:10:43,2026-06-17,2026-06-27,22506.99,Bank Transfer,Delayed,Address Issue,Kochi,Android,Grocery
ORD0000369,CUST000828,SELL0921,2026-05-16,14:04:22,2026-05-19,2026-05-19,22723.94,Bank Transfer,Delivered,,Bengaluru,Web,Grocery
ORD0000370,CUST000995,SELL0858,2026-06-08,06:35:12,2026-06-15,2026-06-21,16002.11,Cash on Delivery,Refund Pending,Payment Hold,Ahmedabad,Web,Home
ORD0000371,CUST000298,SELL0580,2026-06-12,22:34:37,2026-06-18,2026-06-28,7642.34,Bank Transfer,Delayed,Last Mile Capacity,Ahmedabad,Mobile Web,Beauty
ORD0000372,CUST000656,SELL0820,2026-05-13,15:53:50,2026-05-18,,33073.68,Cash on Delivery,Cancelled,Customer Cancelled,Mumbai,Mobile Web,Books
ORD0000373,CUST000536,SELL0591,2026-05-27,01:48:42,2026-06-03,,43922.02,Cash on Delivery,Processing,Address Verification,Hyderabad,Web,Mobiles
ORD0000374,CUST000679,SELL0024,2026-06-14,01:25:10,2026-06-19,2026-06-19,60387.04,Card,Delivered,,Nagpur,Web,Fashion
ORD0000375,CUST000486,SELL0514,2026-06-05,07:40:24,2026-06-09,2026-06-09,49776.3,Bank Transfer,Delivered,,Kochi,Android,Appliances
ORD0000376,CUST000517,SELL0096,2026-05-08,12:14:22,2026-05-10,2026-05-12,39607.72,Wallet,Returned,Customer Return,Ahmedabad,iOS,Beauty
ORD0000377,CUST000114,SELL0371,2026-05-19,07:38:26,2026-05-26,,13378.88,Cash on Delivery,Processing,Seller Dispatch Pending,Coimbatore,Web,Sports
ORD0000378,CUST000004,SELL0076,2026-05-30,02:31:25,2026-06-02,,56322.66,Cash on Delivery,Cancelled,Seller Cancelled,Hyderabad,Web,Beauty
ORD0000379,CUST000794,SELL0341,2026-06-01,00:20:40,2026-06-03,2026-06-04,38631.32,Wallet,Delivered,,Chennai,Mobile Web,Fashion
ORD0000380,CUST000596,SELL0470,2026-05-26,12:52:18,2026-06-02,2026-06-02,42696.46,Cash on Delivery,Delivered,, JAIPUR ,Web,Grocery
ORD0000381,CUST000731,SELL0311,2026-05-19,09:18:15,2026-05-24,,24378.78,UPI,Processing,Seller Dispatch Pending, GURUGRAM ,Android,Fashion
ORD0000382,CUST001198,SELL0325,2026-05-17,04:04:44,2026-05-22,2026-05-24,54934.51,UPI,Returned,Customer Return,Gurugram,Web,Fashion
ORD0000383,CUST000256,SELL0497,2026-05-28,20:36:52,2026-06-04,2026-06-04,15857.84,Cash on Delivery,Delivered,,Kochi,Android,Home
ORD0000384,CUST000292,SELL0298,2026-05-03,18:58:47,2026-05-10,2026-05-11,5556.39,Bank Transfer,Delivered,,Pune,Mobile Web,Beauty
ORD0000385,CUST000014,SELL0223,2026-05-17,02:44:03,2026-05-20,2026-05-20,12379.78,Bank Transfer,Delivered,,Ahmedabad,Android,Sports
ORD0000386,CUST000482,SELL0461,2026-05-26,18:05:33,2026-05-29,2026-05-29,33611.83,Card,Delivered,,Delhi,Web,Home
ORD0000387,CUST000960,SELL0612,2026-06-04,05:14:18,2026-06-06,2026-06-05,21424.95,Bank Transfer,Delivered,,Coimbatore,Mobile Web,Appliances
ORD0000388,CUST000599,SELL0204,2026-05-20,02:30:23,2026-05-22,2026-05-25,48949.29,UPI,Delayed,Courier Delay,Delhi,iOS,Fashion
ORD0000389,CUST000160,SELL0069,2026-06-14,01:23:11,2026-06-17,2026-06-20,45657.68,UPI,Returned,Customer Return,Chennai,Android,Home
ORD0000390,CUST000245,SELL0223,2026-05-24,10:53:47,2026-05-31,2026-06-02,7249.53,Card,Returned,Damaged Item,Gurugram,Mobile Web,Sports
ORD0000391,CUST000113,SELL0298,2026-05-23,03:39:46,2026-05-28,2026-06-04,18092.53,Wallet,Delayed,Address Issue,Noida,Web,Beauty
ORD0000392,CUST000458,SELL0821,2026-05-14,01:04:31,2026-05-19,,7750.05,UPI,Cancelled,Payment Failed,Jaipur,Android,Mobiles
ORD0000393,CUST001176,SELL0952,2026-05-21,08:47:24,2026-05-24,2026-05-25,5202.92,Bank Transfer,Delivered,,Coimbatore,iOS,Appliances
ORD0000394,CUST000212,SELL0311,2026-05-02,18:44:55,2026-05-06,2026-05-06,45871.55,Bank Transfer,Delivered,,Indore,Mobile Web,Fashion
ORD0000395,CUST000789,SELL0701,2026-06-05,14:53:48,2026-06-11,2026-06-10,40334.67,UPI,DELIVERED,,Kolkata,iOS,Electronics
ORD0000396,CUST000546,SELL0554,2026-05-02,10:42:36,2026-05-06,2026-05-05,9569.92,UPI,Delivered,,Hyderabad,Mobile Web,Sports
ORD0000397,CUST000942,SELL0083,2026-05-15,08:22:18,2026-05-20,2026-05-24,59309.84,UPI,Delayed,Courier Delay,Bengaluru,Mobile Web,Fashion
ORD0000398,CUST000653,SELL0914,2026-05-30,22:19:41,2026-06-04,2026-06-03,64335.35,Bank Transfer,Delivered,,Kolkata,Web,Furniture
ORD0000399,CUST000321,SELL0170,2026-05-21,15:40:03,2026-05-27,2026-06-03,57752.85,Cash on Delivery,Returned,Customer Return,Jaipur,Web,Books
ORD0000400,CUST000761,SELL0797,2026-05-10,15:54:35,2026-05-16,2026-05-16,11907.87,Wallet,Delivered,,Coimbatore,Web,Fashion
ORD0000401,CUST001123,SELL0295,2026-06-02,10:11:46,2026-06-06,2026-06-05,40354.52,UPI,Delivered,,Pune,Android,Appliances
ORD0000402,CUST000225,SELL0410,2026-06-12,05:19:42,2026-06-18,2026-06-17,49520.78,UPI,Delivered,,Noida,iOS,Home
ORD0000403,CUST000779,SELL0336,2026-05-18,15:16:09,2026-05-22,2026-05-23,29273.0,Bank Transfer,Delivered,,Chennai,iOS,Sports
ORD0000404,CUST000398,SELL0766,2026-05-11,04:04:05,2026-05-15,2026-05-14,7333.61,UPI,Delivered,,Lucknow,Mobile Web,Books
ORD0000405,CUST000913,SELL0825,2026-05-05,19:57:25,2026-05-09,2026-05-08,39586.07,Cash on Delivery,Delivered,,Kolkata,iOS,Appliances
ORD0000406,CUST000810,SELL0725,2026-05-23,17:25:41,2026-05-29,,8993.9,Card,Cancelled,Payment Failed,Nagpur,iOS,Electronics
ORD0000407,CUST001073,SELL0203,2026-06-08,17:53:02,2026-06-13,2026-06-14,57109.0,Card,Delivered,,Kolkata,Android,Appliances
ORD0000408,CUST000641,SELL0302,2026-05-14,16:15:05,2026-05-18,2026-05-19,4849.4,UPI,Delivered,,Coimbatore,Mobile Web,Electronics
ORD0000409,CUST000539,SELL0452,2026-05-28,18:01:16,2026-05-31,2026-05-30,13800.94,UPI,Delivered,,Coimbatore,Android,Books
ORD0000410,CUST000703,SELL0743,2026-05-20,01:29:50,2026-05-22,,55407.14,UPI,Processing,Warehouse Delay,Lucknow,Web,Grocery
ORD0000411,CUST000618,SELL0338,2026-05-21,02:51:31,2026-05-28,2026-05-30,28661.75,Wallet,Delivered,,Jaipur,Web,Beauty
ORD0000412,CUST000018,SELL0012,2026-05-08,07:48:56,2026-05-15,2026-05-14,50980.92,UPI,Delivered,, CHENNAI ,iOS,Fashion
ORD0000413,CUST000827,SELL0482,2026-06-02,22:50:43,2026-06-08,2026-06-08,39002.42,Cash on Delivery,Delivered,,Lucknow,Mobile Web,Sports
ORD0000414,CUST000115,SELL0617,2026-05-05,01:24:25,2026-05-09,2026-05-17,6583.37,UPI,Returned,Size Issue,Delhi,Mobile Web,Electronics
ORD0000415,CUST000291,SELL0574,2026-06-12,22:43:54,2026-06-14,,27469.45,Card,Processing,Warehouse Delay,Indore,Android,Home
ORD0000416,CUST000048,SELL0066,2026-05-26,21:48:03,2026-06-01,2026-06-02,29160.2,Card,Delivered,,Kochi,Mobile Web,Books
ORD0000417,CUST000635,SELL0444,2026-05-31,16:06:21,2026-06-07,2026-06-05,41057.24,Wallet,Delivered,,Delhi,Web,Home
ORD0000418,CUST000513,SELL0103,2026-05-19,22:59:39,2026-05-21,2026-05-21,63768.92,Wallet,Delivered,,Bengaluru,Mobile Web,Books
ORD0000419,CUST000211,SELL0005,2026-05-19,14:57:50,2026-05-21,2026-05-22,36469.61,UPI,Delivered,,Bengaluru,Web,Mobiles
ORD0000420,CUST001082,SELL0357,2026-05-06,08:37:17,2026-05-09,2026-05-14,57524.59,Bank Transfer,Refund Pending,Refund Awaited,Lucknow,Android,Beauty
ORD0000421,CUST000691,SELL0255,2026-06-10,01:22:00,2026-06-15,2026-06-14,9303.16,Card,Delivered,,Kochi,Mobile Web,Grocery
ORD0000422,CUST000756,SELL0957,2026-06-08,07:24:16,2026-06-14,,46937.94,Cash on Delivery,Processing,Address Verification,Mumbai,iOS,Mobiles
ORD0000423,CUST001038,SELL0478,2026-06-10,09:55:44,2026-06-13,,17449.95,Card,Cancelled,Customer Cancelled,Pune,Web,Beauty
ORD0000424,CUST001142,SELL0558,2026-06-07,17:09:04,2026-06-09,2026-06-07,25577.52,UPI,Delivered,,Gurugram,Android,Grocery
ORD0000425,CUST000053,SELL0742,2026-05-15,17:49:16,2026-05-21,,50619.46,Wallet,Cancelled,Payment Failed,Indore,iOS,Beauty
ORD0000426,CUST001072,SELL0054,2026-06-12,22:19:21,2026-06-15,2026-06-17,45248.56,UPI,Delayed,Last Mile Capacity,Kolkata,Mobile Web,Books
ORD0000427,CUST000760,SELL0458,2026-06-01,22:31:49,2026-06-07,2026-06-08,34110.46,Wallet,Delivered,,Coimbatore,Mobile Web,Appliances
ORD0000428,CUST000637,SELL0958,2026-05-20,01:35:33,2026-05-26,,15707.27,UPI,Processing,Seller Dispatch Pending,Delhi,Mobile Web,Fashion
ORD0000429,CUST000627,SELL0756,2026-05-17,11:30:44,2026-05-19,2026-05-24,35876.88,Bank Transfer,Refund Pending,Return Pickup Pending,Noida,Web,Mobiles
ORD0000430,CUST000930,SELL0656,2026-06-02,06:00:13,2026-06-07,2026-06-06,23222.46,Wallet,Delivered,,Pune,Web,Mobiles
ORD0000431,CUST000609,SELL0973,2026-05-12,01:02:54,2026-05-15,2026-05-16,46592.49,Card,Delivered,,Hyderabad,Android,Appliances
ORD0000432,CUST000129,SELL0399,2026-05-06,20:59:24,2026-31-05,,14470.69,UPI,Cancelled,Seller Cancelled,Mumbai,iOS,Grocery
ORD0000433,CUST000046,SELL0249,2026-06-12,05:45:23,2026-06-17,2026-06-18,53029.02,Wallet,Delivered,, COIMBATORE ,Web,Electronics
ORD0000434,CUST000088,SELL0404,2026-05-14,15:37:30,2026-05-16,2026-05-20,63740.76,Bank Transfer,Refund Pending,Payment Hold,Coimbatore,Android,Mobiles
ORD0000435,CUST000126,SELLX9351,2026-05-24,12:53:40,2026-05-26,2026-05-26,45114.26,Cash on Delivery,Delivered,,Jaipur,Android,Mobiles
ORD0000436,CUST001127,SELL0849,2026-06-04,03:20:49,2026-06-08,2026-06-06,35216.24,Bank Transfer,Delivered,,Noida,Web,Home
ORD0000437,CUST000782,SELL0297,2026-05-01,20:59:45,2026-05-07,2026-05-06,53567.75,Cash on Delivery,Delivered,,Indore,Web,Appliances
ORD0000438,CUST000222,SELL0356,2026-06-07,14:32:39,2026-06-11,2026-06-13,6880.27,Card,Delivered,,Kolkata,iOS,Electronics
ORD0000439,CUST001054,SELL0104,2026-06-08,13:40:38,2026-06-12,2026-06-19,57087.51,UPI,Returned,Damaged Item,Mumbai,iOS,Grocery
ORD0000440,CUST000808,SELL0229,2026-05-15,16:46:29,2026-05-17,2026-05-26,29326.18,UPI,Delayed,Weather Delay,Kolkata,Mobile Web,Mobiles
ORD0000441,CUST001075,SELL0316,2026-06-12,23:47:55,2026-06-18,,41990.95,UPI,Processing,Seller Dispatch Pending,Mumbai,Web,Grocery
ORD0000442,CUST000237,SELL0170,2026-06-05,06:27:34,2026-06-08,2026-06-09,21070.24,UPI,Delivered,,Kolkata,Web,Books
ORD0000443,CUST000312,SELL0587,2026-05-02,01:07:08,2026-05-07,2026-05-09,6605.42,CARD,Delivered,,Ahmedabad,iOS,Books
ORD0000444,CUST000586,SELL0294,2026-05-29,02:09:34,2026-06-03,2026-06-03,40801.1,Bank Transfer,Delivered,,Coimbatore,Mobile Web,Home
ORD0000445,CUST000824,SELL0594,2026-06-14,16:07:00,2026-06-18,,27429.55,UPI,Cancelled,Payment Failed,Ahmedabad,Android,Furniture
ORD0000446,CUST000869,SELL0025,2026-06-05,17:40:58,2026-06-10,2026-06-12,8273.0,UPI,Delivered,,Ahmedabad,iOS,Fashion
ORD0000447,CUST000157,SELL0751,2026-05-29,05:39:08,2026-06-04,,37023.82,Card,Cancelled,Customer Cancelled,Bengaluru,iOS,Books
ORD0000448,CUST001151,SELL0460,2026-05-05,19:23:11,2026-05-12,2026-05-11,25995.63,Bank Transfer,Delivered,,Ahmedabad,Mobile Web,Home
ORD0000449,CUST000803,SELL0595,2026-06-12,15:17:53,2026-06-19,2026-06-29,46038.73,UPI,Delayed,Seller Dispatch Delay,Kochi,Android,Sports
ORD0000450,CUST000356,SELL0205,2026-06-01,22:35:28,2026-06-03,,16763.73,UPI,Cancelled,Seller Cancelled, KOCHI ,Mobile Web,Books
ORD0000451,CUST001186,SELL0258,2026-05-21,05:05:22,2026-05-27,2026-05-26,59630.27,Wallet,Delivered,,Lucknow,iOS,Furniture
ORD0000452,CUST000499,SELL0612,2026-05-07,02:22:18,2026-05-13,,6149.42,UPI,Cancelled,Payment Failed,Indore,Web,Appliances
ORD0000453,CUST000676,SELL0986,2026-05-11,16:08:11,2026-05-18,2026-05-18,39104.46,Bank Transfer,Delivered,,Indore,Web,Electronics
ORD0000454,CUST001045,SELL0156,2026-06-11,05:33:49,2026-06-18,2026-06-25,9068.95,Bank Transfer,Delayed,Courier Delay,Gurugram,iOS,Furniture
ORD0000455,CUST000717,SELL0142,2026-05-04,10:05:47,2026-05-08,,27333.02,Wallet,Processing,Address Verification,Kochi,Android,Furniture
ORD0000456,CUST001026,SELL0889,2026-05-23,20:29:41,2026-05-26,2026-05-27,49866.45,Cash on Delivery,Delivered,,Gurugram,Web,Beauty
ORD0000457,CUST000608,SELL0267,2026-05-14,13:03:00,2026-05-17,2026-05-17,31419.53,UPI,Delivered,,Indore,Android,Sports
ORD0000458,CUST000838,SELL0594,2026-05-25,03:10:52,2026-05-28,2026-05-27,32105.68,Card,Delivered,,Noida,Mobile Web,Furniture
ORD0000459,CUST000829,SELL0580,2026-05-04,13:42:41,2026-05-10,2026-05-10,11538.52,Card,Delivered,,Kolkata,iOS,Beauty
ORD0000460,CUST000704,SELL0480,2026-05-13,22:06:32,2026-05-15,2026-05-15,62152.12,Card,Delivered,,Hyderabad,Web,Fashion
ORD0000461,CUST000377,SELL0542,2026-05-30,09:41:34,2026-06-05,2026-06-04,45319.89,Wallet,Delivered,,Gurugram,Mobile Web,Sports
ORD0000462,CUST000229,SELL0376,2026-06-03,02:15:15,2026-06-10,,19938.45,Wallet,Cancelled,Seller Cancelled,Ahmedabad,Web,Home
ORD0000463,CUST000881,SELL0378,2026-06-06,09:55:51,2026-06-12,2026-06-19,43345.46,Wallet,Refund Pending,Payment Hold,Gurugram,Android,Beauty
ORD0000464,CUST000889,SELL0673,2026-05-27,21:38:20,2026-06-03,2026-06-04,9184.39,Cash on Delivery,Delivered,,Pune,Mobile Web,Furniture
ORD0000465,CUST001198,SELL0772,2026-05-21,22:45:53,2026-05-27,2026-05-27,42193.19,Bank Transfer,Delivered,,Kolkata,Android,Sports
ORD0000466,CUST000811,SELL0259,2026-05-06,10:47:57,2026-05-09,2026-05-08,12025.51, UPI ,Delivered,,Delhi,iOS,Books
ORD0000467,CUST000546,SELL0670,2026-06-07,17:25:33,2026-06-10,2026-06-09,15122.94,Wallet,Delivered,,Chennai,iOS,Electronics
ORD0000468,CUST000406,SELL0011,2026-05-21,18:02:01,2026-05-26,2026-05-26,45787.61,UPI,Delivered,, AHMEDABAD ,Mobile Web,Sports
ORD0000469,CUST001090,SELL0840,2026-05-02,12:56:53,2026-05-04,2026-05-06,26160.32,UPI,Delivered,,Gurugram,Web,Furniture
ORD0000470,CUST000808,SELL0849,2026-05-18,10:59:29,2026-05-25,2026-05-23,47094.68,UPI,Delivered,,Chennai,iOS,Home
ORD0000471,CUST000865,SELL0782,2026-06-04,09:28:07,2026-06-08,,8370.2,UPI,Processing,Warehouse Delay,Gurugram,iOS,Sports
ORD0000472,CUST001188,SELL0380,2026-05-30,10:23:12,2026-06-04,2026-06-11,4440.04,Bank Transfer,Delayed,Last Mile Capacity,Indore,iOS,Grocery
ORD0000473,CUST000144,SELL0854,2026-05-23,03:33:01,2026-05-28,,48780.04,UPI,Cancelled,Customer Cancelled,Indore,iOS,Beauty
ORD0000474,CUST000120,SELL0236,2026-05-31,17:46:57,2026-06-06,2026-06-05,6674.02,Cash on Delivery,Delivered,,Ahmedabad,Web,Fashion
ORD0000475,CUST001093,SELL0582,2026-05-14,12:18:46,2026-05-21,2026-05-20,3963.85,UPI,Delivered,,Nagpur,Android,Home
ORD0000476,CUST000103,SELL0728,2026-05-10,04:45:02,2026-05-16,2026-05-16,25581.21,Card,Delivered,,Mumbai,iOS,Fashion
ORD0000477,CUST000900,SELL0847,2026-05-31,19:52:47,2026-06-03,2026-06-04,50512.43,Card,Delivered,,Hyderabad,Mobile Web,Fashion
ORD0000478,CUST000258,SELL0657,2026-05-21,20:39:31,2026-05-23,2026-05-29,24805.35,Wallet,Returned,Damaged Item,Bengaluru,iOS,Mobiles
ORD0000479,CUST000558,SELL0975,2026-05-24,18:35:06,2026-05-28,2026-05-27,45066.18,Wallet,Delivered,,Hyderabad,iOS,Books
ORD0000480,CUST000165,SELL0510,2026-05-04,17:21:16,2026-05-11,2026-05-20,16438.53,Bank Transfer,Returned,Customer Return,Indore,Android,Books
ORD0000481,CUST001050,SELL0908,2026-06-05,21:48:37,2026-06-10,2026-06-10,8493.36,UPI,Delivered,,Nagpur,Mobile Web,Grocery
ORD0000482,CUST000974,SELL0967,2026-05-19,11:17:23,2026-05-21,2026-05-22,21974.89,UPI,Delivered,,Gurugram,Android,Grocery
ORD0000483,CUST000928,SELL0480,2026-06-01,09:12:32,2026-06-05,2026-06-03,9718.38,Card,Delivered,,Kolkata,Web,Fashion
ORD0000484,CUST000808,SELL0641,2026-05-15,03:01:48,2026-05-21,2026-05-31,50137.35,UPI,Delayed,Address Issue,Pune,Web,Electronics
ORD0000485,CUST000761,SELL0256,2026-05-08,10:29:14,2026-05-10,2026-05-10,27054.49,Card,Delivered,,Noida,Android,Furniture
ORD0000486,CUST000916,SELL0387,2026-06-05,03:23:26,2026-06-07,2026-06-09,59696.65,UPI,Refund Pending,Refund Awaited,Chennai,Mobile Web,Grocery
ORD0000487,CUST000591,SELL0637,2026-06-13,07:40:33,2026-06-17,2026-06-16,10957.17,Cash on Delivery,Delivered,,Ahmedabad,Web,Furniture
ORD0000488,CUST000898,SELL0206,2026-05-01,19:19:14,2026-05-03,2026-05-03,63337.12,Wallet,Delivered,,Jaipur,Web,Electronics
ORD0000489,CUST000684,SELL0648,2026-05-19,09:21:04,2026-05-21,2026-05-23,8129.02,Cash on Delivery,Delivered,,Kolkata,iOS,Home
ORD0000490,CUST000226,SELL0822,2026-05-28,03:58:51,2026-05-31,2026-05-31,37475.45,Card,Delivered,,Noida,Android,Home
ORD0000491,CUST000550,SELL0278,2026-05-16,11:32:18,2026-05-18,2026-05-23,22955.8,Cash on Delivery,Refund Pending,Payment Hold,Indore,iOS,Appliances
ORD0000492,CUST000696,SELL0554,2026-05-12,14:08:06,2026-05-19,2026-05-18,4967.96,Bank Transfer,Delivered,,Bengaluru,Web,Sports
ORD0000493,CUST000410,SELL0552,2026-06-07,16:30:52,2026-06-09,2026-06-10,15583.06,Cash on Delivery,Delivered,,Nagpur,iOS,Appliances
ORD0000494,CUST000342,SELL0216,2026-05-10,14:53:49,2026-05-16,2026-05-16,36695.98,Wallet,Delivered,,Kolkata,Web,Fashion
ORD0000495,CUST000947,SELL0008,2026-05-09,15:40:24,2026-05-14,2026-05-14,60742.42,Card,Delivered,,Gurugram,iOS,Grocery
ORD0000496,CUST001076,SELL0094,2026-05-26,02:19:05,2026-06-02,2026-06-02,11571.18,Cash on Delivery,Delivered,,Nagpur,Mobile Web,Sports
ORD0000497,CUST001165,SELL0035,2026-05-18,23:30:31,2026-05-24,2026-05-24,59247.81,Cash on Delivery,Delivered,,Mumbai,iOS,Grocery
ORD0000498,CUST000777,SELL0241,2026-05-26,03:02:59,2026-05-31,2026-05-31,44569.3,Wallet,Delivered,,Indore,Web,Sports
ORD0000499,CUST000680,SELL0536,2026-06-13,02:29:14,2026-06-16,,55282.24,Cash on Delivery,Lost,Package Lost,Pune,iOS,Electronics
ORD0000500,CUST000795,SELL0644,2026-06-13,16:49:45,2026-06-16,2026-06-20,930.8,Bank Transfer,Returned,Size Issue,Jaipur,Mobile Web,Grocery
ORD0000501,CUST000328,SELL0316,2026-06-12,19:58:00,2026-06-15,,12994.31,UPI,Processing,Warehouse Delay,Ahmedabad,Mobile Web,Grocery
ORD0000502,CUST000295,SELL0966,2026-05-30,19:44:49,2026-06-01,2026-06-02,37055.71,Cash on Delivery,Delivered,,Nagpur,Mobile Web,Furniture
ORD0000503,CUST000443,SELL0828,2026-05-09,14:07:20,2026-05-15,,48403.04,Card,Cancelled,Payment Failed,Hyderabad,Mobile Web,Sports
ORD0000504,CUST000446,SELL0930,2026-05-29,11:48:20,2026-06-04,2026-06-06,39033.43,Cash on Delivery,Delivered,,Mumbai,Web,Fashion
ORD0000505,CUST000285,SELL0048,2026-06-14,07:58:06,2026-06-18,,37980.13,Wallet,Processing,Warehouse Delay,Indore,Web,Appliances
ORD0000506,CUST000371,SELL0936,2026-06-01,22:11:02,2026-06-08,2026-06-08,13960.59,UPI,Delivered,,Nagpur,iOS,Grocery
ORD0000507,CUST000689,SELL0081,2026-05-13,17:04:23,2026-05-20,2026-05-21,28674.57,UPI,Returned,Wrong Item,Coimbatore,iOS,Sports
ORD0000508,CUST000648,SELL0791,2026-06-09,13:36:46,2026-06-13,2026-06-13,23502.62,Cash on Delivery,Delivered,,Lucknow,Android,Furniture
ORD0000509,CUST000919,SELL0182,2026-05-09,05:40:28,2026-05-16,2026-05-15,8805.99,Cash on Delivery,Delivered,,Lucknow,Web,Beauty
ORD0000510,CUST000474,SELL0796,2026-05-14,18:49:43,2026-05-19,2026-05-19,21197.02,UPI,Delivered,,Kolkata,Mobile Web,Grocery
ORD0000511,CUST000137,SELL0910,2026-06-11,21:35:12,2026-06-15,2026-06-23,28463.7,Bank Transfer,Delayed,Seller Dispatch Delay,Mumbai,Web,Appliances
ORD0000512,CUST000904,SELL0854,2026-05-26,18:23:26,2026-06-01,2026-06-02,42541.18,Cash on Delivery,Delivered,,Ahmedabad,Mobile Web,Beauty
ORD0000513,CUST000727,SELL0882,2026-05-13,03:17:03,2026-05-18,2026-05-26,52566.87,Card,Returned,Wrong Item,Delhi,Android,Electronics
ORD0000514,CUST000441,SELL0318,2026-06-04,23:46:02,2026-06-11,2026-06-18,64723.25, Wallet ,Returned,Size Issue,Lucknow,Mobile Web,Sports
ORD0000515,CUST001022,SELL0756,2026-05-19,12:03:56,2026-05-26,2026-05-24,35727.25,Bank Transfer,Delivered,,Hyderabad,Android,Mobiles
ORD0000516,CUST000097,SELL0972,2026-05-10,13:14:57,2026-05-14,2026-05-15,44499.3,Bank Transfer,Refund Pending,Return Pickup Pending,Bengaluru,Web,Sports
ORD0000517,CUST000182,SELL0194,2026-05-18,03:58:16,2026-05-21,2026-05-21,29617.92,Card,Delivered,,Mumbai,Mobile Web,Home
ORD0000518,CUST000554,SELL0659,2026-05-14,21:07:45,2026-05-17,2026-05-25,58371.97,Card,delayed,Courier Delay,Kolkata,Web,Books
ORD0000519,CUST000313,SELL0761,2026-05-31,10:39:24,2026-06-05,2026-06-03,15685.82,UPI,Delivered,,Noida,Web,Home
ORD0000520,CUST000143,SELL0320,2026-05-01,14:49:00,2026-05-08,2026-05-07,9154.49,Card,Delivered,,Nagpur,iOS,Electronics
ORD0000521,CUST000500,SELLX9846,2026-05-12,19:05:51,2026-05-15,2026-05-26,10987.07,Card,Delayed,Courier Delay,Indore,Web,Grocery
ORD0000522,CUST001052,SELL0878,2026-05-27,14:14:22,2026-06-03,2026-06-06,40985.75, UPI , Refund Pending ,Return Pickup Pending,Ahmedabad,Web,Beauty
ORD0000523,CUST000564,SELL0595,2026-06-04,13:11:48,2026-06-07,,40131.27,Card,Cancelled,Seller Cancelled,Lucknow,Android,Sports
ORD0000524,CUST000780,SELL0543,2026-05-12,19:32:55,2026-05-14,2026-05-14,24634.29,Bank Transfer,Delivered,,Bengaluru,Android,Beauty
ORD0000525,CUST001014,SELL0855,2026-05-01,17:46:23,2026-05-03,2026-05-03,44482.05,UPI,Delivered,,Ahmedabad,Mobile Web,Fashion
ORD0000526,CUST001068,SELL0691,2026-05-07,11:19:51,2026-05-09,2026-05-17,59978.86,Card,Delayed,Courier Delay,Bengaluru,Web,Fashion
ORD0000527,CUST000377,SELL0979,2026-05-20,00:22:46,2026-05-23,2026-05-23,6479.86,UPI,Delivered,,Gurugram,Android,Fashion
ORD0000528,CUST001079,SELL0306,2026-06-02,20:50:12,2026-06-09,2026-06-09,42732.19,Card,Delivered,,Mumbai,Android,Beauty
ORD0000529,CUST001142,SELL0229,2026-06-11,13:53:45,2026-06-18,2026-06-22,57214.09,Bank Transfer,Delayed,Last Mile Capacity,Noida,iOS,Mobiles
ORD0000530,CUST001108,SELL0545,2026-06-13,15:42:06,2026-06-15,2026-06-22,18561.89,Cash on Delivery,Refund Pending,Payment Hold,Mumbai,Android,Sports
ORD0000531,CUST000692,SELL0179,2026-05-04,11:03:04,2026-05-06,2026-05-06,39463.43,BANK TRANSFER,Delivered,,Coimbatore,Web,Beauty
ORD0000532,CUST000401,SELL0805,2026-05-09,22:45:50,2026-05-13,2026-05-11,28350.43,Cash on Delivery,Delivered,,Noida,Mobile Web,Beauty
ORD0000533,CUST000176,SELL0666,2026-05-26,07:27:22,2026-06-01,2026-06-01,43000.68,UPI,Delivered,,Lucknow,Android,Sports
ORD0000534,CUST001153,SELL0807,2026-05-04,00:17:12,2026-05-06,,46120.54,Bank Transfer,Cancelled,Seller Cancelled,Kolkata,iOS,Books
ORD0000535,CUST000983,SELL0959,2026-06-08,04:14:37,2026-06-15,,8789.21,Cash on Delivery,Processing,Seller Dispatch Pending,Jaipur,Web,Appliances
ORD0000536,CUST000969,SELL0810,2026-06-11,19:11:40,2026-06-17,2026-06-20,35700.02,Cash on Delivery,DELAYED,Last Mile Capacity,Pune,iOS,Furniture
ORD0000537,CUST000846,SELL0448,2026-06-09,04:15:27,2026-06-11,2026-06-10,36225.48,Cash on Delivery,Delivered,,Lucknow,Web,Electronics
ORD0000538,CUST000477,SELL0917,2026-06-06,18:04:23,2026-06-09,2026-06-09,1269.9,Card,Delivered,,Delhi,Web,Home
ORD0000539,CUST000347,SELL0256,2026-05-18,19:21:50,2026-05-24,2026-05-25,49203.46,Card,Delivered,,Lucknow,iOS,Furniture
ORD0000540,CUST000210,SELL0871,2026-05-15,18:13:23,2026-05-18,2026-05-17,43456.53,UPI,Delivered,,Nagpur,Mobile Web,Grocery
ORD0000541,CUST000349,SELL0809,2026-05-27,07:12:38,2026-06-03,2026-06-03,1353.66,Bank Transfer,Delivered,,Hyderabad,Mobile Web,Books
ORD0000542,CUST000249,SELL0777,2026-06-09,23:54:40,2026-06-15,2026-06-16,46835.97,Bank Transfer,Returned,Size Issue,Kochi,Web,Sports
ORD0000543,CUST000179,SELL0147,2026-05-12,18:03:37,2026-05-18,2026-05-26,12984.2,Wallet,Returned,Customer Return,Chennai,Android,Sports
ORD0000544,CUST000815,SELL0325,2026-05-08,05:39:15,2026-05-12,2026-05-13,9531.07,Card,Delivered,,Lucknow,Android,Fashion
ORD0000545,CUST001064,SELL0369,2026-05-17,20:12:32,2026-05-19,2026-05-26,64782.69,Bank Transfer,Refund Pending,Refund Awaited,Noida,iOS,Books
ORD0000546,CUST001142,SELL0738,2026-05-26,13:06:01,2026-06-02,2026-06-03,63978.12,Card,Delivered,,Ahmedabad,Mobile Web,Appliances
ORD0000547,CUST000484,SELL0409,2026-06-14,10:25:36,2026-06-17,2026-06-17,46489.34,Bank Transfer,Delivered,,Gurugram,Web,Home
ORD0000548,CUST000931,SELL0485,2026-05-23,12:00:28,2026-05-29,2026-06-06,14234.53,Wallet,Returned,Wrong Item,Ahmedabad,iOS,Fashion
ORD0000549,CUST001135,SELL0732,2026-05-17,17:21:59,2026-05-20,2026-05-20,54987.1,Cash on Delivery,DELIVERED,,Nagpur,Mobile Web,Grocery
ORD0000550,CUST000656,SELL0540,2026-05-07,10:05:09,2026-05-12,2026-05-18,63324.84,UPI,Delayed,Seller Dispatch Delay,Kolkata,Android,Appliances
ORD0000551,CUST000007,SELL0566,2026-06-05,05:33:28,2026-06-08,2026-06-15,54037.66,Wallet,Delayed,Seller Dispatch Delay,Kolkata,iOS,Sports
ORD0000552,CUST000090,SELL0429,2026-05-08,22:06:55,2026-05-13,2026-05-22,60637.05,CASH ON DELIVERY,Returned,Damaged Item, AHMEDABAD ,Android,Furniture
ORD0000553,CUST000005,SELL0757,2026-05-14,15:20:55,2026-05-18,2026-05-26,8518.69,Bank Transfer,Delayed,Courier Delay,Coimbatore,Android,Appliances
ORD0000554,CUST000449,SELL0464,2026-06-07,01:10:07,2026-06-11,,51280.17,Card,Cancelled,Seller Cancelled,Noida,Web,Sports
ORD0000555,CUST000284,SELL0800,2026-05-08,15:58:01,2026-05-15,2026-05-14,40020.78,UPI,Delivered,,Mumbai,Mobile Web,Home
ORD0000556,CUST000583,SELL0549,2026-06-10,23:28:25,2026-06-14,2026-06-14,25675.9,Cash on Delivery,Delivered,,Chennai,Web,Books
ORD0000557,CUST000556,SELL0344,2026-05-05,07:56:56,2026-05-09,2026-05-09,21063.37,Card,Delivered,,Gurugram,Mobile Web,Books
ORD0000558,CUST000024,SELL0255,2026-05-10,05:42:31,2026-05-16,2026-05-16,28132.61,Bank Transfer,Delivered,,Delhi,Web,Grocery
ORD0000559,CUST000095,SELL0183,2026-06-05,05:15:34,2026-06-10,,14656.96,Cash on Delivery,Cancelled,Payment Failed,Jaipur,Web,Home
ORD0000560,CUST000410,SELL0164,2026-05-16,02:16:26,2026-05-21,,60611.7,Bank Transfer,Processing,Address Verification,Delhi,iOS,Sports
ORD0000561,CUST000234,SELL0572,2026-06-06,02:57:45,2026-06-13,2026-06-18,18844.89,Bank Transfer,Delayed,Seller Dispatch Delay,Delhi,Android,Home
ORD0000562,CUST000717,SELL0295,2026-06-03,18:06:27,2026-06-08,2026-06-13,31516.53,Bank Transfer,Refund Pending,Refund Awaited,Coimbatore,Web,Appliances
ORD0000563,CUST000034,SELL0830,2026-05-06,19:19:00,2026-05-11,,19905.61,Wallet,Processing,Address Verification,Kolkata,Mobile Web,Books
ORD0000564,CUST000574,SELL0131,2026-05-10,06:22:20,2026-05-14,2026-05-14,53173.87,Cash on Delivery,Delivered,,Mumbai,iOS,Fashion
ORD0000565,CUST000085,SELL0982,2026-05-14,00:57:38,2026-05-20,,14728.36,Card,CANCELLED,Customer Cancelled,Jaipur,Android,Books
ORD0000566,CUST000063,SELL0042,2026-05-28,03:41:48,2026-06-01,2026-06-03,8010.07,Bank Transfer,Delivered,,Chennai,Android,Books
ORD0000567,CUST000019,SELL0204,2026-05-27,15:45:59,2026-06-03,2026-06-03,46711.28,Bank Transfer,Delivered,,Kolkata,Mobile Web,Fashion
ORD0000568,CUST000208,SELL0823,2026-05-22,09:41:33,2026-05-24,2026-05-29,4240.47,UPI,Returned,Wrong Item,Hyderabad,iOS,Sports
ORD0000569,CUST000143,SELL0684,2026-06-14,12:08:41,2026-06-19,2026-06-19,26339.36,Wallet,Delivered,,Kochi,iOS,Mobiles
ORD0000570,CUST000344,SELL0643,2026-06-06,17:49:07,2026-06-13,2026-06-16,43147.37,Bank Transfer,Delayed,Last Mile Capacity,Kochi,iOS,Home
ORD0000571,CUST000957,SELL0988,2026-06-02,02:10:14,2026-06-08,2026-06-07,23376.55,Cash on Delivery,Delivered,,Indore,Web,Furniture
ORD0000572,CUST000722,SELL0862,2026-05-14,18:30:59,2026-05-18,,54268.64,Wallet,Lost,Package Lost,Delhi,Android,Beauty
ORD0000573,CUST000478,SELL0460,2026-05-18,06:35:38,2026-05-22,2026-05-21,33027.66,Card,Delivered,,Hyderabad,iOS,Home
ORD0000574,CUSTX966307,SELL0961,2026-06-13,20:43:24,2026-06-17,2026-06-19,52134.63,Bank Transfer,Delivered,,Pune,Web,Electronics
ORD0000575,CUST000749,SELL0918,2026-06-14,02:38:27,2026-06-17,,27481.46,Cash on Delivery,Cancelled,Customer Cancelled,Jaipur,Android,Sports
ORD0000576,CUST000090,SELL0283,2026-05-16,03:57:46,2026-05-21,2026-05-22,19447.45,UPI,Delivered,,Jaipur,Mobile Web,Home
ORD0000577,CUST000015,SELL0870,2026-05-26,22:45:27,2026-06-02,2026-06-02,-299.0,UPI,Delivered,,Chennai,Web,Mobiles
ORD0000578,CUST000054,SELL0470,2026-06-03,18:00:10,2026-06-09,2026-06-20,33737.82,Cash on Delivery,Delayed,Last Mile Capacity,Nagpur,Web,Grocery
ORD0000579,CUST000071,SELL0557,2026-06-12,10:31:28,2026-06-16,2026-06-17,7468.25,Wallet,Delivered,,Nagpur,Mobile Web,Books
ORD0000580,CUST001190,SELL0769,2026-06-03,00:48:39,2026-06-05,2026-06-14,45762.84,Bank Transfer,Delayed,Courier Delay,Ahmedabad,iOS,Electronics
ORD0000581,CUST001108,SELL0461,2026-05-15,18:28:16,2026-05-20,2026-05-19,60976.79,Wallet,Delivered,,Lucknow,Web,Home
ORD0000582,CUST001162,SELL0581,2026-05-18,22:26:08,2026-05-24,2026-05-22,25587.09,Card,Delivered,,Coimbatore,Web,Mobiles
ORD0000583,CUST000527,SELL0802,2026-06-12,03:25:48,2026-06-17,2026-06-27,64293.32,Wallet,Delayed,Address Issue,Coimbatore,Android,Appliances
ORD0000584,CUST000764,SELL0981,2026-05-27,08:12:40,2026-06-01,2026-05-31,32754.5,Bank Transfer,Delivered,,Nagpur,Mobile Web,Beauty
ORD0000585,CUST001162,SELL0918,2026-05-25,02:41:46,2026-05-30,,62316.77,Wallet,Cancelled,Seller Cancelled,Mumbai,Android,Sports
ORD0000586,CUST000789,SELL0287,2026-05-31,03:14:30,2026-06-02,2026-06-02,28080.01,Card,Delivered,,Coimbatore,Web,Electronics
ORD0000587,CUST001034,SELL0108,2026-05-25,02:29:39,2026-06-01,2026-06-03,42051.34,Wallet,Delivered,,Jaipur,Mobile Web,Mobiles
ORD0000588,CUST000587,SELL0465,2026-05-28,04:01:58,2026-06-01,2026-05-31,49022.35,Bank Transfer,Delivered,,Ahmedabad,Android,Home
ORD0000589,CUST000411,SELL0508,2026-05-03,22:54:04,2026-05-10,2026-05-09,58296.99,Cash on Delivery,Delivered,,Gurugram,iOS,Fashion
ORD0000590,CUST000027,SELL0945,2026-05-18,13:54:52,2026-05-23,2026-05-22,18730.53,UPI,Delivered,,Kochi,Android,Beauty
ORD0000591,CUST000717,SELL0536,2026-05-23,05:35:42,2026-05-30,2026-05-30,16283.02,Card,Returned,Wrong Item,Lucknow,iOS,Electronics
ORD0000592,CUST001131,SELL0260,2026-05-26,23:08:36,2026-05-29,2026-05-27,3665.83,Card,Delivered,,Delhi,iOS,Beauty
ORD0000593,CUST000797,SELL0297,2026-05-19,19:06:22,2026-05-22,,43933.66,Card,Cancelled,Payment Failed,Kochi,Web,Appliances
ORD0000594,CUST001078,SELL0605,2026-05-16,01:58:15,2026-05-20,2026-05-20,15181.32,Bank Transfer,Delivered,,Noida,Mobile Web,Grocery
ORD0000595,CUST000845,SELL0050,2026-06-02,01:34:32,2026-06-09,,6850.48,Wallet,Cancelled,Customer Cancelled,Nagpur,Web,Books
ORD0000596,CUST000973,SELL0152,2026-05-31,09:26:46,2026-06-05,,3942.49,Cash on Delivery,Processing,Seller Dispatch Pending,Delhi,Web,Furniture
ORD0000597,CUST000446,SELL0404,2026-05-16,04:56:04,2026-05-21,2026-05-20,43370.68,Bank Transfer,Delivered,,Kochi,iOS,Mobiles
ORD0000598,CUST000991,SELL0522,2026-05-30,09:57:49,2026-06-01,2026-06-05,0,Card,Refund Pending,Refund Awaited,Jaipur,Web,Fashion
ORD0000599,CUST000109,SELL0941,2026-06-05,11:11:54,2026-06-08,2026-06-08,28266.03,Cash on Delivery,Delivered,,Bengaluru,Web,Mobiles
ORD0000600,CUST000588,SELL0989,2026-06-11,03:12:06,2026-06-16,2026-06-15,7103.2,Cash on Delivery,Delivered,,Noida,Android,Appliances
ORD0000601,CUST000228,SELL0901,2026-05-10,16:36:51,2026-05-14,,3489.06,CARD,Cancelled,Seller Cancelled,Kolkata,Android,Sports
ORD0000602,CUST000265,SELL0189,2026-05-10,09:37:04,2026-05-16,2026-05-19,56568.8,Card,Refund Pending,Payment Hold,Mumbai,Web,Fashion
ORD0000603,CUST000356,SELL0789,2026-05-29,20:07:52,2026-06-05,2026-06-05,37276.76,Bank Transfer,Delivered,,Ahmedabad,Mobile Web,Furniture
ORD0000604,CUST001165,SELL0304,2026-05-25,05:49:58,2026-05-29,,39952.85,Cash on Delivery,Processing,Warehouse Delay,Chennai,Web,Electronics
ORD0000605,CUST000520,SELL0012,2026-05-19,00:35:14,2026-05-22,,33686.52,Cash on Delivery,Cancelled,Customer Cancelled,Coimbatore,iOS,Fashion
ORD0000606,CUST001040,SELL0816,2026-05-01,22:37:17,2026-05-05,,21340.89,Bank Transfer,Cancelled,Seller Cancelled,Mumbai,Android,Grocery
ORD0000607,CUST000594,SELLX9918,2026-06-14,07:41:56,2026-06-17,2026-06-24,53893.07,Wallet,Delayed,Seller Dispatch Delay,Chennai,Mobile Web,Mobiles
ORD0000608,CUST000385,SELL0104,2026-06-02,05:33:58,2026-06-07,2026-06-08,38668.93,UPI,Refund Pending,Payment Hold,Kochi,Android,Grocery
ORD0000609,CUST001037,SELL1000,2026-06-13,22:27:05,2026-06-15,2026-06-15,30388.31,Cash on Delivery,Delivered,,Delhi,Mobile Web,Home
ORD0000610,CUST000365,SELL0335,2026-06-08,16:46:43,2026-06-10,,9406.34,Bank Transfer,Cancelled,Seller Cancelled,Noida,Mobile Web,Grocery
ORD0000611,CUST000953,SELL0368,2026-05-16,23:04:56,2026-05-20,2026-05-18,54912.28,Bank Transfer,Delivered,,Jaipur,Web,Fashion
ORD0000612,CUST000651,SELL0699,2026-05-23,19:35:37,2026-05-25,2026-05-25,48775.85,Card,Delivered,,Lucknow,Android,Sports
ORD0000613,CUST001015,SELL0760,2026-05-09,02:50:16,2026-05-13,2026-05-13,55984.42,UPI,Delivered,,Mumbai,Android,Beauty
ORD0000614,CUST000803,SELL0934,2026-05-16,20:55:38,2026-05-20,2026-05-20,28999.8,Cash on Delivery,Delivered,,Delhi,iOS,Books
ORD0000615,CUST001035,SELL0115,2026-05-29,02:59:33,2026-06-05,2026-06-07,39661.68, UPI ,Delayed,Courier Delay,Chennai,Web,Appliances
ORD0000616,CUST000838,SELL0122,2026-06-05,14:52:27,2026-06-07,2026-06-06,3160.71,Bank Transfer,Delivered,,Lucknow,iOS,Mobiles
ORD0000617,CUST000485,SELL0453,2026-05-19,01:16:49,2026-05-26,2026-06-01,63579.08,UPI,Delayed,Address Issue,Nagpur,iOS,Appliances
ORD0000618,CUST000086,SELL0866,2026-05-02,09:40:59,2026-05-08,2026-05-07,47876.78,UPI,Delivered,,Coimbatore,Android,Mobiles
ORD0000619,CUST000286,SELL0797,2026-05-30,12:16:54,2026-06-02,2026-06-11,11314.5,BANK TRANSFER,Returned,Size Issue,Kochi,Web,Fashion
ORD0000620,CUST000070,SELL0042,2026-05-20,05:52:27,2026-05-23,2026-05-22,24326.13,Cash on Delivery,Delivered,,Lucknow,Web,Books
ORD0000621,CUST000607,SELL0934,2026-06-06,10:31:07,2026-06-12,2026-06-11,50197.21,Card,Delivered,,Mumbai,Android,Books
ORD0000622,CUST000653,SELL0025,2026-05-31,09:48:07,2026-06-03,2026-06-03,57115.31,UPI,delivered,,Indore,iOS,Fashion
ORD0000623,CUST000643,SELL0963,2026-05-16,20:47:37,2026-05-20,2026-05-20,19051.5,Card,Delivered,,Lucknow,Web,Grocery
ORD0000624,CUST000611,SELL0064,2026-06-12,03:39:52,2026-06-14,2026-06-15,19621.44,Cash on Delivery,Delivered,,Gurugram,Mobile Web,Appliances
ORD0000625,CUST000656,SELL0984,2026-06-01,22:15:32,2026-06-04,2026-06-02,2213.04,Wallet,Delivered,,Pune,iOS,Fashion
ORD0000626,CUST000501,SELL0652,2026-05-20,16:35:40,2026-05-23,2026-05-24,48957.38,Bank Transfer,Returned,Customer Return,Chennai,Mobile Web,Mobiles
ORD0000627,CUST000577,SELL0484,2026-06-14,00:00:58,2026-06-19,2026-06-18,11345.93,Cash on Delivery,Delivered,,Chennai,Android,Electronics
ORD0000628,CUST000858,SELL0437,2026-05-04,21:46:28,2026-05-09,,43690.54,Bank Transfer,Cancelled,Seller Cancelled,Indore,Android,Beauty
ORD0000629,CUST000707,SELL0453,2026-06-09,23:57:48,2026-06-13,2026-06-12,31497.61,Card,Delivered,,Mumbai,iOS,Appliances
ORD0000630,CUST000374,SELL0312,2026-05-10,14:03:31,2026-05-13,2026-05-13,43186.76,Bank Transfer,Delivered,,Delhi,Mobile Web,Fashion
ORD0000631,CUST000905,SELL0304,2026-05-27,20:33:59,2026-06-03,,17481.96,Wallet,Processing,Warehouse Delay,Pune,Android,Electronics
ORD0000632,CUST000054,SELL0575,2026-06-08,04:54:46,2026-06-13,2026-06-13,45492.77,UPI,Delivered,,Coimbatore,Web,Mobiles
ORD0000633,CUST000802,SELL0823,2026-05-13,13:50:28,2026-05-17,2026-05-17,13283.39,UPI,Delivered,,Bengaluru,Android,Sports
ORD0000634,CUST000185,SELL0709,2026-06-03,18:19:42,2026-06-09,2026-06-10,29944.41,Card,Delivered,,Lucknow,Web,Books
ORD0000635,CUST000153,SELL0457,2026-05-29,12:18:25,2026-06-03,2026-06-09,44668.94,Bank Transfer,Refund Pending,Return Pickup Pending,Nagpur,Mobile Web,Grocery
ORD0000636,CUST000050,SELL0661,2026-06-12,10:43:01,2026-06-16,2026-06-16,17491.3,Card,Delivered,,Ahmedabad,Web,Sports
ORD0000637,CUST000468,SELL0874,2026-06-08,23:21:50,2026-06-15,2026-06-24,21682.41,Card,Returned,Wrong Item,Hyderabad,Mobile Web,Mobiles
ORD0000638,CUST000418,SELL0120,2026-06-07,01:48:42,2026-06-09,2026-06-09,44118.91,Card,Delivered,,Hyderabad,Mobile Web,Mobiles
ORD0000639,CUST000997,SELL0083,2026-06-11,15:45:04,2026-06-18,2026-06-18,49395.61,Cash on Delivery,Delivered,,Delhi,Web,Fashion
ORD0000640,CUST000877,SELL0643,2026-05-19,03:57:13,2026-05-23,2026-05-23,56503.37,UPI,Delivered,,Kolkata,iOS,Home
ORD0000641,CUST000995,SELL0931,2026-05-12,19:41:34,2026-05-17,2026-05-15,58610.55,Bank Transfer,Delivered,,Bengaluru,iOS,Fashion
ORD0000642,CUST000525,SELL0976,2026-06-01,18:44:59,2026-06-07,2026-06-14,43308.37,Wallet,Delayed,Last Mile Capacity,Kochi,Android,Books
ORD0000643,CUST001128,SELL0799,2026-05-27,09:49:40,2026-05-31,2026-06-06,29332.11,UPI,Delayed,Seller Dispatch Delay,Chennai,iOS,Appliances
ORD0000644,CUST000586,SELL0935,2026-05-14,13:16:33,2026-05-17,2026-05-16,52373.21,Bank Transfer,Delivered,,Hyderabad,Android,Appliances
ORD0000645,CUST000857,SELL0308,2026-05-16,16:13:26,2026-05-22,2026-05-22,64357.9,Cash on Delivery,Delivered,,Kolkata,Mobile Web,Grocery
ORD0000646,CUST001086,SELL0704,2026-05-08,04:33:50,2026-05-13,2026-05-13,64179.16,Card,Delivered,,Kochi,Mobile Web,Sports
ORD0000647,CUST000424,SELL0936,2026-06-06,21:45:01,2026-06-08,2026-06-08,12855.89,UPI,Delivered,,Nagpur,Mobile Web,Grocery
ORD0000648,CUST000740,SELL0510,2026-06-05,23:57:44,2026-06-10,,16749.85,UPI,Cancelled,Payment Failed,Jaipur,Android,Books
ORD0000649,CUST000698,SELL0628,2026-06-09,10:08:23,2026-06-14,2026-06-14,30246.18,Cash on Delivery,Delivered,,Pune,Web,Electronics
ORD0000650,CUST000134,SELL0193,2026-06-05,09:33:42,2026-06-08,2026-06-09,51256.01,Cash on Delivery,Delivered,,Nagpur,iOS,Sports
ORD0000651,CUST000780,SELL0876,2026-05-24,23:54:13,2026-05-28,2026-06-05,30558.84,UPI,Returned,Customer Return,Bengaluru,iOS,Sports
ORD0000652,CUST001166,SELL0258,2026-06-09,03:40:13,2026-06-14,2026-06-13,64113.81,Cash on Delivery,Delivered,,Pune,Mobile Web,Furniture
ORD0000653,CUST000606,SELL0074,2026-05-14,19:22:03,2026-05-17,2026-05-23,50141.59,Cash on Delivery,Returned,Wrong Item,Delhi,Android,Mobiles
ORD0000654,CUST000973,SELL0831,2026-06-03,07:27:01,2026-06-08,2026-06-15,56795.56,Wallet,Refund Pending,Return Pickup Pending,Ahmedabad,iOS,Electronics
ORD0000655,CUST001024,SELL0528,2026-06-06,04:21:52,2026-06-08,2026-06-07,62724.86,Card,Delivered,,Ahmedabad,Mobile Web,Appliances
ORD0000656,CUST001077,SELL0458,2026-05-12,22:25:19,2026-05-19,2026-05-19,38331.84,Bank Transfer,Delivered,,Coimbatore,Mobile Web,Appliances
ORD0000657,CUST000027,SELL0906,2026-06-12,20:16:31,2026-06-16,2026-06-19,4531.3,Cash on Delivery,Returned,Damaged Item, LUCKNOW ,Android,Fashion
ORD0000658,CUST000114,SELL0724,2026-06-14,20:43:17,2026-06-18,,32496.36,Card,Cancelled,Payment Failed,Gurugram,Mobile Web,Grocery
ORD0000659,CUST000850,SELL0296,2026-05-14,05:09:53,2026-05-16,2026-05-19,42185.49,Cash on Delivery,Refund Pending,Refund Awaited,Bengaluru,Mobile Web,Mobiles
ORD0000660,CUST000117,SELL0602,2026-05-18,03:35:56,2026-05-25,2026-05-25,56024.67,UPI,Returned,Size Issue,Gurugram,Web,Electronics
ORD0000661,CUST000672,SELL0441,2026-05-03,00:53:45,2026-05-08,2026-05-19,51449.05,Wallet,Delayed,Address Issue,Gurugram,Mobile Web,Appliances
ORD0000662,CUST000029,SELL0037,2026-06-01,09:54:48,2026-06-05,,36517.81,Cash on Delivery,Cancelled,Seller Cancelled,Coimbatore,Web,Grocery
ORD0000663,CUST000168,SELL0292,2026-05-10,21:19:16,2026-05-12,2026-05-12,,Wallet,Returned,Customer Return,Bengaluru,Web,Grocery
ORD0000664,CUST001174,SELL0005,2026-06-04,18:43:38,2026-06-06,2026-06-08,58173.63,Bank Transfer,Refund Pending,Return Pickup Pending,Noida,Android,Mobiles
ORD0000665,CUST000949,SELL0434,2026-06-10,02:03:45,2026-06-17,2026-06-28,14722.89,Cash on Delivery,Delayed,Weather Delay,Chennai,Web,Fashion
ORD0000666,CUST001147,SELL0015,2026-05-16,01:56:13,2026-05-23,2026-05-25,30520.42,Card,Delivered,,Indore,Web,Furniture
ORD0000667,CUST000587,SELL0978,2026-05-22,22:00:55,2026-05-26,,55969.68,Card,Cancelled,Seller Cancelled,Ahmedabad,Mobile Web,Electronics
ORD0000668,CUST000576,SELL0248,2026-05-13,09:39:11,2026-05-20,2026-05-18,64411.8,Cash on Delivery,Delivered,,Delhi,Android,Grocery
ORD0000669,CUST001140,SELL0705,2026-05-03,05:20:03,2026-05-07,,55833.47,Cash on Delivery,Cancelled,Customer Cancelled,Lucknow,iOS,Beauty
ORD0000670,CUST000726,SELL0401,2026-06-14,08:20:47,2026-06-16,,33350.83,UPI,Cancelled,Customer Cancelled,Kochi,Mobile Web,Furniture
ORD0000671,CUST000518,SELL0850,2026-05-09,19:54:28,2026-05-15,,42444.88,Cash on Delivery,Processing,Warehouse Delay,Mumbai,Mobile Web,Sports
ORD0000672,CUST000640,SELL0416,2026-05-21,16:30:56,2026-05-24,2026-05-25,8480.32,Cash on Delivery,Delivered,,Pune,Android,Sports
ORD0000673,CUST000513,SELL0546,2026-05-08,22:37:36,2026-05-10,2026-05-11,27158.96,Card,Returned,Customer Return,Noida,iOS,Furniture
ORD0000674,CUST000377,SELL0968,2026-05-21,15:27:53,2026-05-26,2026-05-24,46443.02,UPI,Delivered,,Coimbatore,Android,Sports
ORD0000675,CUST000566,SELL0214,2026-05-04,23:14:50,2026-05-11,2026-05-10,20894.99,Wallet,Delivered,,Kolkata,iOS,Sports
ORD0000676,CUST001138,SELL0781,2026-05-29,01:33:55,2026-05-31,2026-06-09,39552.0,Bank Transfer,Delayed,Courier Delay,Ahmedabad,iOS,Mobiles
ORD0000677,CUST000237,SELL0722,2026-05-05,08:02:31,2026-05-11,2026-05-11,27672.52,Wallet,Delivered,,Lucknow,Android,Home
ORD0000678,CUST000604,SELL0454,2026-05-02,22:46:29,2026-05-07,,37589.5,Card,Cancelled,Seller Cancelled,Noida,Mobile Web,Home
ORD0000679,CUST000491,SELL0206,2026-05-04,14:12:30,2026-05-09,2026-05-11,61300.07,Cash on Delivery,Delivered,,Indore,iOS,Electronics
ORD0000680,CUST000364,SELL0710,2026-05-22,16:16:49,2026-05-29,2026-05-30,55265.64,UPI,Delivered,,Ahmedabad,Web,Beauty
ORD0000681,CUST001176,SELL0656,2026-06-11,16:35:47,2026-06-14,,30051.05,UPI,Processing,Seller Dispatch Pending,Ahmedabad,Mobile Web,Mobiles
ORD0000682,CUST000264,SELL0142,2026-05-12,03:16:01,2026-05-14,2026-05-14,23472.31,Wallet,Delivered,,Mumbai,Android,Furniture
ORD0000683,CUST000335,SELL0072,2026-06-03,12:25:00,2026-06-08,,26249.73,Cash on Delivery,Processing,Address Verification,Lucknow,Android,Home
ORD0000684,CUST000298,SELL0493,2026-05-23,22:22:35,2026-05-28,2026-05-27,32211.98,Cash on Delivery,Delivered,,Noida,Web,Sports
ORD0000685,CUST000681,SELL0572,2026-05-17,04:54:04,2026-05-21,2026-05-21,26553.27,UPI,Delivered,,Jaipur,Web,Home
ORD0000686,CUST000363,SELL0389,2026-06-05,23:03:26,2026-06-09,2026-06-09,19428.1,Wallet,Delivered,,Ahmedabad,Android,Grocery
ORD0000687,CUST000294,SELL0719,2026-06-11,19:37:13,not_available,2026-06-20,63666.97,Wallet,Delayed,Seller Dispatch Delay,Delhi,Android,Beauty
ORD0000688,CUST000454,SELL0900,2026-05-22,13:21:23,2026-05-26,2026-05-27,37751.61,Cash on Delivery,Delivered,,Gurugram,Web,Grocery
ORD0000689,CUST000962,SELL0042,2026-05-09,23:19:11,2026-05-12,2026-05-12,1439.72,UPI,Delivered,,Ahmedabad,iOS,Books
ORD0000690,CUST000158,SELL0103,2026-05-24,00:23:54,2026-05-29,2026-06-05,24575.1,UPI,Returned,Wrong Item,Kolkata,Web,Books
ORD0000691,CUST000486,SELL0940,2026-06-13,18:20:39,2026-06-16,,63283.36,UPI,Processing,Address Verification,Chennai,Mobile Web,Sports
ORD0000692,CUST000614,SELL0686,2026-05-28,23:51:36,2026-05-31,,56550.35,Wallet,Processing,Address Verification,Hyderabad,Android,Beauty
ORD0000693,CUST000512,SELL0481,2026-06-03,08:00:14,2026-06-07,2026-06-07,52317.88,Bank Transfer,Delivered,,Noida,iOS,Mobiles
ORD0000694,CUST000904,SELL0124,2026-05-09,00:30:59,2026-05-16,2026-05-16,19003.47,Cash on Delivery,Delivered,, NAGPUR ,iOS,Beauty
ORD0000695,CUST000539,SELL0065,2026-05-25,21:46:15,2026-05-29,2026-05-28,45834.74,UPI,Delivered,,Jaipur,Android,Grocery
ORD0000696,CUST001182,SELL0566,2026-06-03,10:52:34,2026-06-10,,58254.79,Cash on Delivery,Cancelled,Payment Failed,Coimbatore,Android,Sports
ORD0000697,CUST000783,SELL0251,2026-05-05,05:22:24,2026-05-07,2026-05-11,10125.08,Wallet,Refund Pending,Return Pickup Pending,Bengaluru,Web,Furniture
ORD0000698,CUST000670,SELL0384,2026-05-21,15:01:16,2026-05-25,2026-05-23,34138.18,Wallet,Delivered,,Coimbatore,Mobile Web,Fashion
ORD0000699,CUST000350,SELL0636,2026-05-09,09:10:24,2026-05-13,2026-05-13,57899.8,Wallet,Delivered,,Delhi,iOS,Appliances
ORD0000700,CUST000812,SELL0561,2026-05-21,02:26:19,2026-05-26,,50487.57,Bank Transfer,Processing,Address Verification,Kochi,Mobile Web,Furniture
ORD0000701,CUST000626,SELL0636,2026-06-10,15:50:38,2026-06-16,2026-06-17,33456.89,Wallet,Delivered,,Jaipur,Web,Appliances
ORD0000702,CUST001047,SELL0297,2026-05-09,05:15:20,2026-05-11,2026-05-10,339.08,Wallet,Delivered,,Bengaluru,Android,Appliances
ORD0000703,CUST001142,SELL0659,2026-05-25,09:36:05,2026-05-28,,56711.45,Wallet,Lost,Package Lost,Ahmedabad,Mobile Web,Books
ORD0000704,CUST000866,SELL0572,2026-06-04,03:24:58,2026-06-07,,27098.39,Card,Cancelled,Seller Cancelled,Ahmedabad,Web,Home
ORD0000705,CUST001074,SELL0962,2026-05-02,18:45:53,2026-05-04,2026-05-09,58643.29,Bank Transfer,Returned,Damaged Item,Ahmedabad,Android,Beauty
ORD0000706,CUST001023,SELL0491,2026-05-22,14:22:28,2026-05-26,,17596.23,wallet,Processing,Address Verification,Ahmedabad,Mobile Web,Beauty
ORD0000707,CUST000305,SELL0929,2026-05-07,22:12:33,2026-05-13,2026-05-13,51859.05,Wallet,Delivered,,Chennai,Android,Mobiles
ORD0000708,CUST000985,SELL0060,2026-05-28,10:18:42,2026-06-01,2026-06-01,40207.91,Cash on Delivery,Delivered,, KOLKATA ,Mobile Web,Appliances
ORD0000709,CUST000560,SELL0374,2026-05-17,03:28:53,2026-05-22,2026-05-24,61371.21,Card,Delivered,,Jaipur,Web,Books
ORD0000710,CUST000321,SELL0394,2026-06-08,23:59:14,2026-06-15,,51254.38,Card,Processing,Address Verification,Mumbai,iOS,Sports
ORD0000711,CUST000006,SELL0584,2026-06-03,01:33:06,2026-06-09,2026-06-09,60996.97,Wallet,Delivered,,Indore,Android,Appliances
ORD0000712,CUST000698,SELL0392,2026-06-01,03:13:37,2026-06-03,2026-06-02,48409.94,CASH ON DELIVERY,Delivered,,Indore,Android,Sports
ORD0000713,CUST000742,SELL0112,2026-05-26,14:57:24,2026-05-29,2026-05-29,41887.81,UPI,Delivered,,Gurugram,Android,Sports
ORD0000714,CUST001075,SELL0541,2026-06-14,19:20:28,2026-06-17,2026-06-21,54697.82,Bank Transfer,Delayed,Address Issue,Gurugram,Mobile Web,Furniture
ORD0000715,CUST000029,SELL0580,2026-05-09,07:07:24,2026-05-13,2026-05-11,8277.66,Wallet,Delivered,,Nagpur,Mobile Web,Beauty
ORD0000716,CUST000816,SELL0149,2026-05-26,10:44:48,2026-05-29,2026-06-03,22177.17,Wallet,Delayed,Last Mile Capacity,Jaipur,Mobile Web,Fashion
ORD0000717,CUST000424,SELL0946,2026-06-11,07:32:37,2026-06-18,2026-06-21,51519.43,UPI,Delayed,Address Issue,Coimbatore,iOS,Home
ORD0000718,CUST000927,SELL0002,2026-05-28,19:00:58,2026-05-31,2026-05-31,9009.73,UPI,Delivered,,Gurugram,iOS,Beauty
ORD0000719,CUST000179,SELL0376,2026-05-18,23:09:47,2026-05-20,2026-05-21,23280.42,Cash on Delivery,Delivered,,Noida,iOS,Home
ORD0000720,CUST001002,SELL0157,2026-05-19,15:17:13,2026-05-24,2026-05-26,8398.01,Wallet,Delivered,,Kolkata,iOS,Home
ORD0000721,CUST000383,SELL0082,2026-05-05,13:27:43,2026-05-11,2026-05-16,41848.7,Bank Transfer,Refund Pending,Refund Awaited,Kolkata,Android,Appliances
ORD0000722,CUST000388,SELL0463,2026-05-20,02:23:04,2026-05-25,2026-06-02,4250.4,Wallet,Returned,Wrong Item,Pune,Android,Beauty
ORD0000723,CUST001196,SELL0574,2026-05-28,12:00:34,2026-05-30,2026-05-30,58374.07,Bank Transfer,Delivered,,Coimbatore,Android,Home
ORD0000724,CUST000679,SELL0687,2026-05-08,01:30:13,2026-05-14,2026-05-16,49398.01,Cash on Delivery,Delayed,Weather Delay,Bengaluru,Mobile Web,Beauty
ORD0000725,CUST001167,SELL0098,2026-06-04,18:53:37,2026-06-10,2026-06-14,12393.36,Wallet,Refund Pending,Refund Awaited,Nagpur,Android,Appliances
ORD0000726,CUST000746,SELL0766,2026-05-08,11:24:43,2026-05-14,2026-05-13,29323.7,Cash on Delivery,Delivered,,Coimbatore,Web,Books
ORD0000727,CUST000620,SELL0362,2026-06-08,02:37:21,2026-06-12,2026-06-11,40071.56,Bank Transfer,Delivered,,Pune,Web,Sports
ORD0000728,CUST000731,SELL0180,2026-05-30,02:08:51,2026-06-03,2026-06-07,11389.02,UPI,Delayed,Seller Dispatch Delay,Bengaluru,Mobile Web,Appliances
ORD0000729,CUST000074,SELL0426,2026-06-11,01:56:55,2026-06-17,2026-06-17,27817.63,Cash on Delivery,Delivered,,Lucknow,iOS,Grocery
ORD0000730,CUST000781,SELL0371,2026-06-07,13:39:34,2026-06-14,2026-06-19,54880.6,Wallet,Returned,Customer Return,Gurugram,Web,Sports
ORD0000731,CUST000454,SELL0644,2026-05-23,00:44:11,2026-05-28,2026-06-01,26928.21,Card,Refund Pending,Payment Hold,Lucknow,Android,Grocery
ORD0000732,CUST000063,SELL0514,2026-05-13,10:37:29,2026-05-20,2026-05-28,28859.44,UPI,Returned,Customer Return,Nagpur,iOS,Appliances
ORD0000733,CUST000207,SELL0822,2026-05-08,09:58:32,2026-05-14,,19009.9,UPI,Processing,Seller Dispatch Pending,Ahmedabad,iOS,Home
ORD0000734,CUST001113,SELL0044,2026-06-14,21:30:12,2026-06-18,2026-06-16,6516.99,Wallet,Delivered,,Kolkata,Web,Books
ORD0000735,CUST000977,SELL0681,2026-06-09,17:45:51,2026-06-12,2026-06-12,29283.93,UPI,Delivered,,Nagpur,iOS,Electronics
ORD0000736,CUST000734,SELL0360,2026-06-06,11:47:17,2026-06-12,,63957.84,UPI,Cancelled,Seller Cancelled,Delhi,Android,Electronics
ORD0000737,CUST000542,SELL0929,2026-05-03,20:13:33,2026-05-05,,63983.09,Bank Transfer,Processing,Seller Dispatch Pending,Coimbatore,Web,Mobiles
ORD0000738,CUST000348,SELL0370,2026-05-07,18:01:35,2026-05-14,2026-05-16,33437.37,Bank Transfer,Delivered,,Jaipur,iOS,Books
ORD0000739,CUST000464,SELL0663,2026-05-07,20:38:02,2026-05-14,,4384.37,Wallet,Processing,Address Verification,Ahmedabad,Mobile Web,Fashion
ORD0000740,CUST000684,SELL0832,2026-05-05,22:58:40,2026-05-12,2026-05-11,8480.26,Wallet,Delivered,, LUCKNOW ,Web,Books
ORD0000741,CUST000311,SELL0665,2026-05-11,06:21:47,2026-05-14,2026-05-14,4769.77,Wallet,Delivered,,Chennai,Android,Fashion
ORD0000742,CUST000681,SELL0136,2026-05-18,19:52:18,2026-05-23,2026-05-22,8000.61,UPI,Delivered,,Hyderabad,iOS,Electronics
ORD0000743,CUST000432,SELL0625,2026-05-16,21:38:26,2026-05-23,2026-05-23,13012.82,Card,Delivered,,Ahmedabad,Android,Grocery
ORD0000744,CUST000575,SELL0022,2026-06-07,08:02:01,2026-06-12,2026-06-11,63632.38,Bank Transfer,Delivered,,Nagpur,Android,Sports
ORD0000745,CUST000588,SELL0640,2026-05-15,11:17:16,2026-05-19,,43977.01,Bank Transfer,Cancelled,Seller Cancelled,Hyderabad,Android,Sports
ORD0000746,CUST000696,SELL0409,2026-05-20,04:19:49,2026-05-27,,5786.97,UPI,Cancelled,Customer Cancelled,Gurugram,Mobile Web,Home
ORD0000747,CUST001080,SELL0618,2026-06-06,23:48:33,2026-06-11,2026-06-09,8335.34,Card,DELIVERED,,Hyderabad,iOS,Appliances
ORD0000748,CUST000586,SELL0054,2026-05-29,05:10:18,2026-05-31,2026-06-07,43309.74,Card,Refund Pending,Payment Hold,Pune,Android,Books
ORD0000749,CUST001118,SELL0505,2026-05-14,16:17:08,2026-05-18,,9398.78,Cash on Delivery,Processing,Address Verification,Delhi,Web,Grocery
ORD0000750,CUST000431,SELL0567,2026-05-30,14:05:09,2026-06-02,2026-06-11,40173.12,Bank Transfer,Delayed,Address Issue, MUMBAI ,Mobile Web,Electronics
ORD0000751,CUST000075,SELL0224,2026-05-25,21:53:35,2026-05-28,2026-05-30,31517.43,Wallet,Delivered,,Noida,iOS,Fashion
ORD0000752,CUST000319,SELL0337,2026-05-14,03:31:00,2026-05-19,,46467.59,Bank Transfer,Lost,Package Lost,Lucknow,Android,Appliances
ORD0000753,CUST001099,SELL0052,2026-05-25,08:45:24,2026-05-31,2026-05-29,6403.26,Card,Delivered,,Ahmedabad,Android,Home
ORD0000754,CUST000796,SELL0178,2026-05-07,10:11:28,2026-05-09,2026-05-09,44816.64,Wallet,Delivered,,Gurugram,Web,Furniture
ORD0000755,CUST000477,SELL0659,2026-05-02,10:51:53,2026-05-06,2026-05-05,45722.41,Cash on Delivery,Delivered,,Delhi,iOS,Books
ORD0000756,CUST001137,SELL0908,2026-05-10,21:11:21,2026-05-12,2026-05-10,46144.29,UPI,Delivered,,Nagpur,Mobile Web,Grocery
ORD0000757,CUST000245,SELL0831,2026-05-22,11:59:26,2026-05-24,2026-05-24,26224.93,UPI,Delivered,,Ahmedabad,Web,Electronics
ORD0000758,CUST001019,SELL0401,2026-05-17,01:05:41,2026-05-20,,44965.67,Card,Cancelled,Customer Cancelled,Bengaluru,Web,Furniture
ORD0000759,CUST001184,SELL0386,2026-05-23,18:42:47,2026-05-25,2026-05-25,52030.7,Wallet,Delivered,,Chennai,Web,Sports
ORD0000760,CUST000453,SELL0197,2026-05-15,12:35:53,2026-05-20,2026-05-24,3733.68,Cash on Delivery,Delayed,Seller Dispatch Delay, INDORE ,Mobile Web,Electronics
ORD0000761,CUST000470,SELL0214,2026-05-21,02:42:32,2026-05-27,2026-05-28,11320.15,Bank Transfer,Delivered,,Hyderabad,Android,Sports
ORD0000762,CUST000830,SELL0583,2026-05-19,09:58:59,2026-05-21,2026-05-21,43673.32,Bank Transfer, Delivered ,,Lucknow,Web,Appliances
ORD0000763,CUST000226,SELL0678,2026-06-13,19:57:53,2026-06-20,2026-06-20,12542.1,Cash on Delivery,Delivered,,Delhi,iOS,Home
ORD0000764,CUST000647,SELL0140,2026-05-18,20:11:30,2026-05-24,2026-06-02,54910.49,Bank Transfer,Returned,Size Issue,Nagpur,iOS,Mobiles
ORD0000765,CUST000743,SELL0131,2026-05-23,12:42:47,2026-05-25,,23641.15,Wallet,Cancelled,Seller Cancelled,Noida,Android,Fashion
ORD0000766,CUST000485,SELL0010,2026-05-06,22:57:31,2026-05-09,2026-05-09,23927.29,Wallet,Delivered,,Ahmedabad,Android,Grocery
ORD0000767,CUST000837,SELL0472,2026-06-04,12:18:17,2026-06-08,2026-06-09,58893.33,Cash on Delivery,Delivered,,Pune,iOS,Appliances
ORD0000768,CUST000145,SELL0584,2026-05-10,13:14:12,2026-05-16,2026-05-18,6109.38,Cash on Delivery,Returned,Customer Return,Nagpur,Web,Appliances
ORD0000769,CUST000695,SELL0090,2026-06-01,23:40:37,2026-06-06,2026-06-08,40689.28,Cash on Delivery,Delivered,,Kolkata,iOS,Grocery
ORD0000770,CUST000825,SELL0177,2026-05-12,01:31:10,2026-05-15,,46886.02,Bank Transfer,Cancelled,Customer Cancelled,Kolkata,iOS,Fashion
ORD0000771,CUST001043,SELL0256,2026-05-13,23:49:50,2026-05-15,,1382.18,UPI,Cancelled,Customer Cancelled,Indore,Web,Furniture
ORD0000772,CUST000750,SELL0697,2026-06-01,00:27:22,not_available,2026-06-04,30261.76,Bank Transfer,Delivered,, HYDERABAD ,Android,Fashion
ORD0000773,CUST001022,SELL0281,2026-05-09,13:36:57,2026-05-15,2026-05-18,27497.28,Bank Transfer,Refund Pending,Refund Awaited,Coimbatore,Web,Appliances
ORD0000774,CUST000477,SELL0203,2026-05-29,22:50:27,2026-06-05,2026-06-05,3169.7,UPI,Delivered,,Kochi,Web,Appliances
ORD0000775,CUST000835,SELL0359,2026-06-14,14:08:16,2026-06-19,2026-06-26,30675.78,UPI,Delayed,Courier Delay,Jaipur,Web,Mobiles
ORD0000776,CUST000431,SELL0328,2026-06-04,11:31:31,2026-06-08,2026-06-07,51966.72,Bank Transfer,Delivered,,Lucknow,iOS,Beauty
ORD0000777,CUST000558,SELL0663,2026-05-25,05:48:42,2026-05-29,,10122.92,Wallet,Lost,Package Lost,Lucknow,Mobile Web,Fashion
ORD0000778,CUST000735,SELL0070,2026-05-26,18:18:20,2026-06-01,2026-05-31,57347.7,Card,Delivered,,Chennai,Web,Furniture
ORD0000779,CUST000564,SELL0717,2026-06-13,09:35:19,2026-06-18,2026-06-22,52761.9,Wallet,Returned,Damaged Item,Lucknow,Mobile Web,Fashion
ORD0000780,CUST000417,SELL0279,2026-05-20,05:28:16,2026-05-23,2026-05-23,27346.87,Card,Delivered,,Jaipur,Web,Electronics
ORD0000781,CUST001008,SELL0061,2026-06-14,17:17:11,2026-06-21,2026-06-22,45113.19,Wallet,Delivered,,Mumbai,Mobile Web,Grocery
ORD0000782,CUST000165,SELL0377,2026-05-31,06:36:46,2026-06-02,,34784.97,Wallet,Cancelled,Customer Cancelled,Ahmedabad,Web,Electronics
ORD0000783,CUST000640,SELL0711,2026-06-05,14:32:19,2026-06-08,2026-06-07,45594.24,Cash on Delivery,Delivered,,Nagpur,Web,Fashion
ORD0000784,CUST000690,SELL0119,2026-05-25,03:58:58,2026-06-01,2026-06-10,37342.81,Card,Returned,Wrong Item,Hyderabad,Mobile Web,Fashion
ORD0000785,CUST000194,SELL0313,2026-05-16,09:34:24,2026-05-18,2026-05-27,46757.9,UPI,Returned,Damaged Item,Kochi,Mobile Web,Furniture
ORD0000786,CUST000001,SELL0856,2026-06-03,08:14:12,2026-06-09,2026-06-09,55223.83,Wallet,Delivered,,Bengaluru,Web,Grocery
ORD0000787,CUST000024,SELL0654,2026-05-28,07:16:20,2026-05-30,2026-05-29,47578.6,Bank Transfer,Delivered,,Mumbai,Web,Books
ORD0000788,CUST000468,SELL0218,2026-05-25,03:27:55,2026-05-31,2026-06-02,40236.51,Cash on Delivery,Delayed,Last Mile Capacity,Gurugram,Web,Fashion
ORD0000789,CUST000118,SELL0548,2026-05-07,12:32:29,2026-05-10,2026-05-10,36517.66,Cash on Delivery,Delivered,, PUNE ,Mobile Web,Sports
ORD0000790,CUST000026,SELL0508,2026-05-29,12:49:39,2026-06-03,,22361.76,UPI,Cancelled,Customer Cancelled,Gurugram,iOS,Fashion
ORD0000791,CUST001183,SELL0515,2026-06-14,05:57:32,2026-06-18,2026-06-24,8408.93,UPI,Refund Pending,Return Pickup Pending,Mumbai,Web,Sports
ORD0000792,CUST000611,SELL0696,2026-06-01,12:09:18,2026-06-03,2026-06-04,16583.1,Card,Delivered,,Chennai,Mobile Web,Sports
ORD0000793,CUST000289,SELL0999,2026-06-07,10:41:39,2026-06-11,,63914.26,UPI,Cancelled,Customer Cancelled,Kolkata,iOS,Fashion
ORD0000794,CUST000616,SELL0889,2026-05-09,17:11:18,2026-05-11,2026-05-16,57963.73,UPI,Delayed,Weather Delay,Pune,Web,Beauty
ORD0000795,CUST000971,SELL0274,2026-05-01,05:54:42,2026-05-05,2026-05-04,27001.04,Card,Delivered,,Delhi,Mobile Web,Electronics
ORD0000796,CUST000368,SELL0707,2026-06-01,22:28:18,2026-06-05,,0,Wallet,Processing,Warehouse Delay,Indore,Web,Electronics
ORD0000797,CUST000522,SELL0178,2026-05-10,13:41:33,2026-05-15,2026-05-25,41320.97,Card,Delayed,Weather Delay,Delhi,iOS,Furniture
ORD0000798,CUST000269,SELL0611,2026-05-11,09:27:27,2026-05-18,2026-05-22,42884.02,Card,Delayed,Last Mile Capacity,Lucknow,Web,Books
ORD0000799,CUST000858,SELL0352,2026-05-06,13:09:36,2026-05-08,2026-05-07,23044.55,UPI,Delivered,,Delhi,iOS,Grocery
ORD0000800,CUST000181,SELL0486,2026-05-21,18:02:42,2026-05-28,2026-06-03,22814.9,Wallet,Returned,Size Issue,Kolkata,Mobile Web,Home
ORD0000801,CUST000239,SELL0586,2026-05-13,09:11:30,2026-05-16,,44275.21,Cash on Delivery,Cancelled,Customer Cancelled,Lucknow,iOS,Fashion
ORD0000802,CUST000972,SELL0108,2026-05-24,22:12:13,2026-05-28,2026-05-28,40936.07,Card,Delivered,,Ahmedabad,iOS,Mobiles
ORD0000803,CUST000071,SELL0204,2026-05-05,21:20:47,2026-05-11,2026-05-12,57854.19,UPI,Delivered,,Kolkata,Web,Fashion
ORD0000804,CUST000159,SELL0851,2026-06-01,13:31:03,2026-06-06,2026-06-06,59956.16,Card,Delivered,,Hyderabad,Mobile Web,Electronics
ORD0000805,CUST000870,SELL0691,2026-05-20,07:39:15,2026-05-22,2026-05-28,45012.59,Bank Transfer,Refund Pending,Refund Awaited,Indore,Android,Fashion
ORD0000806,CUST000123,SELL0378,2026-05-03,22:04:40,2026-05-09,2026-05-07,31871.85,UPI,Delivered,,Lucknow,iOS,Beauty
ORD0000807,CUST000277,SELL0886,2026-06-01,13:27:49,2026-06-08,2026-06-06,8897.07,Card,Delivered,,Kolkata,iOS,Books
ORD0000808,CUST001085,SELL0464,2026-05-28,05:02:48,2026-06-02,2026-05-31,12899.03,Wallet,Delivered,,Jaipur,Android,Sports
ORD0000809,CUST000916,SELL0325,2026-05-30,12:57:48,2026-06-04,2026-06-03,29262.31,Card,DELIVERED,,Nagpur,Web,Fashion
ORD0000810,CUST000587,SELL0318,2026-05-31,01:21:31,2026-06-02,2026-06-04,49266.59,UPI,Delivered,,Noida,Android,Sports
ORD0000811,CUST001074,SELL0102,2026-06-05,22:56:07,2026-06-09,2026-06-08,20202.72,Wallet,Delivered,,Kolkata,Web,Home
ORD0000812,CUST001031,SELL0976,2026-05-02,08:09:35,2026-05-07,,11773.9,Card,Cancelled,Customer Cancelled,Pune,Android,Books
ORD0000813,CUST000279,SELL0706,2026-05-09,03:32:21,2026-05-11,2026-05-20,57644.1,Wallet,Returned,Wrong Item,Hyderabad,Mobile Web,Furniture
ORD0000814,CUST001088,SELL0849,2026-05-14,23:29:23,2026-05-16,2026-05-23,9841.25,Cash on Delivery,Returned,Damaged Item,Mumbai,Android,Home
ORD0000815,CUST000863,SELL0621,2026-05-14,21:34:48,2026-05-20,,2979.03,Wallet,Processing,Address Verification,Chennai,Web,Fashion
ORD0000816,CUST000484,SELL0433,2026-05-04,19:28:20,2026-05-07,2026-05-09,51312.93,Card,Delayed,Courier Delay,Coimbatore,iOS,Mobiles
ORD0000817,CUST001095,SELL0696,2026-05-30,08:14:31,2026-06-03,2026-06-03,37611.79,UPI,Delivered,, INDORE ,Android,Sports
ORD0000818,CUST000439,SELL0074,2026-06-05,05:10:04,2026-06-10,,50284.83,UPI,Cancelled,Seller Cancelled,Kolkata,Mobile Web,Mobiles
ORD0000819,CUST000299,SELL0873,2026-06-01,07:01:46,2026-06-06,2026-06-05,40142.98,Card,Delivered,,Delhi,Mobile Web,Grocery
ORD0000820,CUST001160,SELL0319,2026-05-18,12:55:05,2026-05-25,2026-05-29,678.19,Bank Transfer,Delayed,Weather Delay,Coimbatore,Mobile Web,Mobiles
ORD0000821,CUST000616,SELL0932,2026-06-13,06:01:34,2026-06-17,2026-06-17,63015.21,Wallet,Delivered,,Gurugram,Android,Books
ORD0000822,CUST000187,SELL0365,2026-05-24,01:13:25,2026-05-26,,22282.76,Bank Transfer,Processing,Address Verification,Jaipur,Web,Beauty
ORD0000823,CUST001063,SELL0877,2026-05-02,21:03:08,2026-05-09,2026-05-08,30623.32,Cash on Delivery,Delivered,,Kochi,Web,Books
ORD0000824,CUST000437,SELL0437,2026-06-14,05:36:13,2026-06-16,2026-06-16,54805.73,Card,Delivered,,Pune,Mobile Web,Beauty
ORD0000825,CUST000425,SELL0729,2026-05-09,12:42:09,2026-05-14,2026-05-13,29751.42,BANK TRANSFER,Delivered,,Delhi,Mobile Web,Home
ORD0000826,CUST001127,SELL0651,2026-06-09,04:30:24,2026-06-16,2026-06-17,19730.53,Bank Transfer,Returned,Size Issue,Lucknow,Mobile Web,Home
ORD0000827,CUST000098,SELL0811,2026-05-25,12:25:22,2026-05-28,2026-05-27,10860.42,Cash on Delivery,Delivered,,Chennai,Web,Furniture
ORD0000828,CUST001198,SELL0174,2026-06-03,20:48:00,2026-06-07,2026-06-08,57037.65,Bank Transfer,Delivered,,Nagpur,Web,Grocery
ORD0000829,CUST000274,SELL0803,2026-06-01,08:17:13,2026-06-07,2026-06-07,39420.2,Cash on Delivery,Delivered,,Kochi,iOS,Fashion
ORD0000830,CUST000255,SELL0487,2026-05-26,16:25:20,2026-05-28,2026-05-30,15272.1,Card,DELAYED,Address Issue,Kolkata,Android,Mobiles
ORD0000831,CUST000348,SELL0553,2026-06-06,04:44:25,2026-06-08,2026-06-09,63170.55,Bank Transfer,Delivered,, CHENNAI ,Android,Sports
ORD0000832,CUST001159,SELL0511,2026-05-22,15:43:21,2026-05-28,,3283.01,Cash on Delivery,Cancelled,Payment Failed,Noida,Mobile Web,Mobiles
ORD0000833,CUST000937,SELL0508,2026-06-07,16:28:28,2026-06-09,2026-06-07,45900.38,UPI,Delivered,,Bengaluru,iOS,Fashion
ORD0000834,CUST000227,SELL0090,2026-06-04,06:58:00,2026-06-08,2026-06-08,61998.55,CASH ON DELIVERY,Delivered,,Kolkata,iOS,Grocery
ORD0000835,CUST000953,SELL0667,2026-05-23,03:33:12,2026-05-28,2026-05-28,15982.75,UPI,Delivered,,Pune,Android,Electronics
ORD0000836,CUST000959,SELL0142,2026-05-14,08:11:44,2026-05-17,2026-05-17,35873.88,Bank Transfer,Delivered,,Gurugram,Android,Furniture
ORD0000837,CUST001027,SELL0547,2026-06-01,04:02:26,2026-06-08,2026-06-07,28922.13,UPI,Delivered,,Noida,Mobile Web,Electronics
ORD0000838,CUST001139,SELL0070,2026-06-12,08:56:47,2026-06-14,2026-06-12,49569.75,Bank Transfer,Delivered,,Lucknow,iOS,Furniture
ORD0000839,CUST000846,SELL0527,2026-05-27,04:07:13,2026-05-31,,675.75,Card,Processing,Address Verification,Nagpur,Web,Beauty
ORD0000840,CUST000079,SELL0122,2026-05-29,18:42:11,2026-05-31,2026-05-31,60395.41,Card,Returned,Size Issue,Jaipur,Mobile Web,Mobiles
ORD0000841,CUST000934,SELL0981,2026-06-11,00:55:38,2026-06-15,2026-06-20,15759.41,UPI,Delayed,Seller Dispatch Delay,Kolkata,Web,Beauty
ORD0000842,CUST000399,SELL0897,2026-05-09,17:29:03,2026-05-11,2026-05-10,8117.56,Card,Delivered,,Bengaluru,iOS,Home
ORD0000843,CUST000601,SELL0348,2026-05-20,05:45:43,2026-05-27,2026-05-28,44309.55,Cash on Delivery,Delivered,,Noida,Web,Appliances
ORD0000844,CUST000408,SELL0193,2026-06-04,19:29:39,2026-06-11,2026-06-11,45598.9,UPI,Delivered,,Delhi,Mobile Web,Sports
ORD0000845,CUST001052,SELL0605,2026-05-15,22:53:23,2026-05-19,,49592.11,Bank Transfer,Cancelled,Seller Cancelled,Indore,iOS,Grocery
ORD0000846,CUST000884,SELL0446,2026-05-01,20:47:03,2026-05-08,2026-05-16,60642.66,UPI,Returned,Size Issue,Nagpur,Android,Appliances
ORD0000847,CUST000912,SELL0941,2026-06-02,02:11:30,2026-06-06,,51283.75,Wallet,Cancelled,Customer Cancelled,Gurugram,Web,Mobiles
ORD0000848,CUST000732,SELL0054,2026-05-11,05:06:54,2026-05-16,,7769.38,Cash on Delivery,Processing,Seller Dispatch Pending,Delhi,Android,Books
ORD0000849,CUST000103,SELL0110,2026-06-14,14:24:32,2026-06-19,2026-06-19,18485.32,Wallet,Delivered,,Pune,Android,Grocery
ORD0000850,CUST001009,SELL0042,2026-05-27,14:05:15,2026-05-29,2026-06-01,33801.22,Wallet,Returned,Size Issue,Coimbatore,iOS,Books
ORD0000851,CUST000716,SELL0880,2026-06-09,15:19:21,2026-06-13,2026-06-18,5560.99,Card,Delayed,Weather Delay,Nagpur,Web,Beauty
ORD0000852,CUST000799,SELL0317,2026-05-07,10:14:40,2026-05-09,2026-05-10,58665.22,Wallet,Delivered,,Lucknow,Android,Fashion
ORD0000853,CUST000951,SELL0555,2026-05-30,10:02:23,2026-06-05,2026-06-11,6507.4,UPI,Delayed,Last Mile Capacity,Kolkata,Mobile Web,Beauty
ORD0000854,CUST000972,SELL0291,2026-05-19,18:02:59,2026-05-22,2026-05-23,40330.4,Wallet,Delivered,,Mumbai,Android,Books
ORD0000855,CUST000317,SELL0952,2026-05-06,19:18:25,2026-05-11,,20805.85,Wallet,Processing,Warehouse Delay,Jaipur,Web,Appliances
ORD0000856,CUST000419,SELL0437,2026-06-06,15:53:02,2026-06-08,2026-06-18,43639.26,Bank Transfer,Delayed,Seller Dispatch Delay,Bengaluru,Mobile Web,Beauty
ORD0000857,CUST000531,SELL0154,2026-05-05,07:09:47,2026-05-10,2026-05-11,18154.68,UPI,Delivered,,Nagpur,iOS,Mobiles
ORD0000858,CUST000430,SELL0645,2026-06-07,10:45:09,2026-06-09,2026-06-09,29969.43,Cash on Delivery,Delivered,,Lucknow,iOS,Appliances
ORD0000859,CUST000187,SELL0425,2026-05-07,06:30:32,2026-05-14,,30534.97,Wallet,Processing,Warehouse Delay,Chennai,Mobile Web,Sports
ORD0000860,CUST000176,SELL0474,2026-05-19,15:23:11,2026-05-23,2026-05-28,10869.23,Bank Transfer,Delayed,Last Mile Capacity,Jaipur,Web,Beauty
ORD0000861,CUST000584,SELL0633,2026-05-19,23:27:41,2026-05-22,2026-05-28,23843.5,Cash on Delivery,Delayed,Seller Dispatch Delay,Kochi,iOS,Grocery
ORD0000862,CUST000739,SELL0100,2026-06-04,09:18:28,2026-06-10,2026-06-17,58686.2,UPI,Delayed,Address Issue,Chennai,Mobile Web,Sports
ORD0000863,CUST000244,SELL0008,2026-05-20,15:02:26,2026-05-23,2026-05-24,46242.28,Cash on Delivery,Delivered,,Jaipur,iOS,Grocery
ORD0000864,CUST001049,SELL0790,2026-05-26,03:01:18,2026-06-01,2026-06-08,8850.04,UPI,Delayed,Courier Delay,Jaipur,Android,Books
ORD0000865,CUST000385,SELL0876,2026-05-22,02:11:44,2026-05-25,2026-06-03,13311.91,Cash on Delivery,Delayed,Courier Delay,Indore,Web,Sports
ORD0000866,CUST000300,SELL0403,2026-05-22,03:24:41,2026-05-25,2026-05-25,8386.59,Wallet,delivered,,Kolkata,iOS,Home
ORD0000867,CUST000072,SELL0744,2026-06-05,02:47:28,2026-06-12,2026-06-11,48196.06,Wallet,Delivered,,Pune,Web,Books
ORD0000868,CUST000303,SELL0163,2026-05-17,11:07:54,2026-05-21,2026-05-22,37260.07,UPI,Delivered,,Pune,Mobile Web,Furniture
ORD0000869,CUST000201,SELL0668,2026-05-14,09:11:48,2026-05-21,,28195.13,Bank Transfer,Processing,Warehouse Delay,Kochi,Android,Furniture
ORD0000870,CUST001146,SELL0012,2026-05-22,20:15:57,2026-05-28,2026-05-30,51405.46,Cash on Delivery,Delayed,Last Mile Capacity,Delhi,iOS,Fashion
ORD0000871,CUST000972,SELL0266,2026-05-27,21:40:28,2026-06-01,2026-06-02,33232.3,Wallet,Delivered,,Kolkata,Web,Sports
ORD0000872,CUST000011,SELL0911,2026-06-11,19:08:29,2026-06-16,,59987.17,Cash on Delivery,Processing,Address Verification,Indore,iOS,Books
ORD0000873,CUST000827,SELL0779,2026-05-26,03:24:58,2026-05-30,2026-05-28,62598.74,Card,Delivered,,Delhi,iOS,Furniture
ORD0000874,CUST000326,SELL0716,2026-06-09,07:01:07,2026-06-11,,37393.69,Cash on Delivery,Processing,Address Verification,Lucknow,Mobile Web,Home
ORD0000875,CUST000895,SELL0880,2026-06-13,20:34:29,2026-06-19,,37282.65,Cash on Delivery,Processing,Warehouse Delay,Nagpur,Mobile Web,Beauty
ORD0000876,CUST000839,SELL0924,2026-05-22,18:12:39,2026-05-25,2026-05-27,62504.9,Bank Transfer,Returned,Wrong Item,Noida,Mobile Web,Grocery
ORD0000877,CUST000403,SELL0736,2026-06-02,22:46:19,2026-06-08,,11590.15,Wallet,Processing,Warehouse Delay,Coimbatore,Mobile Web,Mobiles
ORD0000878,CUST001177,SELL0833,2026-06-04,01:01:10,2026-06-06,,29818.6,Wallet,Cancelled,Payment Failed,Coimbatore,iOS,Home
ORD0000879,CUST000762,SELL0641,2026-06-08,05:26:13,2026-06-10,2026-06-12,52607.16,Card,Refund Pending,Return Pickup Pending,Nagpur,iOS,Electronics
ORD0000880,CUST000313,SELL0322,2026-05-02,00:07:16,2026-05-09,2026-05-11,25383.93,UPI,Delivered,,Jaipur,Android,Books
ORD0000881,CUST000984,SELL0363,2026-05-16,23:16:01,2026-05-22,,58919.39,Bank Transfer,Processing,Address Verification,Ahmedabad,iOS,Mobiles
ORD0000882,CUST000884,SELL0862,2026-05-07,19:52:49,2026-05-13,,29851.18,UPI,Processing,Warehouse Delay,Chennai,Web,Beauty
ORD0000883,CUST000420,SELL0077,2026-05-03,20:38:04,2026-05-08,2026-05-08,6260.78,Cash on Delivery,Delivered,,Indore,Android,Beauty
ORD0000884,CUST000634,SELL0096,2026-05-29,22:34:26,2026-06-05,2026-06-05,36697.36,UPI,Delivered,,Kolkata,Mobile Web,Beauty
ORD0000885,CUST000898,SELL0870,2026-06-04,16:25:36,2026-06-09,2026-06-10,42535.01,Bank Transfer,Delivered,,Kochi,iOS,Mobiles
ORD0000886,CUST000610,SELL0418,2026-05-15,18:41:45,2026-05-22,2026-05-21,42021.72,Bank Transfer,Delivered,,Bengaluru,Mobile Web,Grocery
ORD0000887,CUST000390,SELL0771,2026-05-22,04:26:47,2026-05-26,2026-05-26,15139.32,Card,Delivered,,Coimbatore,Mobile Web,Furniture
ORD0000888,CUST000213,SELL0519,2026-06-08,17:30:18,2026-06-11,2026-06-11,26204.24,Cash on Delivery,Delivered,,Noida,iOS,Books
ORD0000889,CUST000533,SELL0918,2026-06-14,16:11:56,2026-06-21,2026-06-21,60533.16,Cash on Delivery,Delivered,,Kochi,Mobile Web,Sports
ORD0000890,CUST000793,SELL0130,2026-06-09,10:57:50,2026-06-13,,33310.15,Cash on Delivery,Lost,Package Lost,Lucknow,iOS,Mobiles
ORD0000891,CUST000252,SELL0467,2026-05-20,10:05:38,2026-05-27,2026-05-31,2381.07,Cash on Delivery,Refund Pending,Return Pickup Pending,Coimbatore,iOS,Mobiles
ORD0000892,CUST000091,SELL0046,2026-05-02,16:36:03,2026-05-08,,41175.78,UPI,Cancelled,Seller Cancelled,Jaipur,Mobile Web,Electronics
ORD0000893,CUST000570,SELL0698,2026-05-02,05:15:37,2026-05-04,,16745.22,Wallet,Processing,Seller Dispatch Pending,Ahmedabad,Mobile Web,Home
ORD0000894,CUST001185,SELL0921,2026-05-19,05:56:50,2026-05-26,2026-05-28,35252.43,Card,Delivered,,Jaipur,Web,Grocery
ORD0000895,CUST000138,SELL0658,2026-06-07,01:27:18,2026-06-09,2026-06-20,54541.59,Cash on Delivery,Delayed,Address Issue,Hyderabad,Web,Appliances
ORD0000896,CUST000025,SELL0429,2026-05-22,03:31:25,2026-05-29,2026-05-28,54006.74,Wallet,Delivered,,Ahmedabad,Mobile Web,Furniture
ORD0000897,CUST001158,SELL0434,2026-05-26,21:59:34,2026-05-29,2026-05-31,18715.02,UPI,Delivered,,Jaipur,Web,Fashion
ORD0000898,CUST000936,SELL0303,2026-06-07,00:42:15,2026-06-12,,24885.26,Wallet,Cancelled,Seller Cancelled,Nagpur,Mobile Web,Grocery
ORD0000899,CUST001095,SELL0066,2026-05-28,09:29:29,2026-06-02,2026-06-07,8574.89,Cash on Delivery,Delayed,Weather Delay,Noida,iOS,Books
ORD0000900,CUST000305,SELL0082,2026-05-01,17:37:34,2026-05-06,2026-05-12,33043.56,Card,Delayed,Address Issue,Kolkata,iOS,Appliances
ORD0000901,CUST000731,SELL0917,2026-05-26,21:59:28,2026-05-30,2026-05-31,9219.02,Wallet,Delivered,,Lucknow,Mobile Web,Home
ORD0000902,CUST000184,SELL0409,2026-06-05,00:10:19,2026-06-12,2026-06-11,35831.33,UPI,Delivered,,Jaipur,iOS,Home
ORD0000903,CUST000314,SELL0349,2026-05-28,00:42:09,2026-05-31,2026-05-31,14676.83,UPI,Delivered,,Ahmedabad,iOS,Fashion
ORD0000904,CUST000341,SELL0003,2026-06-07,04:11:30,2026-06-10,,9169.34,Wallet,Processing,Seller Dispatch Pending,Pune,Mobile Web,Home
ORD0000905,CUST000303,SELL0284,2026-06-06,06:23:23,2026-06-09,2026-06-07,16481.35,Cash on Delivery,Delivered,,Hyderabad,Mobile Web,Mobiles
ORD0000906,CUST000793,SELL0146,2026-05-10,06:37:11,2026-05-15,2026-05-20,21665.68,Bank Transfer,Returned,Wrong Item,Gurugram,Android,Fashion
ORD0000907,CUST000771,SELL0511,2026-05-02,11:34:18,2026-05-09,2026-05-14,21255.99,UPI,Refund Pending,Return Pickup Pending,Pune,Android,Mobiles
ORD0000908,CUST000784,SELL0040,2026-06-12,03:35:22,2026-06-17,,38206.62,Bank Transfer,Cancelled,Seller Cancelled,Kolkata,Android,Grocery
ORD0000909,CUST000485,SELL0338,2026-05-05,10:24:20,2026-05-11,2026-05-11,40296.12,Wallet,Delivered,,Chennai,Mobile Web,Beauty
ORD0000910,CUST001050,SELL0384,2026-05-14,07:54:11,2026-05-17,2026-05-18,49323.86,Bank Transfer,Refund Pending,Refund Awaited,Hyderabad,iOS,Fashion
ORD0000911,CUST000074,SELL0412,2026-05-31,15:56:02,2026-06-03,2026-06-06,50838.78,UPI,Returned,Customer Return,Chennai,Web,Books
ORD0000912,CUST000979,SELL0819,2026-05-27,19:18:21,2026-05-29,,31458.84,Cash on Delivery,Lost,Package Lost,Pune,iOS,Home
ORD0000913,CUST000537,SELL0584,2026-06-06,12:09:18,2026-06-12,,6297.56,Bank Transfer,Processing,Seller Dispatch Pending,Pune,Mobile Web,Appliances
ORD0000914,CUST000885,SELL0884,2026-05-02,10:37:22,2026-05-08,2026-05-07,7779.8,Bank Transfer,Delivered,,Jaipur,iOS,Electronics
ORD0000915,CUST000790,SELL0625,2026-05-23,15:47:04,2026-05-25,,64672.73,WALLET,Cancelled,Seller Cancelled,Jaipur,iOS,Grocery
ORD0000916,CUST000537,SELL0251,2026-06-09,16:30:24,2026-06-15,2026-06-19,43720.61,UPI,Returned,Damaged Item,Gurugram,Mobile Web,Furniture
ORD0000917,CUST000617,SELL0219,2026-06-05,01:49:12,2026-06-09,2026-06-09,1895.02,UPI,Delivered,,Bengaluru,Web,Sports
ORD0000918,CUST000335,SELL0191,2026-05-12,04:26:45,2026-05-19,2026-05-18,17614.47,Bank Transfer,Delivered,,Noida,Mobile Web,Mobiles
ORD0000919,CUST000168,SELL0199,2026-06-01,17:15:02,2026-06-08,,24495.44,Bank Transfer,Processing,Seller Dispatch Pending,Noida,Web,Fashion
ORD0000920,CUST000391,SELL0427,2026-06-08,06:21:20,2026-06-13,2026-06-13,25321.11,Bank Transfer,Delivered,,Coimbatore,Mobile Web,Appliances
ORD0000921,CUST000637,SELL0938,2026-05-21,01:08:41,2026-05-25,2026-05-24,40363.11,Cash on Delivery,Delivered,,Ahmedabad,iOS,Home
ORD0000922,CUST000653,SELL0733,2026-06-04,11:23:15,2026-06-07,2026-06-12,33155.29,Bank Transfer,Delayed,Address Issue,Noida,iOS,Appliances
ORD0000923,CUST001024,SELL0211,2026-06-11,21:26:45,2026-06-17,,14405.32,Bank Transfer,Processing,Address Verification,Kochi,iOS,Beauty
ORD0000924,CUST000431,SELL0793,2026-05-10,21:37:00,2026-05-12,2026-05-11,17818.54,UPI,Delivered,,Kochi,Web,Mobiles
ORD0000925,CUST000933,SELL0095,2026-05-27,05:59:38,2026-06-02,2026-06-01,47559.89,Wallet,Delivered,,Noida,Mobile Web,Mobiles
ORD0000926,CUST001098,SELL0478,2026-06-03,10:17:27,2026-06-09,2026-06-15,51880.46,Cash on Delivery,Refund Pending,Payment Hold,Nagpur,iOS,Beauty
ORD0000927,CUST000995,SELL0888,2026-06-01,11:08:17,2026-06-05,2026-06-07,35027.56,Wallet,DELIVERED,,Kolkata,Web,Home
ORD0000928,CUST000666,SELL0478,2026-06-08,08:55:55,2026-06-10,,29181.38,Bank Transfer,Processing,Warehouse Delay,Indore,Android,Beauty
ORD0000929,CUST000725,SELL0915,2026-05-27,11:31:28,2026-06-03,2026-06-04,33879.91,wallet,Delivered,,Delhi,Android,Sports
ORD0000930,CUST000877,SELL0669,2026-06-05,20:33:38,2026-06-10,2026-06-10,49349.08,Card,Delivered,,Delhi,Android,Appliances
ORD0000931,CUST000929,SELL0618,2026-05-24,15:22:36,2026-05-30,2026-05-30,48895.88,UPI,Delivered,,Nagpur,Mobile Web,Appliances
ORD0000932,CUST000087,SELL0915,2026-05-01,00:29:46,2026-05-05,2026-05-03,60307.6,UPI,Delivered,,Gurugram,iOS,Sports
ORD0000933,CUST000410,SELL0647,2026-06-01,21:16:52,2026-06-03,2026-06-01,46659.63,Wallet,Delivered,,Chennai,iOS,Home
ORD0000934,CUST000062,SELL0233,2026-05-04,23:05:12,2026-05-09,2026-05-10,50335.88,Card,Delivered,,Ahmedabad,Web,Electronics
ORD0000935,CUST000449,SELL0033,2026-05-19,20:13:48,2026-05-24,,18199.82,Wallet,Cancelled,Customer Cancelled,Coimbatore,Mobile Web,Grocery
ORD0000936,CUST000743,SELL0191,2026-06-07,14:13:10,2026-06-14,2026-06-15,51218.9,Wallet,DELIVERED,,Mumbai,Mobile Web,Mobiles
ORD0000937,CUST000807,SELL0633,2026-05-06,16:52:25,2026-05-09,2026-05-09,30414.26,Cash on Delivery,Delivered,, KOLKATA ,Mobile Web,Grocery
ORD0000938,CUST000263,SELLX9080,2026-06-02,08:00:01,2026-06-07,2026-06-15,5273.08,Wallet,Returned,Damaged Item,Mumbai,Android,Books
ORD0000939,CUST001134,SELL0899,2026-05-11,22:12:42,2026-05-18,2026-05-18,38676.43,Wallet,Delivered,,Indore,Mobile Web,Books
ORD0000940,CUST000706,SELL0456,2026-05-13,16:55:26,2026-05-18,2026-05-17,12261.73,Cash on Delivery,Delivered,,Delhi,Web,Electronics
ORD0000941,CUST000933,SELL0708,2026-05-30,09:21:09,2026-06-06,2026-06-04,24675.51,Card,Delivered,,Gurugram,Android,Furniture
ORD0000942,CUST000382,SELL0700,2026-05-15,21:29:11,2026-05-17,2026-05-17,48500.4,Bank Transfer,Delivered,,Nagpur,Android,Electronics
ORD0000943,CUST000879,SELL0190,2026-06-11,18:28:59,2026-06-15,2026-06-14,30869.0,Cash on Delivery,Delivered,,Kochi,Mobile Web,Fashion
ORD0000944,CUST000703,SELL0403,2026-06-10,01:17:59,2026-06-16,2026-06-16,2514.76,Bank Transfer,Delivered,,Hyderabad,Android,Home
ORD0000945,CUST001039,SELL0339,2026-05-12,18:36:44,2026-05-18,2026-05-18,33722.49,Card,Delivered,,Indore,Mobile Web,Appliances
ORD0000946,CUST000216,SELL0129,2026-05-30,15:37:48,2026-06-02,2026-06-08,4881.06,Card,Returned,Wrong Item,Hyderabad,Mobile Web,Grocery
ORD0000947,CUST000956,SELL0470,2026-05-18,09:51:45,2026-05-25,,56999.57,Cash on Delivery,Cancelled,Seller Cancelled,Coimbatore,Web,Grocery
ORD0000948,CUST000210,SELL0857,2026-06-08,18:08:56,2026-06-12,2026-06-20,10925.37,Wallet,Delayed,Weather Delay,Mumbai,Mobile Web,Beauty
ORD0000949,CUST000819,SELL0332,2026-06-02,06:04:55,2026-06-06,2026-06-06,15613.11,Cash on Delivery,Returned,Size Issue,Coimbatore,Android,Furniture
ORD0000950,CUST000988,SELL0768,2026-06-05,15:15:28,2026-06-08,2026-06-07,3661.76,Wallet,Delivered,,Hyderabad,Android,Mobiles
ORD0000951,CUST000760,SELL0279,2026-05-17,07:50:24,2026-05-23,2026-05-23,12425.68,UPI,Delivered,,Lucknow,iOS,Electronics
ORD0000952,CUST000692,SELL0048,2026-05-22,01:08:59,2026-05-29,,5951.92,Cash on Delivery,Processing,Address Verification,Noida,iOS,Appliances
ORD0000953,CUST000480,SELL0119,2026-06-04,03:36:25,2026-06-06,,48752.57,Bank Transfer,Cancelled,Payment Failed,Kochi,Mobile Web,Fashion
ORD0000954,CUST000792,SELL0394,2026-06-14,08:44:12,2026-06-17,,11794.31,Wallet,Cancelled,Seller Cancelled,Jaipur,Mobile Web,Sports
ORD0000955,CUST000447,SELL0531,2026-05-19,18:28:34,2026-05-21,2026-05-21,37808.55,Wallet,Delivered,,Noida,Web,Grocery
ORD0000956,CUST000288,SELL0471,2026-05-05,19:14:50,2026-05-07,2026-05-11,29041.85,Card,Returned,Customer Return,Nagpur,Mobile Web,Electronics
ORD0000957,CUST000551,SELL0102,2026-05-02,14:35:48,2026-05-07,2026-05-09,18774.2,UPI,Delivered,,Coimbatore,Mobile Web,Home
ORD0000958,CUST000335,SELL0332,2026-06-02,09:39:58,2026-06-08,2026-06-17,4872.89,Wallet,Returned,Damaged Item,Kochi,iOS,Furniture
ORD0000959,CUST000504,SELL0699,2026-05-10,08:07:34,2026-05-13,2026-05-13,16235.01,Cash on Delivery,Delivered,,Delhi,Android,Sports
ORD0000960,CUST001153,SELL0239,2026-06-04,18:50:53,2026-06-09,,32499.16,Cash on Delivery,Cancelled,Seller Cancelled,Kochi,Mobile Web,Appliances
ORD0000961,CUST000376,SELL0677,2026-05-02,06:17:51,2026-05-04,2026-05-06,47099.57,Wallet,Delivered,,Kochi,Mobile Web,Furniture
ORD0000962,CUST000601,SELL0721,2026-05-10,08:53:29,2026-05-12,2026-05-13,41295.43,Bank Transfer,Delivered,,Hyderabad,iOS,Books
ORD0000963,CUST000255,SELL0942,2026-05-05,10:54:01,2026-05-08,2026-05-08,56995.95,Bank Transfer,Delivered,,Gurugram,Android,Mobiles
ORD0000964,CUST000336,SELL0884,2026-06-12,07:53:02,2026-06-18,,7163.01,Card,Processing,Warehouse Delay,Delhi,iOS,Electronics
ORD0000965,CUST000643,SELL0974,2026-05-18,23:40:25,2026-05-24,,1351.81,Wallet,processing,Seller Dispatch Pending,Bengaluru,iOS,Books
ORD0000966,CUST000516,SELL0298,2026-05-18,23:46:50,2026-05-21,2026-05-22,26315.68,Wallet,Delivered,,Chennai,Mobile Web,Beauty
ORD0000967,CUST000880,SELL0812,2026-05-18,03:57:56,2026-05-21,2026-05-19,23593.71,UPI,Delivered,,Jaipur,Web,Appliances
ORD0000968,CUST000848,SELL0258,2026-05-05,11:19:54,2026-05-12,2026-05-13,15784.72,UPI,Delivered,,Pune,Web,Furniture
ORD0000969,CUST000526,SELL0424,2026-05-02,05:30:15,2026-05-04,2026-05-04,16018.52,Bank Transfer,Delivered,,Kochi,Android,Fashion
ORD0000970,CUST000115,SELL0110,2026-05-09,06:05:24,2026-05-13,2026-05-12,37274.65, UPI ,Delivered,,Kolkata,iOS,Grocery
ORD0000971,CUST000145,SELL0190,2026-05-29,06:35:48,2026-06-02,2026-06-01,45062.38,UPI,Delivered,,Noida,Web,Fashion
ORD0000972,CUST000074,SELL0055,2026-05-27,06:42:13,2026-05-31,2026-06-03,40829.04,Card,Delayed,Weather Delay,Pune,iOS,Sports
ORD0000973,CUST000431,SELL0862,2026-05-21,06:59:26,2026-05-24,2026-05-24,10121.07,Cash on Delivery,Delivered,,Gurugram,Android,Beauty
ORD0000974,CUST000761,SELL0985,2026-05-03,11:19:27,2026-05-10,,22636.09,Bank Transfer,Cancelled,Seller Cancelled,Mumbai,Mobile Web,Electronics
ORD0000975,CUST000453,SELL0287,2026-05-19,00:48:38,2026-05-26,,30886.71,Bank Transfer,Processing,Warehouse Delay,Coimbatore,Android,Electronics
ORD0000976,CUST000164,SELL0129,2026-05-10,22:49:26,2026-05-14,2026-05-12,57605.68,UPI,Delivered,,Chennai,Web,Grocery
ORD0000977,CUST001180,SELL0396,2026-06-12,12:39:52,2026-06-14,2026-06-16,17807.46,Wallet,Delayed,Courier Delay,Bengaluru,Web,Home
ORD0000978,CUST000351,SELL0856,2026-05-02,09:38:53,2026-05-04,2026-05-04,33155.27,UPI,Delivered,,Hyderabad,Mobile Web,Grocery
ORD0000979,CUST000662,SELL0904,2026-05-29,01:37:08,2026-06-01,2026-06-01,30785.5,UPI,Delivered,, NAGPUR ,Web,Home
ORD0000980,CUST000188,SELL0789,2026-05-05,16:04:31,2026-05-12,,27419.5,Bank Transfer,Processing,Seller Dispatch Pending,Jaipur,iOS,Furniture
ORD0000981,CUST000291,SELL0284,2026-06-01,06:39:23,2026-06-05,,55264.19,Card,Cancelled,Payment Failed,Bengaluru,Mobile Web,Mobiles
ORD0000982,CUST001162,SELL0055,2026-05-15,07:15:00,2026-05-18,,30077.5,UPI,Processing,Warehouse Delay,Noida,iOS,Sports
ORD0000983,CUST000904,SELL0589,2026-05-01,09:42:33,2026-05-05,,22419.97,Cash on Delivery,Processing,Address Verification,Jaipur,Web,Electronics
ORD0000984,CUST000861,SELL0947,2026-05-10,08:20:19,2026-05-14,2026-05-12,14572.17,Card,Delivered,,Hyderabad,iOS,Grocery
ORD0000985,CUST001144,SELL0208,2026-05-23,19:50:52,2026-05-30,,31968.7,Cash on Delivery,Processing,Warehouse Delay,Hyderabad,Mobile Web,Electronics
ORD0000986,CUST000181,SELL0577,2026-05-19,12:17:15,2026-05-22,2026-05-21,29775.35,Wallet,Delivered,,Lucknow,Android,Sports
ORD0000987,CUST000672,SELL0841,2026-05-31,15:07:51,2026-06-05,,53748.31,Bank Transfer,Cancelled,Payment Failed,Chennai,Web,Furniture
ORD0000988,CUST000502,SELL0283,2026-05-22,15:12:23,2026-05-27,2026-05-31,26301.45,Wallet,Delayed,Last Mile Capacity,Pune,Android,Home
ORD0000989,CUST000484,SELL0561,2026-05-03,21:39:33,2026-05-06,2026-05-07,779.17,Cash on Delivery,Delivered,,Kolkata,Mobile Web,Furniture
ORD0000990,CUST000045,SELL0338,2026-05-30,16:59:30,2026-06-02,,29385.76,Card,Cancelled,Customer Cancelled,Gurugram,Mobile Web,Beauty
ORD0000991,CUST000759,SELL0433,2026-06-13,08:48:02,2026-06-16,2026-06-17,29440.21,UPI,Delivered,,Indore,Android,Mobiles
ORD0000992,CUST000709,SELL0811,2026-05-06,15:30:29,2026-05-11,,27453.7,Wallet,Processing,Seller Dispatch Pending, PUNE ,Web,Furniture
ORD0000993,CUST001134,SELL0858,2026-05-14,05:03:11,2026-05-21,2026-05-19,52819.88,Cash on Delivery,Delivered,,Pune,Mobile Web,Home
ORD0000994,CUST000699,SELL0243,2026-06-10,11:31:38,2026-06-12,2026-06-13,1444.32,Wallet,Delivered,,Noida,Android,Mobiles
ORD0000995,CUST000215,SELL0167,2026-06-03,00:55:33,2026-06-09,2026-06-13,34248.19,UPI,Returned,Damaged Item,Noida,Mobile Web,Sports
ORD0000996,CUST000583,SELL0836,2026-06-03,08:49:29,2026-06-05,2026-06-04,13207.33,Bank Transfer,Delivered,,Jaipur,Mobile Web,Mobiles
ORD0000997,CUST001120,SELL0297,2026-06-11,23:02:28,2026-06-16,2026-06-16,49498.7,UPI,Delivered,,Gurugram,Web,Appliances
ORD0000998,CUST000520,SELL0359,2026-05-15,12:46:44,2026-05-22,,62158.98,UPI,Processing,Address Verification,Coimbatore,Web,Mobiles
ORD0000999,CUST000218,SELL0119,2026-05-14,07:20:11,2026-05-17,2026-05-19,9266.19,Card,Refund Pending,Return Pickup Pending,Lucknow,iOS,Fashion
ORD0001000,CUST000131,SELL0829,2026-06-07,00:31:06,2026-06-13,,15239.6,Cash on Delivery,Processing,Seller Dispatch Pending,Hyderabad,Web,Appliances
ORD0001001,CUST000244,SELL0198,2026-06-06,01:38:42,2026-06-10,2026-06-17,50485.23,CARD,Delayed,Address Issue, COIMBATORE ,Android,Furniture
ORD0001002,CUST000098,SELL0034,2026-05-19,08:04:02,2026-05-22,,19472.7,UPI,Processing,Seller Dispatch Pending,Jaipur,iOS,Furniture
ORD0001003,CUST000089,SELL0142,2026-06-05,18:21:47,2026-06-12,2026-06-11,51431.44,UPI,Delivered,,Lucknow,iOS,Furniture
ORD0001004,CUST001096,SELL0428,2026-06-13,09:33:36,2026-06-15,2026-06-15,56202.97,Wallet,Delivered,,Kochi,Web,Fashion
ORD0001005,CUST000332,SELL0988,2026-05-10,15:11:34,2026-05-16,2026-05-21,10081.2,UPI,Refund Pending,Refund Awaited,Jaipur,Android,Furniture
ORD0001006,CUST000758,SELL0370,2026-06-14,08:36:51,2026-06-19,2026-06-26,14160.29,Card,Returned,Damaged Item,Pune,Android,Books
ORD0001007,CUST000760,SELL0524,2026-05-19,19:02:55,2026-05-22,,38635.46,Card,Lost,Package Lost,Indore,Mobile Web,Grocery
ORD0001008,CUST000654,SELL0951,2026-05-17,07:26:08,2026-05-22,2026-05-29,25275.53,Wallet,Delayed,Address Issue,Chennai,Mobile Web,Appliances
ORD0001009,CUST000185,SELL0015,2026-05-02,05:20:35,2026-05-08,,19227.02,Wallet,Cancelled,Customer Cancelled,Bengaluru,Android,Furniture
ORD0001010,CUST000510,SELL0613,2026-05-01,20:25:52,2026-05-08,,33150.26,Card,Cancelled,Customer Cancelled,Gurugram,iOS,Grocery
ORD0001011,CUST001067,SELL0097,2026-05-22,18:29:56,2026-05-24,,62475.68,Bank Transfer,Processing,Warehouse Delay,Chennai,Web,Electronics
ORD0001012,CUST000932,SELL0704,2026-06-03,04:39:55,2026-06-09,2026-06-09,25192.62,Wallet,Delivered,,Jaipur,iOS,Sports
ORD0001013,CUST000002,SELL0279,2026-05-12,03:11:47,2026-05-14,2026-05-12,61125.67,Card,Delivered,,Coimbatore,iOS,Electronics
ORD0001014,CUST000208,SELL0606,2026-05-26,20:25:50,2026-06-01,2026-05-31,38547.71,Bank Transfer,Delivered,,Indore,iOS,Appliances
ORD0001015,CUST000020,SELL0600,2026-06-12,10:38:34,2026-06-19,2026-06-19,22855.5,Bank Transfer,Delivered,,Coimbatore,Android,Appliances
ORD0001016,CUST000024,SELL0014,2026-05-07,20:41:11,2026-05-09,2026-05-08,59356.55,Card,Delivered,,Chennai,Web,Books
ORD0001017,CUST001112,SELL0352,2026-05-24,15:06:57,2026-05-29,2026-05-28,10989.82,Wallet,Delivered,,Coimbatore,Android,Grocery
ORD0001018,CUST000356,SELL0561,2026-06-09,05:01:56,2026-06-16,2026-06-23,8845.01,Cash on Delivery,Refund Pending,Payment Hold,Noida,Mobile Web,Furniture
ORD0001019,CUSTX963115,SELL0999,2026-05-15,14:52:06,2026-05-20,2026-05-20,3928.72,Wallet,Delivered,,Noida,iOS,Fashion
ORD0001020,CUST000743,SELL0583,2026-05-31,08:28:42,2026-06-02,2026-06-03,22214.18,Cash on Delivery,Delivered,,Kochi,iOS,Appliances
ORD0001021,CUST000511,SELL0959,2026-05-12,04:20:08,2026-05-17,2026-05-16,58429.77,Bank Transfer,Delivered,,Lucknow,Web,Appliances
ORD0001022,CUST000403,SELL0162,2026-05-11,06:54:16,2026-05-17,2026-05-24,59277.97,Bank Transfer,Delayed,Address Issue,Noida,Web,Home
ORD0001023,CUST000460,SELL0187,2026-06-12,23:40:28,2026-06-19,2026-06-20,,UPI,Refund Pending,Payment Hold,Indore,Android,Home
ORD0001024,CUST001183,SELL0621,2026-05-06,20:10:42,2026-05-09,2026-05-20,36321.44, Wallet ,Delayed,Weather Delay,Coimbatore,Web,Fashion
ORD0001025,CUST000776,SELL0768,2026-05-16,12:10:35,2026-05-22,2026-05-22,64535.71,Card,Delivered,,Hyderabad,Web,Mobiles
ORD0001026,CUST000568,SELL0596,2026-06-10,10:50:00,2026-06-13,2026-06-13,54927.5,UPI,Delivered,,Kochi,Web,Home
ORD0001027,CUST000667,SELL0412,2026-05-08,13:18:46,2026-05-12,2026-05-11,19672.67,UPI,Delivered,,Bengaluru,Web,Books
ORD0001028,CUST001018,SELL0926,2026-05-16,08:41:52,2026-05-21,2026-05-21,25175.45,Card,Delivered,,Noida,iOS,Home
ORD0001029,CUST000334,SELL0836,2026-05-13,18:20:36,2026-05-20,2026-05-20,30685.93,UPI,Delivered,,Jaipur,Mobile Web,Mobiles
ORD0001030,CUST000811,SELL0615,2026-05-03,11:57:52,2026-05-05,2026-05-05,21438.72,UPI,Delivered,,Ahmedabad,Mobile Web,Beauty
ORD0001031,CUST000518,SELL0631,2026-06-07,11:28:23,2026-06-12,2026-06-12,45749.08,Bank Transfer,Delivered,,Mumbai,iOS,Appliances
ORD0001032,CUST000414,SELL0335,2026-06-13,13:29:28,2026-06-16,,15250.68,Wallet,Lost,Package Lost,Lucknow,Web,Grocery
ORD0001033,CUST000577,SELL0403,2026-05-11,17:23:19,2026-05-13,2026-05-13,41203.53,UPI,Delivered,,Chennai,Web,Home
ORD0001034,CUST000086,SELL0298,2026-05-14,07:55:11,2026-05-17,,20147.12,Bank Transfer,Lost,Package Lost,Pune,Web,Beauty
ORD0001035,CUST001114,SELL0791,2026-05-04,11:04:18,2026-05-07,2026-05-06,44128.94,Cash on Delivery,Delivered,,Coimbatore,Web,Furniture
ORD0001036,CUST000443,SELL0729,2026-06-14,16:56:43,2026-06-21,2026-06-21,50090.76,Bank Transfer,Delivered,,Nagpur,Web,Home
ORD0001037,CUST000807,SELL0736,2026-06-06,07:52:33,2026-06-12,,48474.31,Card,Processing,Seller Dispatch Pending,Ahmedabad,Mobile Web,Mobiles
ORD0001038,CUST000808,SELL0479,2026-05-14,05:44:03,2026-05-16,2026-05-14,45049.71,UPI,Delivered,,Kochi,Web,Beauty
ORD0001039,CUST000664,SELL0595,2026-05-30,09:46:23,2026-06-02,2026-06-02,15184.48,Bank Transfer,Delivered,,Gurugram,Web,Sports
ORD0001040,CUST000804,SELL0396,2026-06-01,22:17:32,2026-06-03,2026-06-03,14247.12,Bank Transfer,Delivered,,Ahmedabad,Mobile Web,Home
ORD0001041,CUST000231,SELL0808,2026-05-30,10:26:03,2026-06-05,,10444.6,Cash on Delivery,Cancelled,Payment Failed,Chennai,Android,Sports
ORD0001042,CUST000245,SELL0365,2026-06-04,19:27:07,2026-06-11,2026-06-15,29491.59,Bank Transfer,Refund Pending,Payment Hold,Pune,Mobile Web,Beauty
ORD0001043,CUST001032,SELL0321,2026-05-09,16:46:02,2026-05-14,,5530.05,Wallet,Processing,Seller Dispatch Pending,Chennai,Android,Mobiles
ORD0001044,CUST000720,SELL0435,2026-05-08,04:29:08,2026-05-15,2026-05-22,36191.93,Card,Delayed,Address Issue,Nagpur,Mobile Web,Sports
ORD0001045,CUST000275,SELL0279,2026-05-06,07:16:10,2026-05-10,2026-05-10,33226.54,Cash on Delivery,Delivered,,Mumbai,Mobile Web,Electronics
ORD0001046,CUST001148,SELL0912,2026-05-23,09:03:19,2026-05-28,2026-06-04,5494.2,Wallet,Refund Pending,Return Pickup Pending,Kolkata,Web,Books
ORD0001047,CUST000867,SELL0663,2026-05-30,02:43:35,2026-06-04,2026-06-08,24716.22,Wallet,Delayed,Seller Dispatch Delay,Coimbatore,Web,Fashion
ORD0001048,CUST001157,SELL0571,2026-05-23,06:06:50,2026-05-28,2026-05-28,16304.04,Wallet,Delivered,,Ahmedabad,Android,Beauty
ORD0001049,CUST001093,SELL0967,2026-06-11,03:54:47,2026-06-16,2026-06-17,23253.89,Wallet,Delivered,,Gurugram,Mobile Web,Grocery
ORD0001050,CUST000982,SELL0270,2026-06-12,07:47:02,2026-06-17,2026-06-16,9683.03,Card,Delivered,,Chennai,Mobile Web,Electronics
ORD0001051,CUST001063,SELL0490,2026-06-02,20:43:54,2026-06-06,2026-06-09,7514.3,UPI,Delayed,Weather Delay,Coimbatore,Android,Fashion
ORD0001052,CUST000773,SELL0905,2026-06-03,03:08:51,2026-06-05,2026-06-05,5554.03,Wallet,Delivered,,Mumbai,Web,Fashion
ORD0001053,CUST001076,SELL0873,2026-05-03,02:52:34,2026-05-08,,49083.02,Card,Processing,Warehouse Delay,Hyderabad,Mobile Web,Grocery
ORD0001054,CUST000765,SELL0854,2026-06-08,17:42:04,2026-06-15,2026-06-14,60124.41,Cash on Delivery,Delivered,,Mumbai,Mobile Web,Beauty
ORD0001055,CUST000724,SELL0148,2026-05-26,18:41:48,2026-05-30,2026-05-30,63347.77,Wallet,Delivered,,Kolkata,Android,Home
ORD0001056,CUST000127,SELL0334,2026-05-20,13:17:18,2026-05-22,,49946.22,UPI,Cancelled,Seller Cancelled,Kochi,Mobile Web,Books
ORD0001057,CUST000403,SELL0091,2026-05-22,10:14:05,2026-05-24,2026-05-24,45773.02,Bank Transfer,Delivered,,Chennai,Mobile Web,Mobiles
ORD0001058,CUST000175,SELL0307,2026-06-01,05:32:10,2026-06-04,2026-06-03,6445.45,Cash on Delivery,delivered,,Delhi,Mobile Web,Mobiles
ORD0001059,CUST000670,SELL0482,2026-06-06,12:19:03,2026-06-12,2026-06-12,1787.76,Wallet,Delivered,,Coimbatore,Mobile Web,Sports
ORD0001060,CUST000705,SELL0766,2026-05-22,13:05:05,2026-05-24,2026-05-22,41181.12,Wallet,Delivered,,Ahmedabad,Android,Books
ORD0001061,CUST000041,SELL0108,2026-05-18,07:20:09,2026-05-20,2026-05-28,26175.93,Card,Delayed,Last Mile Capacity,Indore,Mobile Web,Mobiles
ORD0001062,CUST001114,SELL0594,2026-05-24,15:16:20,2026-05-27,2026-05-28,1330.36,Cash on Delivery,Delivered,,Kolkata,iOS,Furniture
ORD0001063,CUST000422,SELL0578,2026-05-14,11:17:32,2026-05-18,2026-05-17,5786.52,Wallet,Delivered,,Delhi,iOS,Fashion
ORD0001064,CUST000312,SELL0225,2026-05-22,17:55:23,2026-05-27,,37923.07,Wallet,Processing,Address Verification,Noida,Web,Fashion
ORD0001065,CUST000647,SELL0679,2026-05-14,22:38:58,2026-05-17,2026-05-17,62959.44,Bank Transfer,Delivered,,Hyderabad,Mobile Web,Furniture
ORD0001066,CUST000041,SELL0927,2026-05-17,12:46:47,2026-05-19,2026-05-21,2293.42,Bank Transfer,Delivered,,Mumbai,iOS,Home
ORD0001067,CUST001114,SELL0639,2026-06-10,06:51:43,2026-06-12,2026-06-13,30126.88,Bank Transfer,Delivered,,Kolkata,iOS,Sports
ORD0001068,CUST000612,SELL0746,2026-05-21,13:00:23,2026-05-24,2026-05-24,15863.75,Bank Transfer,Delivered,,Jaipur,Web,Grocery
ORD0001069,CUST000606,SELL0440,2026-05-08,13:48:05,2026-05-13,2026-05-13,31899.34,Bank Transfer,Delivered,,Kochi,iOS,Books
ORD0001070,CUST001198,SELL0470,2026-06-02,14:05:26,2026-06-08,2026-06-07,19014.81, Wallet ,Delivered,,Delhi,Web,Grocery
ORD0001071,CUST000292,SELL0751,2026-05-07,17:32:37,2026-05-14,2026-05-15,20819.88,cash on delivery,Delivered,,Bengaluru,Android,Books
ORD0001072,CUST000623,SELL0651,2026-05-07,07:00:55,2026-05-11,2026-05-10,40381.15,Wallet,Delivered,,Ahmedabad,Android,Home
ORD0001073,CUST000662,SELL0366,2026-05-16,03:17:45,2026-05-20,2026-05-25,33738.94,Cash on Delivery,Returned,Wrong Item,Chennai,Mobile Web,Books
ORD0001074,CUST001166,SELL0758,2026-05-15,21:02:13,2026-05-21,,30177.97,Cash on Delivery,Cancelled,Seller Cancelled,Kolkata,Android,Sports
ORD0001075,CUST001072,SELL0624,2026-05-30,12:57:04,2026-06-03,2026-06-02,15662.47,Wallet,Delivered,,Pune,Mobile Web,Books
ORD0001076,CUST000334,SELL0172,2026-06-12,14:31:45,2026-06-17,,49023.19,Cash on Delivery,Cancelled,Seller Cancelled,Ahmedabad,iOS,Grocery
ORD0001077,CUST000048,SELL0879,2026-06-04,07:33:38,2026-06-08,,39059.43,Cash on Delivery,Cancelled,Payment Failed,Delhi,Web,Home
ORD0001078,CUST000895,SELL0978,2026-05-21,17:06:45,2026-05-26,2026-05-26,7473.63,Wallet,Delivered,,Pune,iOS,Electronics
ORD0001079,CUST000157,SELL0140,2026-06-12,21:12:59,2026-06-16,2026-06-16,5593.49,Wallet,Delivered,,Chennai,Web,Mobiles
ORD0001080,CUST000838,SELL0027,2026-05-20,13:41:21,2026-05-26,2026-05-25,36193.44,Wallet,Delivered,,Kolkata,Mobile Web,Appliances
ORD0001081,CUST000060,SELL0725,2026-05-29,14:33:12,2026-06-05,2026-06-07,40469.35,Card,Returned,Damaged Item,Chennai,iOS,Electronics
ORD0001082,CUST000396,SELL0114,2026-05-07,11:44:27,2026-05-09,2026-05-16,37625.43,Card,Refund Pending,Return Pickup Pending,Gurugram,Android,Beauty
ORD0001083,CUST000213,SELL0414,2026-05-02,15:43:38,2026-05-07,,6995.04,Card,Cancelled,Payment Failed,Chennai,iOS,Beauty
ORD0001084,CUST000822,SELL0208,2026-05-20,03:27:31,2026-05-25,,23825.81,Cash on Delivery,Processing,Warehouse Delay,Noida,Mobile Web,Electronics
ORD0001085,CUST001004,SELL0637,2026-06-05,06:51:02,2026-06-11,2026-06-21,23505.81,Card,Delayed,Seller Dispatch Delay,Coimbatore,Mobile Web,Furniture
ORD0001086,CUST000581,SELL0340,2026-06-06,17:16:43,2026-06-11,,41200.85,Cash on Delivery,Cancelled,Customer Cancelled,Coimbatore,Android,Sports
ORD0001087,CUST000936,SELL0343,2026-05-28,02:14:13,2026-06-04,,48795.05,Bank Transfer,Cancelled,Payment Failed,Kolkata,Android,Sports
ORD0001088,CUST000089,SELL0189,2026-05-31,12:07:00,2026-06-05,2026-06-04,54415.19,Card,Delivered,,Pune,iOS,Fashion
ORD0001089,CUST001062,SELL0178,2026-05-22,17:37:24,2026-05-24,2026-05-23,34172.42,UPI,Delivered,,Delhi,Android,Furniture
ORD0001090,CUST000650,SELL0883,2026-06-05,12:16:18,2026-06-12,2026-06-17,64836.52,Wallet,Delayed,Seller Dispatch Delay,Gurugram,Android,Books
ORD0001091,CUST000408,SELL0720,2026-05-16,14:42:27,2026-05-20,2026-05-20,3665.97,Cash on Delivery,Delivered,,Chennai,iOS,Home
ORD0001092,CUST001139,SELL0751,2026-06-04,13:35:30,2026-06-09,2026-06-09,57975.71,UPI,Delivered,, MUMBAI ,iOS,Books
ORD0001093,CUST000886,SELL0808,2026-05-06,04:36:52,2026-05-11,2026-05-11,22887.41,Bank Transfer,DELIVERED,,Mumbai,Android,Sports
ORD0001094,CUST000629,SELL0765,2026-05-15,20:46:29,2026-05-17,2026-05-17,26304.69,Bank Transfer,Delivered,,Jaipur,Mobile Web,Furniture
ORD0001095,CUST000358,SELL0350,2026-05-18,14:48:01,2026-05-24,,41612.46,Cash on Delivery,Cancelled,Seller Cancelled,Nagpur,Android,Furniture
ORD0001096,CUST001026,SELL0229,2026-06-08,15:30:23,2026-06-15,,25176.73,Card,Cancelled,Customer Cancelled,Kochi,Mobile Web,Mobiles
ORD0001097,CUST000173,SELL0770,2026-05-20,09:15:59,2026-05-26,2026-06-04,50010.47,UPI,Returned,Damaged Item,Ahmedabad,iOS,Fashion
ORD0001098,CUST000917,SELL0981,2026-05-07,19:09:28,2026-05-10,2026-05-13,4331.03,Wallet,Delayed,Address Issue,Hyderabad,Web,Beauty
ORD0001099,CUST000366,SELL0852,2026-05-21,08:01:30,2026-05-24,,24520.69,UPI,Cancelled,Seller Cancelled,Noida,Mobile Web,Appliances
ORD0001100,CUST001148,SELL0653,2026-06-04,03:12:44,2026-06-11,2026-06-09,23241.86,Card,Delivered,,Hyderabad,Web,Electronics
ORD0001101,CUST000071,SELL0936,2026-05-26,04:12:05,2026-05-29,2026-06-02,40602.11,Cash on Delivery,Delayed,Courier Delay,Nagpur,Android,Grocery
ORD0001102,CUST000978,SELL0662,2026-05-10,02:18:30,2026-05-15,2026-05-15,15391.68,UPI,Delivered,,Pune,Android,Mobiles
ORD0001103,CUST001168,SELL0640,2026-05-13,08:25:44,2026-05-19,2026-05-19,9024.72,Wallet,Delivered,,Kochi,Web,Sports
ORD0001104,CUST001172,SELL0966,2026-05-18,01:48:43,2026-05-25,,16303.33,Card,Processing,Warehouse Delay,Pune,Android,Furniture
ORD0001105,CUST001051,SELL0973,2026-05-01,11:46:41,2026-05-08,2026-05-10,57640.96, Cash on Delivery ,Delivered,,Chennai,Android,Appliances
ORD0001106,CUST000696,SELL0497,2026-06-12,11:54:05,2026-06-17,2026-06-17,15292.49,bank transfer,Delivered,,Gurugram,Android,Home
ORD0001107,CUST000568,SELL0746,2026-05-11,09:09:33,2026-05-13,2026-05-20,46703.75,Cash on Delivery,Delayed,Weather Delay,Bengaluru,Mobile Web,Grocery
ORD0001108,CUST000217,SELL0198,2026-06-13,08:15:27,2026-06-16,,14895.08,Wallet,Cancelled,Payment Failed,Gurugram,Mobile Web,Furniture
ORD0001109,CUST000099,SELL0068,2026-06-06,06:36:41,2026-06-10,2026-06-10,26641.4,Card,Delivered,,Bengaluru,iOS,Beauty
ORD0001110,CUST000806,SELL0860,2026-05-04,07:07:58,2026-05-10,2026-05-13,37727.41,Wallet,Returned,Damaged Item,Jaipur,Android,Electronics
ORD0001111,CUST000560,SELL0544,2026-06-01,19:32:15,2026-06-06,2026-06-04,9330.55,Wallet,Delivered,,Delhi,Web,Beauty
ORD0001112,CUST000642,SELL0836,2026-05-21,14:48:01,2026-05-24,2026-05-29,49469.3,Cash on Delivery,Delayed,Weather Delay,Noida,Web,Mobiles
ORD0001113,CUST000488,SELL0466,2026-06-02,00:42:33,2026-06-07,2026-06-10,9928.47,Card,Refund Pending,Refund Awaited,Ahmedabad,Mobile Web,Books
ORD0001114,CUST000895,SELL0511,2026-06-07,23:01:07,2026-06-09,2026-06-09,42024.09,Cash on Delivery,Returned,Customer Return,Ahmedabad,Web,Mobiles
ORD0001115,CUST000228,SELL0431,2026-05-02,06:29:06,2026-05-04,2026-05-06,61502.24,Card,Delivered,,Pune,Web,Home
ORD0001116,CUST000557,SELL0062,2026-06-06,02:23:08,2026-06-10,2026-06-12,30499.94,Wallet,Delayed,Address Issue,Noida,iOS,Electronics
ORD0001117,CUST000518,SELL0503,2026-06-06,09:51:13,2026-06-12,,54696.62,Bank Transfer,Cancelled,Seller Cancelled,Delhi,Web,Furniture
ORD0001118,CUST001181,SELL0270,2026-05-29,22:33:13,2026-06-03,,60056.19,UPI,Cancelled,Payment Failed,Ahmedabad,iOS,Electronics
ORD0001119,CUST000768,SELL0684,2026-05-20,02:51:42,2026-05-27,2026-05-29,15719.98,Card,Refund Pending,Payment Hold,Ahmedabad,iOS,Mobiles
ORD0001120,CUST000784,SELL0472,2026-05-15,01:12:13,2026-05-21,2026-05-21,47744.96,Cash on Delivery,Returned,Wrong Item,Jaipur,Mobile Web,Appliances
ORD0001121,CUST000754,SELL0746,2026-05-23,03:11:15,2026-05-27,2026-05-26,57665.76,Bank Transfer,Delivered,,Kolkata,Android,Grocery
ORD0001122,CUST000625,SELL0775,2026-05-23,01:23:39,2026-05-29,2026-05-29,44406.72,Bank Transfer,Delivered,,Nagpur,iOS,Furniture
ORD0001123,CUST001108,SELL0222,2026-05-19,21:36:14,2026-05-23,,57442.89,Cash on Delivery,Lost,Package Lost,Chennai,Android,Fashion
ORD0001124,CUST001102,SELL0147,2026-06-07,04:25:02,2026-06-13,2026-06-22,16275.94, Bank Transfer ,Delayed,Seller Dispatch Delay,Mumbai,Mobile Web,Sports
ORD0001125,CUST000004,SELL0753,2026-05-19,18:35:58,2026-05-21,2026-05-20,51137.19,Card,Delivered,,Kolkata,Mobile Web,Grocery
ORD0001126,CUST001174,SELL0138,2026-05-26,10:37:45,2026-05-30,2026-06-07,45012.89,UPI,Delayed,Address Issue,Coimbatore,iOS,Books
ORD0001127,CUST000308,SELL0201,2026-05-28,05:56:22,2026-06-03,2026-06-10,21994.98,Cash on Delivery,Delayed,Weather Delay,Chennai,iOS,Sports
ORD0001128,CUST000563,SELL0342,2026-05-26,10:51:09,2026-05-29,2026-06-03,53404.67,Card,Refund Pending,Refund Awaited,Kolkata,Android,Beauty
ORD0001129,CUST000007,SELL0612,2026-05-16,12:14:39,2026-05-23,2026-05-22,42912.1,Wallet,Delivered,,Delhi,Web,Appliances
ORD0001130,CUST000327,SELL0789,2026-06-03,14:04:43,2026-06-06,,8462.13,Wallet,Processing,Seller Dispatch Pending,Lucknow,Web,Furniture
ORD0001131,CUST000126,SELL0097,2026-05-13,09:59:21,2026-05-20,2026-05-18,7243.36,Bank Transfer,Delivered,,Noida,Android,Electronics
ORD0001132,CUST001108,SELL0715,2026-05-04,06:54:41,2026-05-09,2026-05-17,59727.87,Wallet,Delayed,Weather Delay,Mumbai,Android,Beauty
ORD0001133,CUST000987,SELL0780,2026-05-31,14:34:31,2026-06-05,2026-06-04,27457.32,UPI,Delivered,,Hyderabad,Web,Furniture
ORD0001134,CUST000747,SELL0344,2026-06-05,08:21:42,2026-06-11,,25843.87,Cash on Delivery,Cancelled,Seller Cancelled,Bengaluru,iOS,Books
ORD0001135,CUST001196,SELL0386,2026-05-23,15:14:31,2026-05-30,2026-05-30,24865.23,Bank Transfer,Delivered,,Chennai,Web,Sports
ORD0001136,CUST000498,SELL0069,2026-06-04,12:10:43,2026-06-07,2026-06-06,14556.65,Bank Transfer,Delivered,,Delhi,Android,Home
ORD0001137,CUST000281,SELL0033,2026-05-18,00:17:39,2026-05-23,2026-05-23,530.8,Cash on Delivery,Delivered,,Bengaluru,Android,Grocery
ORD0001138,CUST000004,SELL0831,2026-06-05,11:19:19,2026-06-08,2026-06-08,60229.26,Bank Transfer,Delivered,,Hyderabad,Android,Electronics
ORD0001139,CUST000865,SELL0468,2026-06-02,12:37:39,2026-06-06,2026-06-07,54025.92,Wallet,DELIVERED,,Ahmedabad,iOS,Sports
ORD0001140,CUST000697,SELL0419,2026-06-08,20:41:34,2026-06-11,2026-06-17,46759.76,Card,Delayed,Weather Delay,Hyderabad,Android,Home
ORD0001141,CUST000918,SELL0097,2026-06-04,09:01:53,2026-06-06,2026-06-05,52439.94,Wallet,Delivered,,Gurugram,Web,Electronics
ORD0001142,CUST000279,SELL0266,2026-06-11,04:28:13,2026-06-18,2026-06-29,21819.75,Wallet,Delayed,Courier Delay, INDORE ,iOS,Sports
ORD0001143,CUST000757,SELL0114,2026-06-03,00:16:03,2026-06-06,2026-06-07,61297.56,Cash on Delivery,Delivered,,Mumbai,Web,Beauty
ORD0001144,CUST000447,SELL0031,2026-05-22,02:15:32,2026-05-24,2026-05-24,42230.47,Cash on Delivery,Delivered,, COIMBATORE ,Android,Electronics
ORD0001145,CUST000730,SELL0671,2026-05-09,03:14:47,2026-05-12,2026-05-12,60772.2,Card,Delivered,,Lucknow,Web,Appliances
ORD0001146,CUST000800,SELL0745,2026-05-09,17:17:52,2026-05-11,2026-05-13,59102.96,Card,Delivered,, KOLKATA ,iOS,Mobiles
ORD0001147,CUST000369,SELL0102,2026-05-06,21:36:02,2026-05-11,2026-05-11,46584.01,Bank Transfer,Delivered,,Ahmedabad,Mobile Web,Home
ORD0001148,CUST000380,SELL0299,2026-05-09,21:24:10,2026-05-11,2026-05-09,26829.62,Card,Delivered,,Ahmedabad,Android,Appliances
ORD0001149,CUST000016,SELL0128,2026-05-08,15:20:28,2026-05-11,2026-05-17,61177.43,Card,Returned,Wrong Item,Lucknow,Android,Grocery
ORD0001150,CUST000457,SELL0092,2026-06-13,10:46:42,2026-06-19,2026-06-19,20734.27,Bank Transfer,Delivered,,Kochi,Web,Grocery
ORD0001151,CUST000445,SELL0422,2026-06-05,14:25:32,2026-06-11,2026-06-16,3188.72,Cash on Delivery,Returned,Size Issue, DELHI ,iOS,Electronics
ORD0001152,CUST000328,SELL0648,2026-06-09,11:43:38,2026-06-16,,52004.41,Wallet,Cancelled,Seller Cancelled,Pune,iOS,Home
ORD0001153,CUST000120,SELL0763,2026-05-22,15:23:11,2026-05-29,2026-06-05,53967.24,Bank Transfer,Delayed,Courier Delay,Noida,Mobile Web,Books
ORD0001154,CUST000565,SELL0881,2026-06-08,18:46:21,2026-06-11,2026-06-17,61484.18,Wallet,Delayed,Weather Delay,Indore,Web,Electronics
ORD0001155,CUST000653,SELL0131,2026-05-14,20:20:14,2026-05-19,2026-05-18,21142.17,Wallet,Delivered,,Kolkata,Mobile Web,Fashion
ORD0001156,CUST001073,SELL0900,2026-05-24,00:48:02,2026-05-28,2026-05-27,45409.63,Wallet,Delivered,,Pune,Web,Grocery
ORD0001157,CUST000261,SELL0698,2026-05-08,10:51:41,2026-05-11,2026-05-11,44580.15,Cash on Delivery,Delivered,,Chennai,Android,Home
ORD0001158,CUST001051,SELL0422,2026-05-03,20:55:03,2026-05-08,,19069.38,Bank Transfer,Processing,Address Verification,Indore,Android,Electronics
ORD0001159,CUST000363,SELL0013,2026-06-07,13:58:22,2026-06-14,2026-06-14,14136.58,Cash on Delivery,Delivered,,Bengaluru,Android,Appliances
ORD0001160,CUST000364,SELL0354,2026-05-31,04:02:30,2026-06-07,2026-06-09,10239.67,Bank Transfer,Delivered,,Bengaluru,Mobile Web,Appliances
ORD0001161,CUST001099,SELL0716,2026-05-16,09:51:22,2026-05-20,2026-05-25,50287.48,Wallet,Delayed,Courier Delay,Lucknow,Web,Home
ORD0001162,CUST000537,SELL0600,2026-05-25,23:18:17,2026-05-28,2026-05-28,34546.7,Bank Transfer,Delivered,,Nagpur,Mobile Web,Appliances
ORD0001163,CUST000037,SELL0295,2026-05-07,15:23:14,2026-05-09,2026-05-15,27561.33,Cash on Delivery,Delayed,Courier Delay, BENGALURU ,Android,Appliances
ORD0001164,CUST000052,SELL0266,2026-06-14,11:35:38,2026-06-19,2026-06-19,812.6,UPI,Delivered,,Gurugram,iOS,Sports
ORD0001165,CUST000553,SELL0401,2026-05-07,23:59:04,2026-05-12,2026-05-12,41041.16,Card,Delivered,,Pune,iOS,Furniture
ORD0001166,CUST000716,SELL0436,2026-05-18,05:13:35,2026-05-24,2026-05-23,12670.11,Card,Delivered,,Coimbatore,Android,Mobiles
ORD0001167,CUST000441,SELL0522,2026-05-06,21:07:03,2026-05-10,2026-05-12,41654.98,UPI,Delivered,,Kolkata,iOS,Fashion
ORD0001168,CUST000809,SELL0093,2026-05-18,10:34:35,2026-05-24,2026-05-27,27061.47,UPI,Refund Pending,Return Pickup Pending,Mumbai,Android,Electronics
ORD0001169,CUST000617,SELL0984,2026-06-09,04:55:29,2026-06-16,2026-06-16,55296.62,Wallet,delivered,,Coimbatore,iOS,Fashion
ORD0001170,CUST000457,SELL0966,2026-05-12,23:10:35,2026-05-17,2026-05-17,24235.08,Cash on Delivery,Delivered,,Delhi,iOS,Furniture
ORD0001171,CUST000670,SELL0533,2026-05-08,01:54:41,2026-05-14,2026-05-19,29663.84,Card,Delayed,Last Mile Capacity,Hyderabad,Android,Grocery
ORD0001172,CUST000962,SELL0803,2026-05-11,07:52:13,2026-05-15,2026-05-17,37070.39,Card,Delivered,,Ahmedabad,Web,Fashion
ORD0001173,CUST000389,SELL0393,2026-05-19,19:08:35,2026-05-22,2026-05-21,43000.56,Cash on Delivery,Delivered,,Coimbatore,Mobile Web,Appliances
ORD0001174,CUST000057,SELL0142,2026-05-07,05:59:01,2026-05-14,2026-05-13,50676.43,Card,Delivered,,Pune,Android,Furniture
ORD0001175,CUST000861,SELL0279,2026-05-13,02:49:30,2026-05-18,2026-05-20,23866.85,UPI,delivered,,Bengaluru,Android,Electronics
ORD0001176,CUSTX947241,SELL0750,2026-05-24,11:44:54,2026-05-26,2026-05-31,12475.71,Card,Returned,Wrong Item,Nagpur,Web,Home
ORD0001177,CUST000460,SELL0377,2026-06-13,15:15:27,2026-06-20,2026-06-20,16758.24,Card,Delivered,,Indore,Android,Electronics
ORD0001178,CUST001038,SELL0389,2026-06-01,09:55:36,2026-06-03,2026-06-02,36207.04,Cash on Delivery,Delivered,,Indore,iOS,Grocery
ORD0001179,CUST000888,SELL0971,2026-05-30,06:09:44,2026-06-04,2026-06-04,30768.38,Card,Delivered,,Ahmedabad,Web,Home
ORD0001180,CUST000678,SELL0732,2026-05-05,09:39:47,2026-05-09,2026-05-07,39886.41,Cash on Delivery,Delivered,,Bengaluru,Mobile Web,Grocery
ORD0001181,CUST000215,SELL0115,2026-05-29,05:03:06,2026-06-02,2026-06-02,34933.34,UPI,Delivered,,Pune,iOS,Appliances
ORD0001182,CUST001012,SELL0205,2026-05-26,09:52:37,2026-05-30,2026-06-02,36724.62,Cash on Delivery,Delayed,Seller Dispatch Delay,Noida,Mobile Web,Books
ORD0001183,CUST000372,SELL0351,2026-06-13,17:29:42,2026-06-19,2026-06-24,54128.0,Cash on Delivery,Delayed,Last Mile Capacity,Jaipur,iOS,Electronics
ORD0001184,CUST000085,SELL0681,2026-05-02,16:26:17,2026-05-06,2026-05-06,47415.04,Bank Transfer,Delivered,,Lucknow,Mobile Web,Electronics
ORD0001185,CUST000464,SELL0479,2026-05-20,15:28:24,2026-05-24,2026-05-23,45834.67,UPI,Delivered,,Kolkata,Android,Beauty
ORD0001186,CUST000915,SELL0437,2026-06-07,14:04:45,2026-06-11,2026-06-18,19434.96,Card,Returned,Wrong Item,Mumbai,Mobile Web,Beauty
ORD0001187,CUST000112,SELL0225,2026-05-07,08:56:11,2026-05-10,2026-05-19,59568.03,Wallet,Returned,Wrong Item,Nagpur,Mobile Web,Fashion
ORD0001188,CUST000453,SELL0906,2026-06-06,01:58:56,2026-06-12,2026-06-12,16271.54,UPI,Delivered,,Ahmedabad,iOS,Fashion
ORD0001189,CUST000145,SELL0984,2026-05-09,11:08:54,2026-05-16,2026-05-21,34650.58,Bank Transfer,Returned,Size Issue,Kochi,Mobile Web,Fashion
ORD0001190,CUST000204,SELL0722,2026-06-11,00:54:17,2026-06-15,2026-06-18,39113.91,Bank Transfer,Delayed,Weather Delay,Delhi,Mobile Web,Home
ORD0001191,CUST000321,SELL0630,2026-05-12,05:31:04,2026-05-15,2026-05-15,22592.69,UPI,Delivered,,Pune,Mobile Web,Grocery
ORD0001192,CUST000414,SELL0238,2026-06-14,05:26:07,2026-06-16,2026-06-17,24719.4,Wallet,Refund Pending,Return Pickup Pending,Pune,Mobile Web,Mobiles
ORD0001193,CUST000304,SELL0590,2026-05-22,10:32:20,2026-05-24,2026-05-28,38604.96,Wallet,Delayed,Courier Delay,Jaipur,iOS,Furniture
ORD0001194,CUST000614,SELL0193,2026-05-12,12:15:52,2026-05-16,2026-05-24,31718.06,Wallet,Returned,Customer Return,Delhi,iOS,Sports
ORD0001195,CUST000564,SELL0629,2026-05-29,17:32:02,2026-06-03,2026-06-03,61704.34,UPI,Delivered,,Noida,Mobile Web,Mobiles
ORD0001196,CUST000487,SELL0620,2026-05-17,00:34:33,2026-05-23,2026-05-23,58282.84,UPI,Delivered,,Bengaluru,Web,Furniture
ORD0001197,CUST000447,SELL0217,2026-05-17,13:43:04,2026-05-22,2026-05-30,4960.95,Cash on Delivery,Delayed,Seller Dispatch Delay,Mumbai,Android,Mobiles
ORD0001198,CUST000845,SELL0742,2026-05-04,13:08:25,2026-05-09,,19682.94,Bank Transfer,Processing,Seller Dispatch Pending,Kochi,Web,Beauty
ORD0001199,CUST001092,SELL0569,2026-05-21,20:04:05,2026-05-28,2026-05-29,20005.46,Bank Transfer,Delivered,,Mumbai,Android,Mobiles
ORD0001200,CUST000442,SELL0723,2026-05-24,03:56:17,2026-05-29,2026-05-28,1705.25,Wallet,Delivered,,Chennai,Android,Books
ORD0001201,CUST000689,SELL0337,2026-05-16,05:00:30,2026-05-19,2026-05-21,50319.96,Bank Transfer,Returned,Customer Return,Coimbatore,Mobile Web,Appliances
ORD0001202,CUST001092,SELL0683,2026-05-25,01:17:44,2026-06-01,,42004.53,Card,PROCESSING,Seller Dispatch Pending,Ahmedabad,Web,Books
ORD0001203,CUST000685,SELL0727,2026-05-18,13:28:40,2026-05-22,2026-05-26,25812.64,Wallet,Returned,Size Issue,Chennai,iOS,Beauty
ORD0001204,CUST000916,SELL0617,2026-05-05,07:42:48,2026-05-11,2026-05-11,6771.2,Card,Delivered,,Bengaluru,iOS,Electronics
ORD0001205,CUSTX926030,SELL0708,2026-06-09,18:28:15,2026-06-12,2026-06-14,55453.46,Wallet,Delivered,,Nagpur,iOS,Furniture
ORD0001206,CUST000660,SELL0878,2026-05-10,23:30:43,2026-05-14,,64203.13,Card,Processing,Warehouse Delay,Mumbai,iOS,Beauty
ORD0001207,CUST000231,SELL0334,2026-05-24,11:16:33,2026-05-29,,1944.64,Card,Lost,Package Lost,Chennai,Mobile Web,Books
ORD0001208,CUST000434,SELL0791,2026-05-15,19:19:57,2026-05-20,2026-05-20,61351.46,Bank Transfer,Delivered,,Jaipur,Web,Furniture
ORD0001209,CUST000872,SELL0617,2026-05-17,17:12:33,2026-05-19,2026-05-18,39289.38,Cash on Delivery,Delivered,,Kolkata,Mobile Web,Electronics
ORD0001210,CUST001089,SELL0146,2026-06-05,12:01:34,2026-06-11,2026-06-11,19557.29,Bank Transfer,Delivered,,Indore,Web,Fashion
ORD0001211,CUST001158,SELL0707,2026-05-08,02:47:07,2026-05-11,2026-05-17,10006.94,UPI,Returned,Wrong Item,Mumbai,Android,Electronics
ORD0001212,CUST000634,SELL0473,2026-05-31,12:07:33,2026-06-03,2026-06-03,37373.42,Bank Transfer,Delivered,,Jaipur,Android,Sports
ORD0001213,CUST000560,SELL0206,2026-06-01,00:52:10,2026-06-07,2026-06-13,6396.93,Card,Delayed,Address Issue,Nagpur,iOS,Electronics
ORD0001214,CUST000881,SELL0447,2026-06-11,14:35:22,2026-06-16,2026-06-18,22343.28,Bank Transfer,Refund Pending,Payment Hold,Noida,Android,Mobiles
ORD0001215,CUST000019,SELL0989,2026-05-22,22:33:37,2026-05-28,2026-05-26,24228.85,Card,Delivered,,Pune,Android,Appliances
ORD0001216,CUST001104,SELL0406,2026-05-16,00:11:48,2026-05-23,2026-05-28,43305.82,Cash on Delivery,Delayed,Weather Delay,Pune,Android,Electronics
ORD0001217,CUST000646,SELL0207,2026-06-02,12:54:28,2026-06-07,2026-06-08,16760.35,Bank Transfer,Delivered,,Chennai,Mobile Web,Home
ORD0001218,CUSTX922363,SELL0979,2026-05-16,02:31:05,2026-05-19,,30173.54,Wallet,Cancelled,Seller Cancelled,Indore,Android,Fashion
ORD0001219,CUST000663,SELL0378,2026-05-20,10:28:18,2026-05-25,2026-05-24,51832.45,Cash on Delivery,Delivered,,Bengaluru,Android,Beauty
ORD0001220,CUST000392,SELL0356,2026-06-12,03:34:44,2026-06-16,2026-06-16,43938.59,Cash on Delivery,Delivered,, BENGALURU ,iOS,Electronics
ORD0001221,CUST000403,SELL0742,2026-05-03,18:33:06,2026-05-06,2026-05-07,59114.68,Bank Transfer,Delivered,,Hyderabad,Android,Beauty
ORD0001222,CUST000616,SELL0168,2026-05-08,03:24:00,2026-05-12,2026-05-22,9011.77,Cash on Delivery,Delayed,Weather Delay,Hyderabad,Web,Grocery
ORD0001223,CUST000286,SELL0251,2026-05-08,18:20:23,2026-05-15,2026-05-17,3654.22,Card,Delayed,Last Mile Capacity,Noida,Android,Furniture
ORD0001224,CUST000072,SELL0768,2026-06-14,18:44:27,2026-06-17,,48475.43,Cash on Delivery,Cancelled,Customer Cancelled,Ahmedabad,Mobile Web,Mobiles
ORD0001225,CUST000189,SELL0558,2026-06-02,01:25:35,2026-06-08,2026-06-17,6421.31,Wallet,Delayed,Last Mile Capacity,Lucknow,iOS,Grocery
ORD0001226,CUST000770,SELL0050,2026-05-20,15:23:56,2026-05-23,2026-05-23,51112.22,Bank Transfer,Delivered,,Kochi,Web,Books
ORD0001227,CUST000792,SELL0447,2026-06-06,03:53:36,2026-06-12,,21222.08,Card,Cancelled,Customer Cancelled,Noida,Mobile Web,Mobiles
ORD0001228,CUST000203,SELL0096,2026-05-18,05:45:39,2026-05-25,2026-05-27,45926.62,Wallet,Delivered,,Lucknow,Mobile Web,Beauty
ORD0001229,CUST000905,SELL0636,2026-05-27,19:02:16,2026-06-03,,30728.89,Card,Cancelled,Seller Cancelled,Noida,iOS,Appliances
ORD0001230,CUST000707,SELL0563,2026-05-22,13:08:10,2026-05-29,2026-06-02,42118.81,Wallet,Returned,Customer Return,Kolkata,iOS,Appliances
ORD0001231,CUST001080,SELL0640,2026-05-20,04:45:28,2026-05-24,2026-05-23,40195.45,Wallet,Delivered,,Delhi,iOS,Sports
ORD0001232,CUST000565,SELL0245,2026-06-05,03:05:26,2026-06-08,2026-06-09,2631.26,UPI,Delivered,,Hyderabad,Mobile Web,Appliances
ORD0001233,CUST000842,SELL0956,2026-05-31,21:48:17,2026-06-02,2026-05-31,42313.35,Bank Transfer,Delivered,,Chennai,Android,Furniture
ORD0001234,CUST000042,SELL0043,2026-05-08,00:25:08,2026-05-12,2026-05-11,15034.91,Card,Delivered,, KOCHI ,Mobile Web,Furniture
ORD0001235,CUST000751,SELL0055,2026-05-06,00:34:28,2026-05-08,2026-05-10,44095.16,Card,Delivered,,Ahmedabad,iOS,Sports
ORD0001236,CUST000051,SELL0920,2026-06-11,20:52:51,2026-06-13,2026-06-15,45230.59,Cash on Delivery,DELAYED,Seller Dispatch Delay,Bengaluru,Android,Appliances
ORD0001237,CUST000180,SELL0587,2026-05-29,06:53:49,2026-06-04,2026-06-04,49340.49,Wallet,Delivered,,Kolkata,Android,Books
ORD0001238,CUST000389,SELL0821,2026-06-03,06:54:09,2026-06-07,2026-06-08,56544.41,Card,Refund Pending,Refund Awaited,Hyderabad,Mobile Web,Mobiles
ORD0001239,CUST000635,SELL0269,2026-05-08,05:02:04,2026-05-11,2026-05-12,58541.97,Wallet,Delivered,,Nagpur,Android,Mobiles
ORD0001240,CUSTX955313,SELL0248,2026-06-09,03:52:13,2026-06-14,2026-06-14,28074.02,Cash on Delivery,Delivered,,Noida,Web,Grocery
ORD0001241,CUST000762,SELL0343,2026-05-30,04:07:33,2026-06-01,2026-05-31,26444.76,Wallet,Delivered,,Coimbatore,iOS,Sports
ORD0001242,CUST000533,SELL0332,2026-05-03,08:58:24,2026-05-06,,27767.14,Card,Cancelled,Payment Failed,Chennai,Android,Furniture
ORD0001243,CUST000241,SELL0640,2026-05-21,23:53:28,2026-05-25,2026-05-24,2141.63,Card,Delivered,,Pune,Mobile Web,Sports
ORD0001244,CUST001170,SELL0093,2026-05-20,23:28:32,2026-05-22,2026-05-27,22582.22,Card,Delayed,Weather Delay,Coimbatore,Mobile Web,Electronics
ORD0001245,CUST000166,SELL0232,2026-05-18,08:53:02,2026-05-25,2026-05-29,62286.49,Bank Transfer,Delayed,Courier Delay,Noida,Mobile Web,Fashion
ORD0001246,CUST001002,SELL0071,2026-06-12,16:52:42,2026-06-17,2026-06-16,60486.0,Card,Delivered,,Chennai,iOS,Mobiles
ORD0001247,CUST000594,SELL0004,2026-05-13,11:38:39,2026-05-17,,28214.3,Card,Processing,Address Verification,Kochi,Web,Grocery
ORD0001248,CUST000469,SELL0384,2026-06-02,01:32:04,2026-06-07,2026-06-06,22459.5,UPI,Delivered,,Indore,Mobile Web,Fashion
ORD0001249,CUST000212,SELL0074,2026-05-30,21:03:11,2026-06-01,2026-06-05,25800.81,Cash on Delivery,Refund Pending,Refund Awaited,Gurugram,Android,Mobiles
ORD0001250,CUST001000,SELL0808,2026-05-05,16:09:38,2026-05-09,2026-05-08,48535.98,UPI,Delivered,,Kolkata,Android,Sports
ORD0001251,CUST000860,SELL0401,2026-05-07,05:07:16,2026-05-11,2026-05-09,50571.87,Wallet,Delivered,,Gurugram,iOS,Furniture
ORD0001252,CUST000417,SELL0624,2026-05-03,05:12:27,2026-05-05,2026-05-05,19887.49,Wallet,Delivered,,Mumbai,iOS,Books
ORD0001253,CUST000708,SELL0219,2026-05-24,15:30:49,2026-05-30,,8015.1,Wallet,Processing,Address Verification,Indore,iOS,Sports
ORD0001254,CUST000554,SELL0984,2026-05-30,00:55:38,2026-06-05,2026-06-04,37657.8,Bank Transfer,Delivered,,Noida,Mobile Web,Fashion
ORD0001255,CUST000774,SELL0223,2026-06-13,09:02:13,2026-06-17,,10651.07,Cash on Delivery,Processing,Address Verification,Gurugram,Mobile Web,Sports
ORD0001256,CUST000269,SELL0156,2026-05-17,10:22:42,2026-05-19,2026-05-19,48956.17,Card,Delivered,,Kolkata,Mobile Web,Furniture
ORD0001257,CUST000320,SELL0291,2026-06-06,03:52:19,2026-06-10,2026-06-11,17141.58,Card,Returned,Wrong Item,Coimbatore,Web,Books
ORD0001258,CUST000753,SELL0199,2026-05-15,22:13:31,2026-05-17,2026-05-17,30676.7,UPI,Delivered,,Pune,iOS,Fashion
ORD0001259,CUST000599,SELL0826,2026-05-12,08:45:21,2026-05-16,,46249.63,Bank Transfer,Processing,Seller Dispatch Pending,Indore,Android,Grocery
ORD0001260,CUST000784,SELL0275,2026-05-14,03:24:09,2026-05-16,2026-05-17,21709.19,Card,Delivered,,Chennai,Mobile Web,Home
ORD0001261,CUST000965,SELL0858,2026-05-07,21:08:08,2026-05-12,2026-05-12,4888.82,Card,Returned,Size Issue,Kolkata,iOS,Home
ORD0001262,CUST000918,SELL0752,2026-05-17,20:09:56,2026-05-19,2026-05-23,25912.82,Card,Delayed,Courier Delay,Gurugram,iOS,Home
ORD0001263,CUST000201,SELL0683,2026-05-28,01:37:01,2026-05-31,,59316.24,UPI,lost,Package Lost,Jaipur,Mobile Web,Books
ORD0001264,CUST000624,SELL0967,2026-06-02,19:32:53,2026-06-07,2026-06-11,15053.39,UPI,Returned,Customer Return,Jaipur,Web,Grocery
ORD0001265,CUST000653,SELL0611,2026-06-05,22:18:40,2026-06-12,2026-06-19,4848.38,Bank Transfer,Delayed,Courier Delay,Coimbatore,Android,Books
ORD0001266,CUST000684,SELL0511,2026-05-30,12:42:49,2026-06-03,,17229.4,UPI,Cancelled,Seller Cancelled,Mumbai,Mobile Web,Mobiles
ORD0001267,CUST000683,SELL0350,2026-05-05,00:21:48,2026-05-08,2026-05-07,22894.41,Cash on Delivery,Delivered,,Ahmedabad,Android,Furniture
ORD0001268,CUST000130,SELL0772,2026-05-22,06:51:38,2026-05-28,2026-06-04,40659.79,Wallet,Returned,Size Issue,Delhi,Android,Sports
ORD0001269,CUST000159,SELL0778,2026-05-07,00:51:02,2026-05-14,2026-05-12,64087.85,Cash on Delivery,Delivered,,Mumbai,Android,Beauty
ORD0001270,CUST000812,SELL0006,2026-05-28,00:52:14,2026-06-02,2026-06-02,52627.91,Bank Transfer,Delivered,,Kolkata,iOS,Books
ORD0001271,CUST000775,SELL0747,2026-05-12,14:57:19,2026-05-16,2026-05-18,11897.57,Bank Transfer,Returned,Customer Return,Coimbatore,Web,Appliances
ORD0001272,CUST000359,SELL0099,2026-06-13,11:03:03,2026-06-20,2026-06-20,32035.99,Cash on Delivery,Delivered,,Chennai,iOS,Books
ORD0001273,CUST001121,SELL0052,2026-06-04,13:11:04,2026-06-09,,52986.7,Card,Processing,Seller Dispatch Pending,Chennai,iOS,Home
ORD0001274,CUST000084,SELL0847,2026-05-04,01:15:42,2026-05-06,2026-05-06,10081.72,UPI,Delivered,,Lucknow,Android,Fashion
ORD0001275,CUST000008,SELL0327,2026-06-04,15:18:36,2026-06-09,2026-06-09,15852.38,UPI,Delivered,,Kochi,Android,Books
ORD0001276,CUST000061,SELL0853,2026-05-03,18:13:28,2026-05-08,2026-05-08,8774.51,Cash on Delivery,Delivered,,Mumbai,Web,Beauty
ORD0001277,CUST000625,SELL0727,2026-05-29,16:57:14,2026-05-31,2026-05-30,60837.87,UPI,Delivered,,Bengaluru,Mobile Web,Beauty
ORD0001278,CUST000759,SELL0586,2026-05-02,10:40:09,2026-05-05,2026-05-05,26541.78,Wallet,Delivered,,Gurugram,Web,Fashion
ORD0001279,CUST000547,SELL0705,2026-05-27,09:41:13,2026-06-01,,59787.12,Card,Lost,Package Lost,Hyderabad,iOS,Beauty
ORD0001280,CUST000990,SELL0533,2026-05-21,19:54:42,2026-05-26,2026-05-25,4134.59,Cash on Delivery,Delivered,,Ahmedabad,Mobile Web,Grocery
ORD0001281,CUST001162,SELL0087,2026-05-12,15:55:19,2026-05-18,,4544.5,Cash on Delivery,Processing,Seller Dispatch Pending,Kochi,Android,Fashion
ORD0001282,CUST000801,SELL0200,2026-05-10,19:06:21,2026-05-15,2026-05-24,25414.33,Cash on Delivery,Delayed,Weather Delay,Nagpur,Mobile Web,Books
ORD0001283,CUST000109,SELL0258,2026-05-29,16:39:43,2026-06-01,2026-05-30,28705.68,UPI,delivered,,Kolkata,Android,Furniture
ORD0001284,CUST000802,SELL0643,2026-05-08,13:28:55,2026-05-11,2026-05-14,40061.7,UPI,Returned,Size Issue,Chennai,Mobile Web,Home
ORD0001285,CUST000240,SELL0494,2026-06-03,03:29:35,2026-06-10,,19305.13,Card,Processing,Warehouse Delay,Lucknow,Mobile Web,Beauty
ORD0001286,CUST000595,SELL0926,2026-05-19,01:02:57,2026-05-23,2026-05-29,20371.06,Bank Transfer,Returned,Customer Return,Gurugram,Android,Home
ORD0001287,CUST000397,SELL0114,2026-06-11,23:31:50,2026-06-15,2026-06-15,59763.89,Bank Transfer,Delivered,,Ahmedabad,Web,Beauty
ORD0001288,CUST000394,SELL0461,2026-06-14,12:15:58,2026-06-20,2026-06-29,29350.4,CASH ON DELIVERY,Delayed,Seller Dispatch Delay,Coimbatore,Web,Home
ORD0001289,CUST000417,SELL0494,2026-05-10,19:33:18,2026-05-12,2026-05-12,41854.1,Cash on Delivery,Delivered,,Nagpur,Android,Beauty
ORD0001290,CUST000538,SELL0247,2026-05-12,15:49:20,2026-05-14,,15867.96,UPI,Cancelled,Payment Failed,Indore,iOS,Grocery
ORD0001291,CUST000409,SELL0306,2026-05-05,08:19:54,2026-05-07,2026-05-07,30552.99,UPI,Delivered,,Jaipur,Web,Beauty
ORD0001292,CUST001119,SELL0425,2026-05-11,06:10:21,2026-05-16,2026-05-17,24976.34,Cash on Delivery,Delivered,,Bengaluru,Mobile Web,Sports
ORD0001293,CUST000306,SELL0839,2026-05-31,11:17:49,2026-06-02,2026-06-07,53052.65,Wallet,Delayed,Weather Delay,Kochi,Web,Beauty
ORD0001294,CUST000616,SELL0551,2026-05-07,15:26:19,2026-05-11,,64808.59,UPI,Processing,Address Verification,Bengaluru,iOS,Fashion
ORD0001295,CUST000542,SELL0103,2026-06-07,08:38:37,2026-06-10,2026-06-10,35284.1,Card,Delivered,,Ahmedabad,Web,Books
ORD0001296,CUST000718,SELL0323,2026-06-13,03:35:32,2026-06-15,2026-06-26,29566.09,UPI,Delayed,Last Mile Capacity,Lucknow,Mobile Web,Electronics
ORD0001297,CUST000565,SELL0452,2026-05-17,23:07:19,2026-05-19,,33419.71,UPI,PROCESSING,Seller Dispatch Pending,Bengaluru,Mobile Web,Books
ORD0001298,CUST000557,SELL0848,2026-06-10,18:54:39,2026-06-13,2026-06-15,16053.26,Card, Delivered ,,Coimbatore,Android,Electronics
ORD0001299,CUST000591,SELL0646,2026-05-20,01:30:20,2026-05-22,,63782.78,Bank Transfer,Processing,Seller Dispatch Pending,Jaipur,Web,Books
ORD0001300,CUST000382,SELL0957,2026-05-11,21:24:23,2026-05-15,2026-05-14,38406.87,Bank Transfer,Delivered,,Ahmedabad,Web,Mobiles
ORD0001301,CUST000885,SELL0719,2026-05-31,07:43:55,2026-06-06,2026-06-07,34060.96,Cash on Delivery,Delivered,,Bengaluru,Web,Beauty
ORD0001302,CUST000854,SELL0821,2026-06-07,02:10:03,2026-06-12,2026-06-12,48014.79,Card,Delivered,,Coimbatore,Android,Mobiles
ORD0001303,CUST000575,SELL0981,2026-05-05,22:44:56,2026-05-08,2026-05-10,10134.18,Cash on Delivery,Delayed,Courier Delay,Delhi,iOS,Beauty
ORD0001304,CUST000400,SELL0162,2026-05-11,15:47:38,2026-05-13,2026-05-13,30489.11,Card,Delivered,,Kolkata,Web,Home
ORD0001305,CUST000292,SELL0525,2026-06-06,06:51:51,2026-06-11,,45918.0,Wallet,Processing,Warehouse Delay,Bengaluru,Android,Sports
ORD0001306,CUST000318,SELL0001,2026-06-08,12:58:46,2026-06-12,,13645.46,Wallet,Processing,Address Verification,Chennai,Android,Electronics
ORD0001307,CUST001139,SELL0651,2026-05-19,22:14:21,2026-05-24,,38665.2,Card,processing,Address Verification,Mumbai,Web,Home
ORD0001308,CUST000029,SELL0411,2026-05-26,23:00:41,2026-05-29,2026-05-28,7599.67,Cash on Delivery,Delivered,,Coimbatore,Mobile Web,Mobiles
ORD0001309,CUST001145,SELL0381,2026-06-08,05:23:28,2026-06-14,,58507.66,UPI,Cancelled,Payment Failed, GURUGRAM ,Mobile Web,Beauty
ORD0001310,CUST000389,SELL0903,2026-05-13,06:48:35,2026-05-20,2026-05-20,20404.05,Cash on Delivery,Delivered,,Kolkata,Android,Mobiles
ORD0001311,CUST000605,SELL0794,2026-05-05,04:35:04,2026-05-10,2026-05-16,32725.01,Cash on Delivery,Delayed,Courier Delay,Pune,Mobile Web,Furniture
ORD0001312,CUST000689,SELL0056,2026-05-22,09:03:51,2026-05-24,,27915.99,Wallet,Cancelled,Payment Failed,Bengaluru,Web,Books
ORD0001313,CUST000477,SELL0508,2026-06-07,18:25:41,2026-06-14,2026-06-13,32348.41,Cash on Delivery,Delivered,,Delhi,Android,Fashion
ORD0001314,CUST000234,SELL0727,2026-05-17,19:28:20,2026-05-22,,20644.65,Wallet,Cancelled,Payment Failed,Kochi,Web,Beauty
ORD0001315,CUST000802,SELL0279,2026-05-11,07:18:19,2026-05-16,2026-05-17,10070.21,Cash on Delivery,Delivered,,Ahmedabad,Android,Electronics
ORD0000475,CUST000646,SELL0489,2026-05-25,10:30:15,2026-05-29,2026-05-28,62602.7,Wallet,Delivered,,Lucknow,Android,Beauty
ORD0001317,CUST000718,SELL0410,2026-06-05,10:43:31,2026-06-08,,808.74,UPI,Processing,Warehouse Delay,Ahmedabad,iOS,Home
ORD0001318,CUST000199,SELL0053,2026-05-10,16:53:46,2026-05-14,2026-05-17,14643.94,Bank Transfer,Delayed,Weather Delay,Kolkata,Android,Sports
ORD0001319,CUST000423,SELL0145,2026-05-04,07:15:06,2026-05-09,2026-05-09,10313.16,Card,Delivered,,Kolkata,Android,Sports
ORD0001320,CUST000282,SELL0890,2026-05-29,23:07:06,2026-06-05,2026-06-05,1464.36,UPI,Delivered,,Gurugram,Web,Fashion
ORD0001321,CUST000687,SELL0596,2026-05-18,15:04:08,2026-05-25,,32176.82,Card,Processing,Address Verification,Kochi,Web,Home
ORD0001322,CUST001021,SELL0066,2026-06-06,19:08:54,2026-06-11,,27065.2,Bank Transfer,Cancelled,Customer Cancelled,Pune,Android,Books
ORD0001323,CUST000150,SELL0095,2026-05-01,17:37:29,2026-05-08,2026-05-08,55107.31,Card,Delivered,,Coimbatore,Web,Mobiles
ORD0001324,CUST001188,SELL0643,2026-06-10,00:34:35,2026-06-16,,61393.05,UPI,Cancelled,Seller Cancelled,Pune,Mobile Web,Home
ORD0001325,CUST001192,SELL0412,2026-06-01,18:41:03,2026-06-06,2026-06-06,39310.38,Cash on Delivery,Delivered,,Lucknow,Mobile Web,Books
ORD0001326,CUST000207,SELL0907,2026-05-28,06:42:08,2026-06-03,2026-06-01,33618.79,Wallet,Delivered,,Jaipur,iOS,Beauty
ORD0001327,CUST000624,SELL0307,2026-05-03,12:36:42,2026-05-07,,49742.82,Bank Transfer,Cancelled,Customer Cancelled,Gurugram,Web,Mobiles
ORD0001328,CUST000757,SELL0811,2026-05-06,22:43:13,2026-05-13,2026-05-13,9136.9,UPI,Delivered,,Hyderabad,iOS,Furniture
ORD0001329,CUST000747,SELL0798,2026-05-27,05:38:11,2026-05-29,2026-05-30,1601.89,Cash on Delivery,Delivered,,Chennai,iOS,Books
ORD0001330,CUST000124,SELL0367,2026-05-03,10:21:00,2026-05-05,2026-05-05,43256.16,Bank Transfer,Delivered,,Lucknow,iOS,Home
ORD0001331,CUST000364,SELL0420,2026-06-11,22:51:52,2026-06-16,2026-06-16,52129.22,Bank Transfer,Delivered,,Nagpur,Web,Sports
ORD0001332,CUST000761,SELL0514,2026-06-14,20:18:29,2026-06-21,2026-06-26,46090.35,Cash on Delivery,Returned,Wrong Item,Ahmedabad,Web,Appliances
ORD0001333,CUST001109,SELL0600,2026-06-01,09:05:49,2026-06-03,,41678.94,Wallet,Cancelled,Seller Cancelled,Delhi,iOS,Appliances
ORD0001334,CUST001040,SELL0564,2026-05-16,08:32:05,2026-05-20,,32609.95,Bank Transfer,Processing,Warehouse Delay,Pune,Android,Beauty
ORD0001335,CUST000368,SELL0650,2026-05-03,19:07:44,2026-05-07,,64028.22,Bank Transfer,Processing,Warehouse Delay,Hyderabad,Android,Electronics
ORD0001336,CUST000132,SELL0386,2026-05-11,23:33:36,2026-05-18,2026-05-29,1156.77,UPI,Delayed,Weather Delay,Bengaluru,Android,Sports
ORD0001337,CUST000864,SELL0809,2026-05-27,14:37:11,2026-05-29,2026-05-29,64728.24,Card,delivered,,Chennai,Web,Books
ORD0001338,CUST000419,SELL0735,2026-05-18,09:13:07,2026-05-22,2026-05-20,24393.23,Cash on Delivery,Delivered,,Kochi,Mobile Web,Appliances
ORD0001339,CUST000591,SELL0373,2026-05-01,23:03:21,2026-05-05,2026-05-11,52228.27,Card,Delayed,Courier Delay,Coimbatore,Web,Furniture
ORD0001340,CUST000689,SELL0066,2026-05-26,13:20:44,2026-05-29,2026-05-29,60190.23,upi,Delivered,,Indore,iOS,Books
ORD0001341,CUST000199,SELL0797,2026-05-29,14:37:03,2026-05-31,2026-05-30,22284.21,Bank Transfer,Delivered,,Coimbatore,Web,Fashion
ORD0001342,CUST000681,SELL0080,2026-06-14,10:19:32,2026-06-17,,1525.21,UPI,Cancelled,Customer Cancelled,Kolkata,iOS,Sports
ORD0001343,CUST000296,SELL0274,2026-06-04,00:02:58,2026-06-06,2026-06-06,44281.83,Wallet,Delivered,,Nagpur,Mobile Web,Electronics
ORD0001344,CUST000084,SELL0358,2026-05-02,07:05:54,2026-05-07,2026-05-09,39959.09,Wallet,Delivered,,Ahmedabad,Web,Fashion
ORD0001345,CUST001105,SELL0477,2026-05-03,14:05:53,2026-05-05,2026-05-05,50072.79,Card,Delivered,,Nagpur,iOS,Sports
ORD0001346,CUST000431,SELL0786,2026-05-07,00:51:35,2026-05-10,2026-05-16,17080.82,UPI,Returned,Size Issue,Kolkata,Mobile Web,Grocery
ORD0001347,CUST001149,SELL0250,2026-05-15,15:50:42,2026-05-18,2026-05-18,57179.55,Cash on Delivery,Delivered,,Kolkata,Android,Fashion
ORD0001348,CUST000686,SELL0665,2026-05-18,05:16:35,2026-05-24,2026-05-27,1668.86,Cash on Delivery,Returned,Wrong Item,Delhi,iOS,Fashion
ORD0001349,CUST000748,SELL0813,2026-05-07,15:35:49,2026-05-09,,64868.94,Cash on Delivery,Processing,Address Verification,Pune,Android,Mobiles
ORD0001350,CUST000696,SELL0830,2026-06-04,07:06:44,2026-06-11,,41189.33,Card,Processing,Address Verification,Kochi,Android,Books
ORD0001351,CUST001171,SELL0212,2026-05-15,07:03:22,2026-05-20,2026-05-19,62156.27,Wallet,Delivered,,Delhi,iOS,Electronics
ORD0001352,CUST000841,SELLX9270,2026-05-24,13:43:21,2026-05-26,2026-06-02,31343.59,Cash on Delivery,Returned,Damaged Item,Kochi,Android,Books
ORD0001353,CUST000301,SELL0063,2026-06-13,15:09:33,2026-06-17,2026-06-17,35069.87,Cash on Delivery,Delivered,,Gurugram,Mobile Web,Furniture
ORD0001354,CUST000419,SELL0035,2026-06-04,09:37:56,2026-06-10,2026-06-10,25140.05,UPI,Delivered,,Bengaluru,iOS,Grocery
ORD0001355,CUST001163,SELL0531,2026-05-10,06:59:55,2026-05-16,,29356.45,Cash on Delivery,Processing,Warehouse Delay,Indore,Web,Grocery
ORD0001356,CUST001039,SELL0114,2026-05-12,11:53:37,2026-05-18,2026-05-19,14718.54,Cash on Delivery,Delivered,,Ahmedabad,Web,Beauty
ORD0001357,CUST000627,SELL0236,2026-05-19,14:03:22,2026-05-24,,43078.25,Cash on Delivery,Processing,Seller Dispatch Pending,Lucknow,Web,Fashion
ORD0001358,CUST000707,SELL0735,2026-06-03,01:40:15,2026-06-09,2026-06-12,56066.29,Card,Returned,Wrong Item,Nagpur,iOS,Appliances
ORD0001359,CUST000388,SELL0981,2026-05-21,02:44:14,2026-05-25,2026-05-25,19881.63,Card,Delivered,,Kolkata,Android,Beauty
ORD0001360,CUST000292,SELL0537,2026-05-14,10:58:58,2026-05-18,2026-05-28,1602.61,upi,Delayed,Address Issue,Ahmedabad,Android,Appliances
ORD0001361,CUST000221,SELL0666,2026-05-19,15:49:49,2026-05-25,2026-05-25,21179.82,Wallet,Delivered,,Pune,Android,Sports
ORD0001362,CUST000348,SELL0372,2026-06-12,05:43:06,2026-06-17,,32492.7,Cash on Delivery,Processing,Seller Dispatch Pending,Indore,Web,Appliances
ORD0001363,CUST000884,SELL0707,2026-06-04,21:21:57,2026-06-07,2026-06-09,42511.51, Bank Transfer ,Delayed,Weather Delay,Lucknow,Web,Electronics
ORD0001364,CUST000061,SELL0353,2026-05-31,09:36:42,2026-06-04,,5582.52,Card,Processing,Seller Dispatch Pending,Lucknow,Web,Grocery
ORD0001365,CUST000345,SELL0451,2026-05-02,01:41:06,2026-05-05,2026-05-06,19755.79,Card,Delivered,,Chennai,Web,Books
ORD0001366,CUST000535,SELL0830,2026-05-29,12:57:45,2026-06-02,,56582.5,Bank Transfer,Processing,Warehouse Delay,Gurugram,iOS,Books
ORD0001367,CUST000535,SELL0806,2026-06-05,08:32:11,2026-06-09,2026-06-19,35882.67,Bank Transfer,Delayed,Last Mile Capacity,Hyderabad,Android,Sports
ORD0001368,CUST000188,SELL0128,2026-06-09,16:51:57,2026-06-16,,17806.93,Bank Transfer,Lost,Package Lost,Bengaluru,iOS,Grocery
ORD0001369,CUST000242,SELL0204,2026-05-03,19:59:00,2026-05-07,,38336.49,Bank Transfer,Lost,Package Lost,Nagpur,Mobile Web,Fashion
ORD0001370,CUST000044,SELL0714,2026-05-04,18:31:15,2026-05-08,2026-05-09,57096.98,Card,Delivered,,Pune,Android,Appliances
ORD0001371,CUST000278,SELL0147,2026-06-12,16:45:41,2026-06-17,2026-06-23,7233.25,Bank Transfer,Delayed,Seller Dispatch Delay,Noida,Web,Sports
ORD0001372,CUST000837,SELL0671,2026-06-06,08:27:11,2026-06-12,2026-06-14,64472.43,Bank Transfer,Delayed,Seller Dispatch Delay,Pune,iOS,Appliances
ORD0001373,CUST000410,SELL0357,2026-05-15,17:29:54,2026-05-18,2026-05-18,33316.77,Bank Transfer,Delivered,,Kochi,Web,Beauty
ORD0001374,CUST001156,SELL0709,2026-06-12,12:41:02,2026-06-18,2026-06-23,21112.3,Cash on Delivery, Delayed ,Last Mile Capacity,Indore,Web,Books
ORD0001375,CUST001126,SELL0521,2026-05-20,12:40:02,2026-05-25,,21203.61,Bank Transfer,Cancelled,Customer Cancelled,Mumbai,Web,Furniture
ORD0001376,CUST000044,SELL0617,2026-06-04,07:19:10,2026-06-10,2026-06-10,9996.57,Card,Delivered,,Gurugram,Web,Electronics
ORD0001377,CUST001143,SELL0473,2026-05-24,16:50:53,2026-05-27,2026-06-05,63556.61,Cash on Delivery,Delayed,Last Mile Capacity,Coimbatore,Android,Sports
ORD0001378,CUST000443,SELL0861,2026-05-30,05:18:39,2026-06-04,2026-06-04,29574.99,UPI,Delivered,,Kolkata,Mobile Web,Books
ORD0001379,CUST000747,SELL0623,2026-05-16,02:13:12,2026-05-23,2026-05-22,24770.32,Bank Transfer,Delivered,,Mumbai,Mobile Web,Beauty
ORD0001380,CUST000365,SELL0237,2026-06-02,16:06:36,2026-06-04,2026-06-05,49890.55,Cash on Delivery,Refund Pending,Refund Awaited,Indore,Mobile Web,Mobiles
ORD0001381,CUST000099,SELL0951,2026-05-22,12:40:35,2026-05-29,2026-05-28,47194.72,Card,Delivered,,Bengaluru,iOS,Appliances
ORD0001382,CUST000190,SELL0962,2026-06-10,23:48:17,2026-06-12,2026-06-10,7498.63,Cash on Delivery,Delivered,,Delhi,Android,Beauty
ORD0001383,CUST000682,SELL0893,2026-05-27,01:41:03,2026-06-03,2026-06-03,32033.12,Cash on Delivery,Delivered,,Gurugram,Mobile Web,Furniture
ORD0001384,CUST000100,SELL0375,2026-06-09,09:31:33,2026-06-13,2026-06-15,41240.49,Card,Delivered,,Nagpur,iOS,Grocery
ORD0001385,CUST000920,SELL0397,2026-05-09,05:38:22,2026-05-15,2026-05-14,29371.13,Card,Delivered,,Lucknow,Android,Appliances
ORD0001386,CUST000984,SELL0257,2026-05-03,22:36:47,2026-05-08,2026-05-07,62595.19,Bank Transfer,Delivered,,Chennai,Android,Electronics
ORD0001387,CUST001021,SELL0724,2026-05-26,01:39:31,2026-05-31,2026-05-30,44008.99,Card,delivered,,Ahmedabad,Android,Grocery
ORD0001388,CUST000307,SELL0354,2026-05-19,18:51:23,2026-05-25,2026-05-23,49102.16,Cash on Delivery,Delivered,,Coimbatore,iOS,Appliances
ORD0001389,CUST001024,SELL0878,2026-05-11,19:29:21,2026-05-13,2026-05-12,48925.98,Wallet,Delivered,,Kolkata,Android,Beauty
ORD0001390,CUST000999,SELL0740,2026-06-14,08:24:22,2026-06-21,2026-06-21,62069.03,Wallet,Returned,Wrong Item,Bengaluru,Android,Beauty
ORD0001391,CUST000125,SELL0573,2026-05-03,18:35:55,2026-05-08,2026-05-07,62397.06,Card,Delivered,,Jaipur,Android,Fashion
ORD0001392,CUST001162,SELL0853,2026-05-24,02:37:59,2026-05-31,,11192.18,Card,Cancelled,Customer Cancelled,Delhi,Mobile Web,Beauty
ORD0001393,CUST001051,SELL0009,2026-05-15,07:19:10,2026-05-18,,42146.73,Wallet,Cancelled,Seller Cancelled,Lucknow,Web,Electronics
ORD0001394,CUST000582,SELL0939,2026-05-30,02:24:36,2026-06-05,2026-06-05,44908.04,Cash on Delivery,Delivered,,Mumbai,Web,Fashion
ORD0001395,CUST000168,SELL0944,2026-06-10,12:44:14,2026-06-17,,45924.41,Card,Processing,Seller Dispatch Pending,Noida,Mobile Web,Beauty
ORD0001396,CUST000847,SELL0943,2026-05-02,00:06:43,2026-05-06,,49373.8,Bank Transfer,Cancelled,Seller Cancelled,Gurugram,iOS,Furniture
ORD0001397,CUST000773,SELL0291,2026-06-03,05:09:39,2026-06-10,,8767.58,Cash on Delivery,Cancelled,Payment Failed,Bengaluru,Mobile Web,Books
ORD0001398,CUST001062,SELL0235,2026-06-02,13:08:26,2026-06-06,2026-06-06,42167.62,Wallet,Delivered,,Indore,Web,Furniture
ORD0001399,CUST000372,SELL0420,2026-05-19,19:27:54,2026-05-26,2026-05-26,57675.34,Card,DELIVERED,,Nagpur,Android,Sports
ORD0001400,CUST001078,SELL0330,2026-05-06,07:00:55,2026-05-13,2026-05-11,56004.38,Wallet,Delivered,,Hyderabad,Mobile Web,Furniture
ORD0001401,CUST000785,SELL0774,2026-05-14,21:35:10,2026-05-21,2026-05-19,30903.94,Wallet,Delivered,,Pune,Android,Books
ORD0001402,CUST000590,SELL0487,2026-05-04,22:41:35,2026-05-09,2026-05-16,52109.36,Card,Returned,Damaged Item,Gurugram,Web,Mobiles
ORD0001403,CUST000051,SELL0648,2026-05-14,08:59:35,2026-05-18,,62314.81,Wallet,Cancelled,Seller Cancelled,Chennai,Web,Home
ORD0001404,CUST000694,SELL0428,2026-06-07,22:56:10,2026-06-11,2026-06-17,52651.52,Bank Transfer,Delayed,Last Mile Capacity,Ahmedabad,iOS,Fashion
ORD0001405,CUST000440,SELL0363,2026-05-27,23:22:50,2026-06-02,2026-06-02,49436.08,Card,Delivered,,Ahmedabad,Android,Mobiles
ORD0001406,CUST000890,SELL0057,2026-05-16,21:24:04,2026-05-18,2026-05-17,60100.57,UPI,Delivered,,Chennai,Android,Furniture
ORD0001407,CUST000756,SELL0610,2026-06-05,04:46:33,2026-06-11,2026-06-09,41147.71,UPI,Delivered,,Delhi,Android,Mobiles
ORD0001408,CUST000194,SELL0662,2026-05-04,02:02:08,2026-05-09,,10543.21,Bank Transfer,Processing,Address Verification,Kochi,Mobile Web,Mobiles
ORD0001409,CUST000138,SELL0265,2026-05-13,20:04:25,2026-05-19,2026-05-22,47695.17,Wallet,Returned,Customer Return,Gurugram,iOS,Fashion
ORD0001410,CUST001083,SELL0515,2026-06-09,02:55:24,2026-06-12,2026-06-18,13387.17,UPI,Returned,Customer Return,Ahmedabad,iOS,Sports
ORD0001411,CUST000972,SELL0655,2026-05-28,10:48:34,2026-06-01,2026-06-04,17627.63,Bank Transfer,Delayed,Seller Dispatch Delay,Kolkata,iOS,Mobiles
ORD0001412,CUST001130,SELL0979,2026-05-15,17:50:44,2026-05-22,2026-05-22,47112.42,Wallet,Delivered,,Lucknow,Android,Fashion
ORD0001413,CUST001043,SELL0218,2026-06-02,02:08:42,2026-06-07,2026-06-07,,Card,DELIVERED,,Lucknow,Mobile Web,Fashion
ORD0001414,CUST000908,SELL0794,2026-05-27,11:13:13,2026-05-29,2026-05-28,776.41,Card,Delivered,,Pune,iOS,Furniture
ORD0001415,CUST000484,SELL0141,2026-06-11,07:47:32,2026-06-14,2026-06-16,55273.84,Wallet,Delivered,,Noida,Mobile Web,Electronics
ORD0001416,CUST000916,SELL0634,2026-05-05,01:25:35,2026-05-07,,58753.36,WALLET,Cancelled,Seller Cancelled,Kochi,iOS,Grocery
ORD0001417,CUST000791,SELL0147,2026-06-02,00:34:10,2026-06-08,2026-06-12,21529.14,UPI,Delayed,Weather Delay,Chennai,iOS,Sports
ORD0001418,CUST000981,SELL0199,2026-06-11,13:59:09,2026-06-17,2026-06-17,1027.21,Bank Transfer,Delivered,,Jaipur,iOS,Fashion
ORD0001419,CUST001152,SELL0934,2026-05-27,22:34:34,2026-06-02,2026-05-31,23541.9,Card,Delivered,,Indore,Mobile Web,Books
ORD0001420,CUST000587,SELL0865,2026-05-25,23:50:41,2026-05-30,2026-05-29,20649.91,UPI,Delivered,,Mumbai,Web,Mobiles
ORD0001421,CUST001082,SELL0085,2026-05-02,06:00:35,2026-05-04,2026-05-04,48792.68,Wallet,Delivered,,Hyderabad,Mobile Web,Grocery
ORD0001422,CUST000984,SELL0199,2026-05-25,21:55:22,2026-05-29,2026-05-29,39067.79,Card,Delivered,,Chennai,iOS,Fashion
ORD0001423,CUST001188,SELL0576,2026-05-12,08:03:18,2026-05-14,2026-05-15,16971.09,Wallet,Delivered,,Coimbatore,Mobile Web,Grocery
ORD0001424,CUST000324,SELL0169,2026-05-04,12:48:20,2026-05-06,2026-05-07,15756.13,Bank Transfer,Delivered,,Hyderabad,Android,Fashion
ORD0001425,CUST000484,SELL0381,2026-05-06,19:31:31,2026-05-11,,8285.82,Card,Cancelled,Payment Failed,Mumbai,Android,Beauty
ORD0001426,CUST000840,SELL0272,2026-05-30,02:37:13,2026-06-02,2026-06-02,33576.62,Cash on Delivery,Delivered,,Pune,Mobile Web,Beauty
ORD0001427,CUST000044,SELL0369,2026-05-05,02:01:07,2026-05-09,2026-05-08,368.99,Card,Delivered,,Jaipur,Mobile Web,Books
ORD0001428,CUST000259,SELL0255,2026-06-03,06:47:39,2026-06-07,2026-06-17,34642.61,UPI,Delayed,Last Mile Capacity,Pune,Android,Grocery
ORD0001429,CUST000168,SELL0909,2026-06-07,19:47:48,2026-06-13,2026-06-11,6062.21,UPI,Delivered,,Coimbatore,Android,Fashion
ORD0001430,CUST000753,SELL0535,2026-05-27,21:49:20,2026-06-02,2026-06-04,55392.23,UPI,Delayed,Seller Dispatch Delay,Pune,iOS,Home
ORD0001431,CUST000674,SELL0813,2026-06-03,06:04:29,2026-06-08,2026-06-08,21975.57,Bank Transfer,Returned,Size Issue,Mumbai,Mobile Web,Mobiles
ORD0001432,CUST001185,SELL0826,2026-05-11,15:21:45,2026-05-16,2026-05-17,8449.07,Wallet,Returned,Wrong Item,Ahmedabad,Mobile Web,Grocery
ORD0001433,CUST000324,SELL0413,2026-05-22,07:54:22,2026-05-28,,46292.87,Wallet,Processing,Address Verification,Noida,Web,Grocery
ORD0001434,CUST000629,SELL0174,2026-06-05,05:12:04,2026-06-07,,20370.36,Card,Cancelled,Seller Cancelled,Chennai,Android,Grocery
ORD0001435,CUST000716,SELL0584,2026-05-11,04:10:38,2026-05-16,,21011.94,UPI,Cancelled,Seller Cancelled,Hyderabad,iOS,Appliances
ORD0001436,CUST000644,SELL0512,2026-05-31,11:41:52,2026-06-03,2026-06-06,3966.15,UPI,Returned,Size Issue,Indore,Mobile Web,Beauty
ORD0001437,CUST000524,SELL0636,2026-05-24,08:12:48,2026-05-27,2026-05-26,25591.67,Card,Delivered,,Nagpur,Android,Appliances
ORD0001438,CUST000330,SELL0053,2026-06-08,22:08:38,2026-06-10,2026-06-21,39543.21,UPI,Delayed,Courier Delay,Chennai,Web,Sports
ORD0001439,CUST001030,SELL0459,2026-06-08,20:36:12,2026-06-15,2026-06-13,8349.34,Wallet,Delivered,,Noida,Mobile Web,Furniture
ORD0001440,CUST000589,SELL0400,2026-05-26,08:43:02,2026-05-29,2026-05-30,51975.46,Wallet,Returned,Wrong Item,Kolkata,Mobile Web,Beauty
ORD0001441,CUST000448,SELL0750,2026-06-02,09:09:47,2026-06-07,,31535.47,UPI,Cancelled,Seller Cancelled,Hyderabad,Web,Home
ORD0001442,CUST000539,SELL0637,2026-05-17,11:09:55,2026-05-23,2026-05-22,33452.25,Bank Transfer,Delivered,,Kochi,Android,Furniture
ORD0001443,CUST000224,SELL0131,2026-05-10,04:31:04,2026-05-12,2026-05-13,36113.23,Cash on Delivery,Delivered,,Hyderabad,Web,Fashion
ORD0001444,CUST000885,SELL0406,2026-05-21,04:02:50,2026-05-25,2026-05-25,40997.84,Bank Transfer,Delivered,,Bengaluru,Android,Electronics
ORD0001445,CUST000876,SELL0414,2026-05-13,10:32:20,2026-05-19,2026-05-21,60335.44,UPI,Delivered,,Kolkata,Android,Beauty
ORD0001446,CUST000089,SELL0240,2026-05-31,06:51:41,2026-06-03,2026-06-01,3462.97,Cash on Delivery,Delivered,,Delhi,iOS,Sports
ORD0001447,CUST000050,SELL0259,2026-05-02,08:37:07,2026-05-04,,64676.6,UPI,Processing,Warehouse Delay,Nagpur,Android,Books
ORD0001448,CUST000334,SELL0553,2026-06-05,03:27:44,2026-06-09,2026-06-16,14557.66,Bank Transfer,Refund Pending,Refund Awaited,Jaipur,Android,Sports
ORD0001449,CUST000928,SELL0750,2026-05-10,12:25:35,2026-05-13,,33547.13,Wallet,Processing,Seller Dispatch Pending,Noida,iOS,Home
ORD0001450,CUST001128,SELL0472,2026-05-28,11:15:25,2026-05-31,2026-05-31,19753.27,Wallet,Delivered,,Kochi,Android,Appliances
ORD0001451,CUST000311,SELL0178,2026-05-23,23:45:03,2026-05-25,2026-05-28,486.45,Cash on Delivery,Delayed,Seller Dispatch Delay,Pune,iOS,Furniture
ORD0001452,CUST001081,SELL0031,2026-05-21,21:16:35,2026-05-27,2026-06-01,62674.61,Wallet,Refund Pending,Refund Awaited,Mumbai,iOS,Electronics
ORD0001453,CUST000504,SELL0458,2026-05-20,21:00:46,2026-05-23,2026-05-24,22692.9,Cash on Delivery,Refund Pending,Return Pickup Pending,Lucknow,iOS,Appliances
ORD0001454,CUST000304,SELL0375,2026-06-01,11:21:20,2026-06-07,2026-06-14,28661.72,Wallet,Returned,Damaged Item,Chennai,iOS,Grocery
ORD0001455,CUST000948,SELL0104,2026-05-27,07:22:46,2026-06-03,,1122.73,Bank Transfer,LOST,Package Lost,Pune,Android,Grocery
ORD0001456,CUST000590,SELL0486,2026-06-01,04:49:33,2026-06-06,2026-06-08,53633.88,Card,Delivered,,Jaipur,Web,Home
ORD0001457,CUST000854,SELL0257,2026-05-23,01:46:58,2026-05-27,2026-06-04,24920.18,Card,delayed,Seller Dispatch Delay,Ahmedabad,Mobile Web,Electronics
ORD0001458,CUST000240,SELL0289,2026-05-07,02:44:39,2026-05-09,2026-05-08,55964.43,Cash on Delivery,Delivered,,Coimbatore,iOS,Appliances
ORD0001459,CUST000165,SELL0811,2026-05-12,12:48:57,2026-05-15,2026-05-16,21290.4,Wallet,Delivered,,Ahmedabad,iOS,Furniture
ORD0001460,CUST000223,SELL0929,2026-05-01,02:47:55,2026-05-03,,28990.13,Wallet,Cancelled,Seller Cancelled,Nagpur,iOS,Mobiles
ORD0001461,CUST000154,SELL0218,2026-05-22,00:09:47,2026-05-27,2026-05-27,43334.55,card,Delivered,,Hyderabad,Mobile Web,Fashion
ORD0001462,CUST000247,SELL0029,2026-05-28,12:18:30,2026-05-30,2026-06-01,16130.88,UPI,Delayed,Last Mile Capacity,Chennai,Mobile Web,Furniture
ORD0001463,CUST000507,SELL0172,2026-05-01,15:44:13,2026-05-07,2026-05-05,50723.81,Bank Transfer,Delivered,,Kochi,Mobile Web,Grocery
ORD0001464,CUST000515,SELL0311,2026-05-15,01:42:42,2026-05-18,2026-05-18,55793.39,Cash on Delivery,Delivered,,Kochi,Mobile Web,Fashion
ORD0001465,CUST001097,SELL0484,2026-05-29,01:49:07,2026-06-04,2026-06-03,1720.73,BANK TRANSFER,Delivered,,Bengaluru,Mobile Web,Electronics
ORD0001466,CUST000967,SELL0424,2026-06-12,17:20:39,2026-06-16,2026-06-18,25637.99,Cash on Delivery,Delayed,Weather Delay,Hyderabad,Web,Fashion
ORD0001467,CUST000702,SELL0172,2026-05-15,14:33:22,2026-31-05,2026-05-21,53474.96,Cash on Delivery,Delivered,,Noida,Android,Grocery
ORD0001468,CUST000053,SELL0520,2026-05-04,12:26:32,2026-05-06,2026-05-06,55402.12,UPI,Delivered,,Nagpur,iOS,Appliances
ORD0001469,CUST000433,SELL0919,2026-06-08,10:54:43,2026-06-13,,56301.61,Bank Transfer,Processing,Address Verification,Coimbatore,iOS,Electronics
ORD0001470,CUST000776,SELL0801,2026-05-22,05:45:33,2026-05-29,2026-05-29,6365.92,UPI,Delivered,,Lucknow,iOS,Fashion
ORD0001471,CUST000529,SELL0899,2026-06-01,06:16:10,2026-06-03,2026-06-01,12793.26,Wallet,Delivered,,Nagpur,iOS,Books
ORD0001472,CUST000273,SELL0040,2026-05-30,01:43:23,2026-06-05,2026-06-06,51215.76,Bank Transfer,Refund Pending,Refund Awaited,Kochi,Web,Grocery
ORD0001473,CUST000451,SELL0847,2026-06-14,08:37:31,2026-06-17,2026-06-16,16015.94,UPI,Delivered,,Lucknow,Web,Fashion
ORD0001474,CUST000138,SELL0701,2026-06-02,22:15:02,2026-06-07,2026-06-11,9386.63,Wallet,Returned,Size Issue,Pune,Mobile Web,Electronics
ORD0001475,CUST000251,SELL0174,2026-05-04,11:44:47,2026-05-10,2026-05-11,24751.06,Bank Transfer,Delivered,,Lucknow,Mobile Web,Grocery
ORD0001476,CUST000123,SELL0630,2026-06-10,20:07:56,2026-06-17,2026-06-18,50418.97,Wallet,Delivered,,Noida,Android,Grocery
ORD0001477,CUST000347,SELL0520,2026-06-03,18:40:45,2026-06-06,2026-06-06,15260.2,Wallet,Delivered,,Chennai,Web,Appliances
ORD0001478,CUST000599,SELL0677,2026-05-23,03:57:22,2026-05-25,2026-06-01,32835.16,Card,Delayed,Last Mile Capacity,Nagpur,iOS,Furniture
ORD0001479,CUST001115,SELL0939,2026-05-14,02:25:38,2026-05-18,,34942.46,UPI,Lost,Package Lost, DELHI ,Android,Fashion
ORD0001480,CUST000138,SELL0104,2026-06-13,19:51:47,2026-06-15,2026-06-14,55478.82,Bank Transfer,Delivered,,Jaipur,Android,Grocery
ORD0001481,CUST000424,SELL0291,2026-05-12,10:06:39,2026-05-17,2026-05-16,2956.6,Bank Transfer,Delivered,,Kochi,Android,Books
ORD0001482,CUST000811,SELL0136,2026-06-12,23:12:29,2026-06-14,,29044.77,Wallet,Processing,Warehouse Delay,Gurugram,Android,Electronics
ORD0001483,CUST001049,SELL0241,2026-06-03,12:28:52,2026-06-05,,17004.66,UPI,Processing,Address Verification,Hyderabad,Web,Sports
ORD0001484,CUST000263,SELL0435,2026-05-14,20:12:08,2026-05-20,2026-05-18,7833.63,Card,Delivered,,Pune,iOS,Sports
ORD0001485,CUST000842,SELL0313,2026-06-06,10:44:09,2026-06-11,2026-06-11,17375.19,UPI,Delivered,,Indore,Android,Furniture
ORD0001486,CUST000682,SELL0457,2026-05-12,18:44:22,2026-05-16,,35956.86,UPI,Cancelled,Seller Cancelled,Hyderabad,Mobile Web,Grocery
ORD0001487,CUST000867,SELL0929,2026-05-23,17:59:20,2026-05-25,2026-05-24,24240.22,Card,Delivered,,Kochi,Mobile Web,Mobiles
ORD0001488,CUST001181,SELL0351,2026-05-12,10:09:45,2026-05-14,2026-05-20,41661.9, Bank Transfer ,Delayed,Courier Delay,Noida,Web,Electronics
ORD0001489,CUST001195,SELL0418,2026-05-12,03:10:48,2026-05-16,2026-05-26,22705.93,Cash on Delivery,Delayed,Last Mile Capacity,Pune,Android,Grocery
ORD0001490,CUST000512,SELL0425,2026-06-03,22:48:04,2026-06-06,,48072.78,Bank Transfer,Cancelled,Payment Failed,Indore,Web,Sports
ORD0001491,CUST000162,SELL0408,2026-05-08,17:06:39,2026-05-11,2026-05-15,55700.49,Cash on Delivery,Refund Pending,Payment Hold,Chennai,Mobile Web,Fashion
ORD0001492,CUST001014,SELL0706,2026-05-02,23:08:20,2026-05-04,2026-05-03,6236.35,Bank Transfer,Delivered,,Hyderabad,Mobile Web,Furniture
ORD0001493,CUST000421,SELL0901,2026-05-31,08:03:24,2026-06-02,,25268.1,UPI,Lost,Package Lost,Lucknow,Web,Sports
ORD0001494,CUST000627,SELL0775,2026-05-24,12:25:36,2026-05-29,2026-05-28,43321.16,Bank Transfer,Delivered,,Coimbatore,iOS,Furniture
ORD0001495,CUST001109,SELL0623,2026-06-05,19:24:16,2026-06-07,2026-06-11,3465.78,Card,Returned,Customer Return,Nagpur,iOS,Beauty
ORD0001496,CUST000436,SELL0127,2026-05-04,23:51:17,2026-05-08,2026-05-16,31209.49,Bank Transfer,Returned,Customer Return,Pune,Web,Electronics
ORD0001497,CUST000161,SELL0970,2026-05-21,18:09:53,2026-05-24,2026-05-24,11243.56,Wallet,Delivered,,Bengaluru,iOS,Fashion
ORD0001498,CUST001105,SELL0263,2026-06-04,06:50:55,2026-06-11,2026-06-11,49397.86,Cash on Delivery,Delivered,,Noida,Android,Home
ORD0001499,CUST000966,SELL0235,2026-05-27,18:35:46,2026-06-01,,1751.77,Cash on Delivery,Cancelled,Customer Cancelled,Lucknow,Mobile Web,Furniture
ORD0001500,CUST000412,SELL0865,2026-05-03,10:39:22,2026-05-08,2026-05-08,29111.86,UPI,Delivered,,Gurugram,Android,Mobiles
ORD0001501,CUST000733,SELL0372,2026-05-14,16:55:34,2026-05-19,2026-05-18,14023.96,Cash on Delivery,Delivered,,Indore,Mobile Web,Appliances
ORD0001502,CUST000351,SELL0752,2026-05-04,23:18:07,2026-05-09,2026-05-08,59364.19,Bank Transfer,Delivered,,Coimbatore,Android,Home
ORD0001503,CUST000425,SELL0955,2026-05-29,00:00:56,2026-06-05,2026-06-08,56244.41,UPI,Returned,Customer Return,Lucknow,Web,Beauty
ORD0001504,CUST000633,SELL0808,2026-05-09,21:02:18,2026-05-16,2026-05-15,49327.1,Bank Transfer,Delivered,,Delhi,Mobile Web,Sports
ORD0001505,CUST001061,SELL0666,2026-05-11,04:50:43,2026-05-18,2026-05-17,40007.67,Card,Delivered,,Lucknow,Android,Sports
ORD0001506,CUST000068,SELL0616,2026-05-24,08:10:00,2026-05-26,2026-05-25,45086.93,Card, Delivered ,,Indore,Mobile Web,Beauty
ORD0001507,CUST000197,SELL0971,2026-05-17,23:36:06,2026-05-19,,35355.58,Wallet,Cancelled,Customer Cancelled,Hyderabad,Web,Home
ORD0001508,CUSTX931291,SELL0890,2026-05-13,07:12:14,2026-05-20,2026-05-21,63734.84,UPI,Delivered,,Pune,Web,Fashion
ORD0001509,CUST000718,SELL0426,2026-05-19,19:37:16,2026-05-25,,15390.03,Cash on Delivery,Processing,Warehouse Delay,Hyderabad,iOS,Grocery
ORD0001510,CUST001174,SELL0989,2026-05-08,03:29:32,2026-05-13,,5588.23,Card,Cancelled,Payment Failed,Kochi,Web,Appliances
ORD0001511,CUST000384,SELL0604,2026-05-18,17:53:44,2026-05-21,2026-05-20,17150.57,Wallet,DELIVERED,,Ahmedabad,Android,Fashion
ORD0001512,CUST000560,SELL0467,2026-05-24,11:45:50,2026-05-26,2026-05-26,13337.02,UPI,Delivered,,Nagpur,Android,Mobiles
ORD0001513,CUST000909,SELL0681,2026-05-10,13:18:29,2026-05-16,2026-05-16,8989.64,UPI,Delivered,,Chennai,Android,Electronics
ORD0001514,CUST000721,SELL0155,2026-05-24,06:11:28,2026-05-27,2026-05-26,20740.62,Wallet,Delivered,,Jaipur,Mobile Web,Furniture
ORD0001515,CUST000553,SELL0085,2026-05-19,21:56:58,2026-05-25,2026-06-01,10650.91,Cash on Delivery,Returned,Wrong Item,Kolkata,Mobile Web,Grocery
ORD0001516,CUST000198,SELL0523,2026-06-09,09:51:12,2026-06-14,2026-06-15,37916.76,Cash on Delivery,Returned,Damaged Item,Gurugram,iOS,Sports
ORD0001517,CUST000601,SELL0800,2026-05-03,17:13:30,2026-05-05,2026-05-12,15992.17,Wallet,Refund Pending,Payment Hold,Jaipur,Mobile Web,Home
ORD0001518,CUST000059,SELL0264,2026-05-10,09:23:51,2026-05-15,2026-05-16,50968.4,Cash on Delivery,Delivered,,Nagpur,Mobile Web,Sports
ORD0001519,CUST000166,SELL0805,2026-05-20,11:06:05,2026-05-22,2026-05-22,30330.87,Cash on Delivery,Delivered,,Indore,Mobile Web,Beauty
ORD0001520,CUST000268,SELL0088,2026-05-11,08:34:46,2026-05-15,2026-05-16,35545.01,Bank Transfer,Delivered,,Indore,iOS,Books
ORD0001521,CUST000752,SELL0694,2026-05-11,01:31:34,2026-05-18,2026-05-16,54015.58,Wallet,Delivered,,Coimbatore,Android,Fashion
ORD0001522,CUST001109,SELL0244,2026-06-05,12:10:07,2026-06-11,,7152.64,Card,Processing,Address Verification,Gurugram,Mobile Web,Beauty
ORD0001523,CUST000108,SELL0120,2026-06-03,22:57:58,2026-06-05,2026-06-08,429.61,UPI,Refund Pending,Refund Awaited,Jaipur,Android,Mobiles
ORD0001524,CUST000388,SELL0003,2026-06-10,23:38:43,2026-06-13,,60222.05,Wallet,Lost,Package Lost,Ahmedabad,Mobile Web,Home
ORD0001525,CUST000867,SELL0950,2026-06-07,14:29:59,2026-06-12,2026-06-18,56611.78,UPI,Returned,Wrong Item,Gurugram,Web,Grocery
ORD0001526,CUST001115,SELL0761,2026-06-05,07:16:04,2026-06-10,2026-06-11,25492.45,Card,Delivered,,Gurugram,Android,Home
ORD0001527,CUST000663,SELL0220,2026-05-06,11:10:07,2026-05-13,2026-05-12,30487.87,Cash on Delivery,Delivered,,Coimbatore,iOS,Books
ORD0001528,CUST000214,SELL0322,2026-05-28,02:41:10,2026-05-30,,11247.05,Bank Transfer,Processing,Address Verification,Chennai,Web,Books
ORD0001529,CUST000607,SELL0871,2026-05-08,14:10:05,2026-05-10,2026-05-21,17177.32,Cash on Delivery,Delayed,Weather Delay,Mumbai,Web,Grocery
ORD0001530,CUST000877,SELL0879,2026-06-04,01:15:51,2026-06-06,2026-06-17,21169.95,Bank Transfer,Delayed,Courier Delay,Noida,Android,Home
ORD0001531,CUST000029,SELL0474,2026-05-06,18:17:28,2026-05-09,2026-05-16,23229.0,Bank Transfer,Delayed,Seller Dispatch Delay,Kolkata,Mobile Web,Beauty
ORD0001532,CUST000184,SELL0350,2026-06-10,22:16:24,2026-06-12,,24356.52,Card,Processing,Warehouse Delay,Jaipur,iOS,Furniture
ORD0001533,CUST000657,SELL0384,2026-05-18,18:36:29,2026-05-20,2026-05-20,3256.0,Bank Transfer,Delivered,,Coimbatore,Web,Fashion
ORD0001534,CUST000510,SELL0391,2026-05-16,11:59:02,2026-05-21,2026-05-23,53342.61,Cash on Delivery,Delivered,, CHENNAI ,Mobile Web,Books
ORD0001535,CUST000153,SELL0828,2026-05-17,05:25:28,2026-05-21,2026-05-21,13007.91,UPI,Delivered,,Chennai,iOS,Sports
ORD0001536,CUST000383,SELL0888,2026-05-22,05:47:49,2026-05-26,2026-05-24,59429.41,Cash on Delivery,Delivered,,Ahmedabad,Mobile Web,Home
ORD0001537,CUST000367,SELL0296,2026-05-24,01:48:43,2026-05-27,2026-05-26,34012.66,UPI,Delivered,,Jaipur,iOS,Mobiles
ORD0001538,CUST000610,SELL0532,2026-05-05,20:57:18,2026-05-07,2026-05-07,53482.27,Cash on Delivery,Delivered,,Noida,Mobile Web,Sports
ORD0001539,CUST001025,SELL0001,2026-06-12,11:48:12,2026-06-15,2026-06-16,39210.82,Wallet,Delivered,,Noida,Web,Electronics
ORD0001540,CUST000875,SELL0969,2026-05-23,06:17:57,2026-05-25,2026-05-25,14976.67,Card,Delivered,,Kolkata,Mobile Web,Sports
ORD0001541,CUST000484,SELL0438,2026-05-12,03:01:52,2026-05-19,2026-05-19,16989.14,Cash on Delivery,Delivered,,Kochi,Mobile Web,Books
ORD0001542,CUST001088,SELL0759,2026-06-12,13:20:32,2026-06-14,2026-06-14,11801.85,Cash on Delivery,Delivered,,Nagpur,Android,Sports
ORD0001543,CUST000085,SELL0808,2026-05-12,02:53:26,2026-05-18,2026-05-17,13515.36,Cash on Delivery,Delivered,, JAIPUR ,Web,Sports
ORD0001544,CUST001098,SELL0969,2026-06-10,10:55:44,2026-06-12,2026-06-17,15789.51,Wallet,Refund Pending,Return Pickup Pending,Kochi,iOS,Sports
ORD0001545,CUST000780,SELL0709,2026-06-10,02:45:57,2026-06-15,2026-06-21,51710.59,UPI,Delayed,Last Mile Capacity,Gurugram,iOS,Books
ORD0001546,CUST001067,SELL0042,2026-05-22,05:36:24,2026-05-24,2026-05-24,1984.61,Bank Transfer,Delivered,,Coimbatore,Android,Books
ORD0001547,CUST000917,SELL0406,2026-06-11,04:04:42,2026-06-17,2026-06-16,37240.97,UPI,Delivered,,Hyderabad,Web,Electronics
ORD0001548,CUST000454,SELL0239,2026-05-12,00:37:35,2026-05-16,2026-05-16,27590.66,Bank Transfer,Delivered,,Mumbai,Web,Appliances
ORD0001549,CUST000328,SELL0905,2026-06-12,19:55:56,2026-06-17,2026-06-17,29841.54,Card,Delivered,,Delhi,Android,Fashion
ORD0001550,CUST000880,SELL0024,2026-05-10,06:39:26,2026-05-13,2026-05-12,25009.11,WALLET,Delivered,,Delhi,Mobile Web,Fashion
ORD0001551,CUSTX961010,SELL0030,2026-06-14,14:25:06,2026-06-19,2026-06-20,46702.47,Bank Transfer,Delivered,,Kolkata,Web,Home
ORD0001552,CUST000418,SELL0252,2026-06-02,18:36:15,2026-06-09,2026-06-19,45646.06,Wallet,Delayed,Weather Delay,Jaipur,iOS,Appliances
ORD0001553,CUST000605,SELL0174,2026-05-02,09:55:23,2026-05-09,2026-05-09,46922.95,Wallet,Delivered,,Delhi,Android,Grocery
ORD0001554,CUST001121,SELL0981,2026-05-07,04:14:05,2026-05-13,2026-05-16,872.37,Cash on Delivery,Refund Pending,Refund Awaited,Indore,Mobile Web,Beauty
ORD0001555,CUST000376,SELL0555,2026-06-03,11:01:07,2026-06-06,2026-06-10,14837.44,Wallet,Delayed,Seller Dispatch Delay,Bengaluru,Web,Beauty
ORD0001556,CUST000373,SELL0823,2026-06-05,17:42:19,2026-06-08,2026-06-13,58191.65,Cash on Delivery,Delayed,Seller Dispatch Delay,Pune,Mobile Web,Sports
ORD0001557,CUST000085,SELL0613,2026-06-12,20:55:00,2026-06-17,2026-06-19,62196.75,Card,Returned,Wrong Item,Jaipur,Android,Grocery
ORD0001558,CUST000968,SELL0418,2026-05-12,04:32:43,2026-05-18,2026-05-19,24680.49,Cash on Delivery,Delivered,,Bengaluru,Android,Grocery
ORD0001559,CUST000311,SELL0384,2026-05-10,01:00:03,2026-05-13,2026-05-12,51476.67,UPI,Delivered,,Bengaluru,Web,Fashion
ORD0001560,CUST000636,SELL0170,2026-05-22,12:29:50,2026-05-29,2026-05-29,44646.27,Cash on Delivery,Delivered,,Pune,Mobile Web,Books
ORD0001561,CUST000170,SELL0938,2026-06-01,19:23:52,2026-06-07,2026-06-07,3148.37,Cash on Delivery,Delivered,,Gurugram,iOS,Home
ORD0001562,CUST000022,SELL0404,2026-05-04,07:20:08,2026-05-08,2026-05-09,18773.28,Card,Delivered,,Kochi,Mobile Web,Mobiles
ORD0001563,CUST000665,SELL0891,2026-05-18,20:44:02,2026-05-25,,40585.28,UPI,Processing,Seller Dispatch Pending,Indore,Android,Mobiles
ORD0001564,CUST000676,SELL0127,2026-05-28,23:05:05,2026-05-31,2026-05-31,6092.84,Wallet,Delivered,,Lucknow,Android,Electronics
ORD0001565,CUST000872,SELL0748,2026-06-03,01:41:32,2026-06-07,2026-06-06,33376.06,Card,Delivered,,Pune,iOS,Fashion
ORD0001566,CUST001197,SELL0049,2026-06-12,19:48:46,2026-06-19,2026-06-20,43580.27,Bank Transfer,Returned,Customer Return,Chennai,Mobile Web,Mobiles
ORD0001567,CUST000625,SELL0735,2026-06-04,08:03:05,2026-06-09,,33006.89,UPI,Processing,Address Verification,Delhi,Web,Appliances
ORD0001568,CUST000963,SELL0541,2026-06-06,14:43:20,2026-06-11,2026-06-16,14531.83,UPI,Refund Pending,Return Pickup Pending,Indore,Mobile Web,Furniture
ORD0001569,CUST000550,SELL0654,2026-06-01,00:59:15,2026-06-03,2026-06-02,9572.64,Wallet,Delivered,,Pune,iOS,Books
ORD0001570,CUST001013,SELL0771,2026-06-01,16:17:24,2026-06-06,2026-06-17,2884.78,Bank Transfer,Delayed,Courier Delay,Kochi,Android,Furniture
ORD0001571,CUST000091,SELL0946,2026-05-22,16:11:08,2026-05-24,2026-05-23,51026.33,Bank Transfer,Delivered,,Chennai,Android,Home
ORD0001572,CUST001012,SELL0915,2026-05-06,03:20:40,2026-05-09,2026-05-10,44501.86,Bank Transfer,Delivered,,Chennai,iOS,Sports
ORD0001573,CUST000192,SELL0398,2026-06-01,00:14:07,2026-06-03,,20397.44,UPI,Cancelled,Customer Cancelled,Chennai,Web,Appliances
ORD0001574,CUST000184,SELL0232,2026-05-26,13:44:46,2026-05-28,2026-05-28,20094.49,Wallet,Delivered,,Mumbai,Web,Fashion
ORD0001575,CUST000743,SELL0501,2026-05-12,07:49:00,2026-05-18,2026-05-19,48538.52,Bank Transfer,Delivered,,Bengaluru,Android,Appliances
ORD0001576,CUST001151,SELL0704,2026-06-10,20:03:09,2026-06-12,2026-06-11,63037.98,UPI,Delivered,,Noida,Web,Sports
ORD0001577,CUST000032,SELL0068,2026-05-25,19:09:22,2026-06-01,2026-06-03,25670.37,Cash on Delivery,Refund Pending,Payment Hold,Kochi,Android,Beauty
ORD0001578,CUST000202,SELL0841,2026-05-24,18:30:22,2026-05-27,2026-06-02,2474.93,Bank Transfer,Delayed,Weather Delay,Ahmedabad,Web,Furniture
ORD0001579,CUST000954,SELL0849,2026-06-12,15:55:24,2026-06-19,2026-06-19,40837.65,Card,Delivered,,Mumbai,Android,Home
ORD0000649,CUST000872,SELL0128,2026-05-23,08:15:03,2026-05-30,,7472.86,Wallet,Cancelled,Payment Failed,Mumbai,iOS,Grocery
ORD0001581,CUST000058,SELL0079,2026-05-24,10:13:51,2026-05-31,,16989.07,Bank Transfer,Processing,Seller Dispatch Pending,Coimbatore,Android,Beauty
ORD0001582,CUST000673,SELL0150,2026-05-12,15:22:38,2026-05-16,2026-05-19,61889.38,Wallet,Refund Pending,Payment Hold,Nagpur,Mobile Web,Books
ORD0001583,CUST001080,SELL0241,2026-05-11,20:30:07,2026-05-18,2026-05-16,11575.97,Bank Transfer,Delivered,,Kochi,Android,Sports
ORD0001584,CUST000754,SELL0025,2026-05-27,19:04:10,2026-05-29,,25682.26,Wallet,Processing,Address Verification,Kolkata,Mobile Web,Fashion
ORD0001585,CUST000729,SELL0077,2026-05-12,00:43:32,2026-05-15,2026-05-19,40674.43,Wallet,Refund Pending,Refund Awaited,Kochi,Mobile Web,Beauty
ORD0001586,CUST000111,SELL0319,2026-05-19,19:52:43,2026-05-26,2026-05-26,56447.79,Bank Transfer,Delivered,,Bengaluru,Mobile Web,Mobiles
ORD0001587,CUST001107,SELL0949,2026-05-04,04:40:39,2026-05-09,2026-05-10,46818.27,UPI,Delivered,,Noida,Android,Electronics
ORD0001588,CUST000822,SELL0768,2026-05-22,10:48:42,2026-05-27,2026-05-28,26606.35,Bank Transfer,Delivered,,Jaipur,Web,Mobiles
ORD0001589,CUST000519,SELL0339,2026-05-23,18:35:01,2026-05-26,2026-05-26,43546.11,Card,Delivered,,Kolkata,iOS,Appliances
ORD0001590,CUST000932,SELL0589,2026-06-09,11:54:26,2026-06-12,2026-06-12,9886.82,Bank Transfer,delivered,,Gurugram,Mobile Web,Electronics
ORD0001591,CUST000847,SELLX9754,2026-05-16,06:16:01,2026-05-19,2026-05-19,27555.31,Card,Delivered,,Nagpur,iOS,Books
ORD0001592,CUST000028,SELL0233,2026-05-04,15:18:23,2026-05-09,2026-05-09,25287.5,Bank Transfer,Delivered,,Nagpur,iOS,Electronics
ORD0001593,CUST000238,SELL0747,2026-06-07,17:31:15,2026-06-14,2026-06-14,612.78,Cash on Delivery,Delivered,,Chennai,iOS,Appliances
ORD0001594,CUST001012,SELL0095,2026-05-27,06:10:41,2026-05-31,2026-06-01,46096.91,Bank Transfer,Delivered,,Bengaluru,Web,Mobiles
ORD0001595,CUST000857,SELL0132,2026-05-18,04:59:47,2026-05-23,2026-05-22,5655.44,Cash on Delivery,Delivered,,Pune,iOS,Books
ORD0001596,CUST001047,SELL0102,2026-05-29,12:25:46,2026-05-31,2026-06-01,37165.6,Wallet,Delivered,,Kochi,Android,Home
ORD0001597,CUST000544,SELL0728,2026-05-10,15:02:54,2026-05-12,2026-05-12,28618.16,Wallet,Delivered,,Bengaluru,Android,Fashion
ORD0001598,CUST000479,SELL0838,2026-05-13,22:00:17,2026-05-16,2026-05-16,3357.54,Bank Transfer,Delivered,,Kolkata,Android,Beauty
ORD0001599,CUST000356,SELL0109,2026-05-25,15:37:52,2026-05-30,2026-05-31,54519.4,Wallet,Delivered,,Delhi,Mobile Web,Grocery
ORD0001600,CUST001126,SELL0872,2026-05-26,16:16:17,2026-05-28,2026-05-26,54456.4,Cash on Delivery,Delivered,,Pune,Mobile Web,Fashion
ORD0001601,CUST000842,SELL0376,2026-06-14,04:59:45,2026-06-21,2026-06-22,34020.16,UPI,Delivered,,Pune,Web,Home
ORD0001602,CUST000171,SELL0390,2026-05-14,11:11:25,2026-05-16,2026-05-16,59195.75,Bank Transfer,Delivered,,Ahmedabad,Web,Mobiles
ORD0001603,CUST000829,SELL0736,2026-05-11,22:39:16,2026-05-17,2026-05-17,12725.83,Card,Delivered,,Gurugram,iOS,Mobiles
ORD0001604,CUST000209,SELL0625,2026-05-21,08:28:06,2026-05-24,2026-05-24,14640.05,Card,Delivered,,Noida,Android,Grocery
ORD0001605,CUST001122,SELL0401,2026-06-09,01:53:29,2026-06-14,2026-06-14,29537.9,Card,Delivered,,Mumbai,Android,Furniture
ORD0001606,CUST000846,SELL0137,2026-05-11,00:07:51,2026-05-15,2026-05-15,42532.07,UPI,Delivered,,Kolkata,Web,Mobiles
ORD0001607,CUST000104,SELL0941,2026-05-08,18:05:28,2026-05-10,2026-05-12,47335.41,Card,Delivered,, JAIPUR ,Mobile Web,Mobiles
ORD0001608,CUST000821,SELL0919,2026-05-12,00:36:08,2026-05-17,2026-05-17,42031.01,Bank Transfer,Delivered,,Pune,iOS,Electronics
ORD0001609,CUST000703,SELL0849,2026-06-02,07:24:07,2026-06-08,2026-06-18,52294.52,Cash on Delivery,DELAYED,Last Mile Capacity,Lucknow,iOS,Home
ORD0001610,CUST000356,SELL0956,2026-05-07,07:19:51,2026-05-13,2026-05-12,219.85,Bank Transfer,Delivered,,Ahmedabad,iOS,Furniture
ORD0001611,CUST000400,SELL0443,2026-05-11,21:50:34,2026-05-18,2026-05-28,36286.55,UPI,Delayed,Weather Delay,Nagpur,Android,Appliances
ORD0001612,CUST001138,SELL0070,2026-05-29,03:29:29,2026-06-03,,19751.75,Card,Processing,Seller Dispatch Pending,Hyderabad,Web,Furniture
ORD0001613,CUST000091,SELL0552,2026-05-28,05:12:34,2026-06-01,,32110.63,UPI,Processing,Address Verification,Pune,iOS,Appliances
ORD0001614,CUST001119,SELL0343,2026-06-14,00:50:38,2026-06-17,2026-06-18,18916.44,Cash on Delivery,Delivered,,Chennai,Android,Sports
ORD0001615,CUST000587,SELL0205,2026-05-25,23:20:08,2026-05-29,2026-05-28,19352.33,Bank Transfer,Delivered,,Delhi,Mobile Web,Books
ORD0001616,CUST001152,SELL0944,2026-05-23,23:15:35,2026-05-26,2026-05-24,44049.45,Card,Delivered,,Jaipur,Android,Beauty
ORD0001617,CUST000432,SELL0218,2026-05-25,06:17:48,2026-05-27,2026-05-27,29924.54,Cash on Delivery,Delivered,,Bengaluru,iOS,Fashion
ORD0001618,CUST000802,SELL0246,2026-05-07,09:22:03,2026-05-12,,20893.1,Cash on Delivery,Processing,Warehouse Delay,Ahmedabad,Web,Mobiles
ORD0001619,CUST000515,SELL0187,2026-05-11,19:39:47,2026-05-14,2026-05-18,36778.7,Cash on Delivery,Refund Pending,Payment Hold,Kolkata,Web,Home
ORD0001620,CUST000757,SELL0183,2026-05-03,18:47:02,2026-05-10,2026-05-10,42414.28,Cash on Delivery,Delivered,,Pune,iOS,Home
ORD0001621,CUST000520,SELL0537,2026-06-07,10:37:06,2026-06-12,,59048.59,Bank Transfer,Processing,Seller Dispatch Pending,Lucknow,Web,Appliances
ORD0001622,CUST001131,SELL0010,2026-06-14,23:39:50,2026-06-20,2026-06-22,28489.14,Card,Returned,Wrong Item,Kochi,iOS,Grocery
ORD0001623,CUST000434,SELL0629,2026-06-10,22:12:27,2026-06-17,2026-06-15,10825.52,UPI,Delivered,,Pune,Web,Mobiles
ORD0001624,CUST000626,SELL0106,2026-05-07,21:09:24,2026-05-11,2026-05-11,38778.35,UPI,Delivered,,Chennai,Android,Electronics
ORD0001625,CUST001070,SELL0173,2026-06-02,13:31:52,2026-06-04,2026-06-04,13679.58,Cash on Delivery,Delivered,,Gurugram,Android,Mobiles
ORD0001626,CUST001100,SELL0077,2026-05-27,13:12:56,2026-06-01,2026-05-31,3632.87,Bank Transfer,Delivered,,Coimbatore,iOS,Beauty
ORD0001627,CUST000828,SELL0338,2026-05-02,03:32:42,2026-05-06,2026-05-07,28296.03,Wallet,Delivered,,Kolkata,Android,Beauty
ORD0001628,CUST000478,SELL0821,2026-05-20,07:53:55,2026-05-27,2026-05-27,24342.37,Bank Transfer,Delivered,,Coimbatore,iOS,Mobiles
ORD0001629,CUST000513,SELL0118,2026-05-23,19:08:13,2026-05-26,2026-05-28,8536.33,Cash on Delivery,Delivered,,Indore,Web,Appliances
ORD0001630,CUST000417,SELL0729,2026-05-03,20:16:33,2026-05-06,2026-05-05,37455.48,UPI,Delivered,,Chennai,Mobile Web,Home
ORD0001631,CUST000573,SELL0202,2026-06-04,05:58:35,2026-06-06,,34662.06,Bank Transfer,Cancelled,Seller Cancelled,Mumbai,Android,Appliances
ORD0001632,CUST001108,SELL0381,2026-05-19,08:03:15,2026-05-25,2026-05-25,55221.93,UPI,Delivered,,Kolkata,Mobile Web,Beauty
ORD0001633,CUST000674,SELL0328,2026-05-24,16:22:19,2026-05-31,2026-05-30,60822.88,Bank Transfer,Delivered,,Ahmedabad,iOS,Beauty
ORD0001634,CUST000706,SELL0530,2026-05-04,12:48:21,2026-05-11,2026-05-13,27668.05,Wallet,Delivered,,Jaipur,iOS,Grocery
ORD0001635,CUST000714,SELL0742,2026-06-09,15:56:17,2026-06-16,2026-06-19,5530.85,Wallet,Delayed,Last Mile Capacity,Bengaluru,Mobile Web,Beauty
ORD0001636,CUST000488,SELL0084,2026-05-24,15:51:58,2026-05-26,,36311.47,UPI,Processing,Address Verification,Lucknow,Web,Appliances
ORD0001637,CUST000220,SELL0726,2026-06-10,19:10:23,2026-06-15,2026-06-19,30552.17,UPI,Refund Pending,Payment Hold,Mumbai,iOS,Furniture
ORD0001638,CUST000001,SELL0076,2026-06-10,13:44:23,2026-06-15,,42231.14,Cash on Delivery,Processing,Address Verification,Hyderabad,Android,Beauty
ORD0001639,CUST000637,SELL0492,2026-06-08,13:58:06,2026-06-11,2026-06-10,37453.21,UPI,DELIVERED,,Ahmedabad,Web,Fashion
ORD0001640,CUST000353,SELL0516,2026-05-06,11:16:42,2026-05-10,2026-05-10,37557.02,Bank Transfer,Delivered,,Chennai,Android,Sports
ORD0001641,CUST000664,SELL0906,2026-06-02,19:33:49,2026-06-09,2026-06-07,36673.39,UPI,Delivered,,Pune,Mobile Web,Fashion
ORD0001642,CUST001008,SELL0133,2026-05-19,12:34:44,2026-05-24,,8491.25,Cash on Delivery,Cancelled,Payment Failed,Kolkata,Android,Sports
ORD0001643,CUST000387,SELL0755,2026-05-31,17:02:27,2026-06-07,2026-06-07,36490.96,UPI,Delivered,,Ahmedabad,Web,Fashion
ORD0001644,CUST000549,SELL0110,2026-05-10,06:45:06,2026-05-15,2026-05-15,59003.47,Wallet,Delivered,,Gurugram,Web,Grocery
ORD0001645,CUST000020,SELL0833,2026-06-06,14:31:52,2026-06-11,2026-06-09,32068.47,Wallet,Delivered,,Bengaluru,Web,Home
ORD0000066,CUST000285,SELL0627,2026-05-03,15:32:46,2026-05-09,2026-05-08,,Bank Transfer,Delivered,,Kochi,Mobile Web,Mobiles
ORD0001647,CUST000625,SELL0445,2026-05-09,04:20:58,2026-05-16,2026-05-15,43047.29,Card,Delivered,,Kochi,Android,Home
ORD0001648,CUST001050,SELL0319,2026-06-05,23:32:03,2026-06-10,2026-06-10,29261.43,Card,Delivered,,Gurugram,Web,Mobiles
ORD0001649,CUST000298,SELL0022,2026-06-05,07:13:31,2026-06-07,2026-06-05,21902.32,Wallet,Delivered,,Nagpur,Android,Sports
ORD0001650,CUST000640,SELL0037,2026-05-01,09:38:20,2026-05-08,2026-05-06,16793.35,Wallet,Delivered,,Chennai,Android,Grocery
ORD0001651,CUST000166,SELL0630,2026-06-13,12:39:56,2026-06-17,2026-06-23,18853.93,UPI,Refund Pending,Payment Hold,Gurugram,Web,Grocery
ORD0001652,CUST000626,SELL0216,2026-05-05,21:56:12,2026-05-09,2026-05-08,,Wallet,Delivered,,Chennai,Web,Fashion
ORD0001653,CUST000937,SELL0677,2026-06-04,21:26:34,2026-06-08,2026-06-06,58772.2,Cash on Delivery,Delivered,,Pune,iOS,Furniture
ORD0001654,CUST000802,SELL0597,2026-05-02,04:17:46,2026-05-09,2026-05-09,7764.82,Card,Delivered,,Noida,Mobile Web,Grocery
ORD0001655,CUST000479,SELL0506,2026-06-08,12:41:50,2026-06-15,2026-06-14,23187.38,Cash on Delivery,Delivered,,Nagpur,Android,Fashion
ORD0001656,CUST000967,SELL0322,2026-05-17,08:07:44,2026-05-23,,18605.67,Card,Processing,Seller Dispatch Pending,Lucknow,Web,Books
ORD0001657,CUST000459,SELL0458,2026-05-30,16:34:35,2026-06-01,2026-06-01,7540.87,Bank Transfer,Delivered,,Coimbatore,Android,Appliances
ORD0001658,CUST000196,SELL0075,2026-05-24,14:54:26,2026-05-27,2026-05-28,1825.75,Card,Delivered,,Bengaluru,Mobile Web,Home
ORD0001659,CUST000327,SELL0864,2026-06-02,00:50:44,2026-06-04,2026-06-03,9579.27,Card,Delivered,,Indore,Mobile Web,Mobiles
ORD0001660,CUST000477,SELL0518,2026-06-12,04:12:28,2026-06-14,,20535.68,Bank Transfer,Cancelled,Seller Cancelled,Lucknow,Web,Fashion
ORD0001661,CUST000686,SELL0997,2026-06-05,01:47:21,2026-06-08,2026-06-08,214.18,UPI,Delivered,,Mumbai,iOS,Electronics
ORD0001662,CUST000397,SELL0046,2026-05-12,10:23:42,2026-05-15,2026-05-19,36704.33,Wallet,Delayed,Address Issue,Gurugram,Mobile Web,Electronics
ORD0001663,CUST001102,SELL0478,2026-05-01,01:35:05,2026-05-07,,18115.96,Cash on Delivery,Processing,Warehouse Delay,Lucknow,Android,Beauty
ORD0001664,CUST000615,SELL0080,2026-05-26,17:51:23,2026-06-01,2026-06-01,44522.45,Wallet,Delivered,,Bengaluru,Android,Sports
ORD0001665,CUSTX938282,SELL0398,2026-06-06,09:16:50,2026-06-12,2026-06-11,50209.77,Bank Transfer,Delivered,,Kochi,Web,Appliances
ORD0001666,CUST000589,SELL0698,2026-06-08,15:05:41,2026-06-12,2026-06-15,46839.85,UPI,Refund Pending,Return Pickup Pending,Hyderabad,Mobile Web,Home
ORD0001667,CUST000970,SELL0445,2026-06-05,05:04:00,2026-06-07,2026-06-07,1597.85,UPI,Returned,Size Issue,Hyderabad,Web,Home
ORD0001668,CUST000239,SELL0129,2026-05-01,19:15:20,2026-05-08,2026-05-08,16603.15,UPI,Delivered,,Gurugram,Mobile Web,Grocery
ORD0001669,CUST000387,SELL0206,2026-05-06,19:26:35,2026-05-09,2026-05-07,32998.52,Wallet,Delivered,,Bengaluru,Mobile Web,Electronics
ORD0001670,CUST001137,SELL0301,2026-05-27,22:58:29,2026-05-31,2026-06-02,46039.52,Cash on Delivery,Delayed,Seller Dispatch Delay,Hyderabad,iOS,Books
ORD0001671,CUST000571,SELL0866,2026-06-13,02:21:53,2026-06-16,2026-06-18,8585.93,UPI,Delivered,,Kolkata,iOS,Mobiles
ORD0001672,CUST000195,SELL0979,2026-05-02,10:51:30,2026-05-08,2026-05-15,49318.17,Bank Transfer,Returned,Wrong Item,Mumbai,Mobile Web,Fashion
ORD0001673,CUST000524,SELL0562,2026-06-14,00:33:13,2026-06-18,,58545.56,CASH ON DELIVERY,Processing,Address Verification,Hyderabad,Mobile Web,Home
ORD0001674,CUST001050,SELL0847,2026-05-07,10:16:54,2026-05-12,2026-05-12,46405.45,Wallet,Delivered,,Gurugram,Web,Fashion
ORD0001675,CUST001070,SELL0488,2026-05-12,02:59:19,2026-05-17,2026-05-17,,UPI,Delivered,,Chennai,iOS,Appliances
ORD0001676,CUST000328,SELL0939,2026-05-22,00:31:47,2026-05-24,,19826.56,Wallet,Cancelled,Customer Cancelled,Gurugram,Web,Fashion
ORD0001677,CUST001192,SELL0898,2026-05-13,06:08:32,2026-05-19,2026-05-25,9874.35,Card,Delayed,Address Issue,Kochi,Web,Mobiles
ORD0001678,CUST001063,SELL0975,2026-05-21,20:11:26,2026-05-24,2026-05-22,19623.05,UPI,Delivered,,Kolkata,Android,Books
ORD0001679,CUST001090,SELL0889,2026-06-01,03:14:37,2026-06-03,,288.86,Card,Processing,Warehouse Delay,Jaipur,iOS,Beauty
ORD0001680,CUST000526,SELL0548,2026-06-08,03:51:02,2026-06-11,2026-06-20,35717.74,Wallet,Delayed,Seller Dispatch Delay,Lucknow,Android,Sports
ORD0001681,CUST001044,SELL0876,2026-05-27,01:25:56,2026-05-30,2026-06-02,57919.05,Bank Transfer,Delayed,Address Issue,Mumbai,iOS,Sports
ORD0001682,CUST000982,SELL0811,2026-05-17,22:17:48,2026-05-20,2026-05-21,9154.16,Bank Transfer,Delivered,,Nagpur,Web,Furniture
ORD0001683,CUST000138,SELL0900,2026-05-15,04:39:51,2026-05-18,2026-05-18,11822.83,Cash on Delivery,Delivered,,Lucknow,Web,Grocery
ORD0001684,CUST000439,SELL0491,2026-06-10,10:37:19,2026-06-16,2026-06-16,11687.63,Bank Transfer,Delivered,,Lucknow,Mobile Web,Beauty
ORD0001685,CUST000409,SELL0614,2026-06-01,07:13:42,2026-06-03,2026-06-09,16390.24,Wallet,Delayed,Courier Delay,Hyderabad,Web,Home
ORD0001686,CUST000325,SELL0680,2026-05-07,20:46:30,2026-05-10,2026-05-10,39021.31,Wallet,Delivered,,Lucknow,Mobile Web,Home
ORD0001687,CUST000207,SELL0915,2026-05-12,15:22:51,2026-05-17,2026-05-16,17396.43,Bank Transfer,Delivered,,Lucknow,Android,Sports
ORD0001688,CUST001024,SELL0369,2026-05-01,05:12:14,2026-05-06,2026-05-06,26555.71,UPI,Delivered,,Jaipur,Android,Books
ORD0001689,CUST000473,SELL0233,2026-05-28,14:31:17,2026-05-31,2026-05-31,26448.36,Card,Delivered,,Nagpur,Web,Electronics
ORD0001690,CUST000828,SELL0157,2026-05-13,13:16:09,2026-05-15,2026-05-13,37552.78,Wallet,Delivered,,Delhi,Web,Home
ORD0001691,CUST001061,SELL1000,2026-05-08,07:36:40,2026-05-13,,2271.45,Bank Transfer,Cancelled,Seller Cancelled,Chennai,Mobile Web,Home
ORD0001692,CUST000124,SELL0948,2026-05-22,18:31:51,2026-05-26,2026-06-02,51076.5, Cash on Delivery ,Refund Pending,Payment Hold,Delhi,Mobile Web,Home
ORD0001693,CUST000658,SELL0284,2026-05-03,11:59:44,2026-05-07,2026-05-05,43620.26,UPI,Delivered,,Kolkata,Android,Mobiles
ORD0001694,CUST001162,SELL0456,2026-06-10,04:04:41,2026-06-12,2026-06-12,43826.03,Card,Delivered,,Jaipur,Mobile Web,Electronics
ORD0001695,CUST000977,SELL0932,2026-05-07,05:11:57,2026-05-10,2026-05-10,24840.35,UPI,Delivered,,Bengaluru,iOS,Books
ORD0001696,CUST000727,SELL0889,2026-05-14,04:11:20,2026-05-16,2026-05-14,58414.83,UPI,Delivered,,Indore,iOS,Beauty
ORD0001697,CUST000983,SELL0280,2026-05-13,16:47:31,2026-05-20,2026-05-20,4160.11,Card,Delivered,,Ahmedabad,Mobile Web,Mobiles
ORD0001698,CUST000104,SELL0409,2026-05-29,09:52:58,2026-06-04,2026-06-05,47997.12,Card,Delivered,,Hyderabad,iOS,Home
ORD0001699,CUST001195,SELL0555,2026-05-28,20:13:50,2026-05-30,2026-05-29,30376.89,Card,Delivered,,Hyderabad,Android,Beauty
ORD0001700,CUST000731,SELL0506,2026-05-10,02:40:59,2026-05-17,2026-05-17,18294.62,UPI,Delivered,,Ahmedabad,Android,Fashion
ORD0001701,CUST000615,SELL0184,2026-06-05,00:42:59,2026-06-08,2026-06-17,43694.8,Card,Delayed,Address Issue,Lucknow,iOS,Home
ORD0001702,CUST000123,SELL0673,2026-06-05,06:22:05,2026-06-09,2026-06-08,17305.91,Bank Transfer,Delivered,,Noida,Android,Furniture
ORD0001703,CUSTX926807,SELL0600,2026-05-14,23:09:47,2026-05-16,2026-05-16,56610.93,UPI,Delivered,,Nagpur,Mobile Web,Appliances
ORD0001704,CUST000774,SELL0457,2026-05-06,05:36:15,2026-05-08,2026-05-12,2832.2,UPI,Refund Pending,Return Pickup Pending,Coimbatore,Mobile Web,Grocery
ORD0001705,CUST000812,SELL0127,2026-05-06,13:36:24,2026-05-12,2026-05-12,13551.54,Cash on Delivery,Delivered,,Bengaluru,Android,Electronics
ORD0001706,CUST000626,SELL0967,2026-06-03,12:24:10,2026-06-08,2026-06-08,64961.12,Bank Transfer,Delivered,,Kolkata,Android,Grocery
ORD0001707,CUST000977,SELL0887,2026-06-10,09:54:32,2026-06-12,2026-06-12,752.81,Card,Delivered,,Ahmedabad,Mobile Web,Fashion
ORD0001708,CUST000049,SELL0697,2026-06-06,19:01:09,2026-06-13,2026-06-21,64830.87,Cash on Delivery,Returned,Damaged Item,Noida,iOS,Fashion
ORD0001709,CUST000497,SELL0480,2026-05-09,10:04:17,2026-05-12,,42764.58,Wallet,Cancelled,Seller Cancelled,Pune,Mobile Web,Fashion
ORD0001710,CUST000617,SELL0534,2026-06-01,00:39:50,2026-06-06,,64675.79,Wallet,Processing,Address Verification,Mumbai,iOS,Home
ORD0001711,CUST000127,SELL0081,2026-06-11,23:23:11,2026-06-13,2026-06-13,39016.93,Wallet,Delivered,,Kochi,Mobile Web,Sports
ORD0001712,CUST000662,SELL0290,2026-06-01,14:48:42,2026-06-03,2026-06-08,11587.31,Cash on Delivery,Delayed,Seller Dispatch Delay,Jaipur,Mobile Web,Home
ORD0001713,CUST000525,SELL0915,2026-06-04,13:05:09,2026-06-06,2026-06-07,14517.67,Wallet,Delivered,,Kochi,Mobile Web,Sports
ORD0001714,CUST000576,SELL0718,2026-05-11,02:36:57,2026-05-17,2026-05-17,29700.47,Wallet,Delivered,,Kochi,iOS,Sports
ORD0001715,CUST000584,SELL0285,2026-06-02,05:13:02,2026-06-06,,1444.51,Bank Transfer,Processing,Seller Dispatch Pending,Mumbai,Web,Grocery
ORD0001716,CUST000710,SELL0843,2026-06-03,12:44:56,2026-06-09,2026-06-07,50255.12,Cash on Delivery,Delivered,,Kochi,iOS,Electronics
ORD0001717,CUST000277,SELL0709,2026-05-14,13:17:56,2026-05-16,,9004.15,Card,Cancelled,Payment Failed,Delhi,Android,Books
ORD0001718,CUST001162,SELL0790,2026-06-07,09:43:32,2026-06-12,2026-06-12,6870.31,Cash on Delivery,Delivered,,Indore,iOS,Books
ORD0001719,CUST000270,SELL0556,2026-05-04,18:32:29,2026-05-07,,61418.55,Cash on Delivery,Processing,Address Verification,Coimbatore,iOS,Beauty
ORD0001720,CUST001198,SELL0072,2026-05-05,10:47:46,2026-05-10,2026-05-14,23442.71,Bank Transfer,Refund Pending,Refund Awaited,Bengaluru,Android,Home
ORD0001721,CUST001178,SELL0068,2026-06-05,19:42:18,2026-06-12,2026-06-13,8145.32,Card,Returned,Wrong Item,Hyderabad,iOS,Beauty
ORD0001722,CUST000088,SELL0065,2026-05-12,12:26:06,2026-05-16,,39231.08,UPI,Cancelled,Payment Failed,Noida,Android,Grocery
ORD0001723,CUST000760,SELL0599,2026-05-22,15:40:44,2026-05-27,2026-06-02,47127.69, Wallet ,Delayed,Seller Dispatch Delay,Jaipur,Android,Beauty
ORD0001724,CUST000092,SELL0020,2026-05-26,17:42:00,2026-05-28,2026-05-27,19776.12,Cash on Delivery,Delivered,,Delhi,Mobile Web,Appliances
ORD0001725,CUST001015,SELL0738,2026-06-09,20:35:32,2026-06-11,2026-06-11,64861.8,Cash on Delivery,DELIVERED,,Lucknow,Mobile Web,Appliances
ORD0001726,CUST001108,SELL0918,2026-05-07,02:05:49,2026-05-09,2026-05-14,48793.12,Wallet,Refund Pending,Payment Hold,Bengaluru,Mobile Web,Sports
ORD0001727,CUST000523,SELL0240,2026-05-21,05:09:01,2026-05-26,2026-06-03,40526.14,Card,Delayed,Last Mile Capacity,Bengaluru,Web,Sports
ORD0001728,CUST001191,SELL0237,2026-05-05,17:55:43,2026-05-08,2026-05-11,49842.26,Card,Delayed,Weather Delay,Noida,Mobile Web,Mobiles
ORD0001729,CUST000591,SELL0481,2026-06-06,15:47:31,2026-06-08,2026-06-15,29744.37,Cash on Delivery,Delayed,Courier Delay,Coimbatore,Web,Mobiles
ORD0001730,CUST000001,SELL0877,2026-05-22,15:01:19,2026-05-27,2026-05-25,53074.26,Bank Transfer,Delivered,,Noida,Web,Books
ORD0001731,CUST000572,SELL0575,2026-05-06,15:28:10,2026-05-12,2026-05-12,1715.43,Bank Transfer,Delivered,,Bengaluru,Android,Mobiles
ORD0001732,CUST000631,SELL0182,2026-05-21,20:21:33,2026-05-25,2026-05-25,32097.85,Cash on Delivery,Delivered,,Mumbai,Web,Beauty
ORD0001733,CUST000620,SELL0551,2026-05-28,01:28:43,2026-06-02,2026-06-03,59248.29,Card,Delivered,,Ahmedabad,Mobile Web,Fashion
ORD0001734,CUST000739,SELL0252,2026-05-26,06:20:21,2026-05-31,2026-06-07,11507.13,UPI,Refund Pending,Payment Hold,Delhi,iOS,Appliances
ORD0001735,CUST001096,SELL0066,2026-05-22,02:17:01,2026-05-26,2026-06-05,34399.57,Cash on Delivery,Delayed,Address Issue,Hyderabad,iOS,Books
ORD0001736,CUST000920,SELL0215,2026-05-21,09:53:19,2026-05-23,2026-05-22,51604.85,Card,Delivered,,Nagpur,Web,Grocery
ORD0001737,CUST000738,SELL0625,2026-05-13,17:12:27,2026-05-16,,32657.8,Wallet,Cancelled,Seller Cancelled,Lucknow,Android,Grocery
ORD0001738,CUST000687,SELL0760,2026-06-12,16:05:16,2026-06-14,2026-06-12,42143.79,Cash on Delivery,Delivered,,Nagpur,iOS,Beauty
ORD0001739,CUST000728,SELL0254,2026-06-12,23:29:07,2026-06-17,2026-06-23,49310.26,upi,Refund Pending,Return Pickup Pending,Noida,iOS,Home
ORD0001740,CUST000689,SELL0991,2026-05-13,05:20:23,2026-05-18,2026-05-20,42505.5,Card,Delivered,,Kolkata,Web,Beauty
ORD0001741,CUST001109,SELL0301,2026-06-05,05:35:55,2026-06-11,2026-06-17,19075.5,Card,Refund Pending,Refund Awaited,Jaipur,Web,Books
ORD0001742,CUST000198,SELL0316,2026-06-05,17:15:56,2026-06-07,2026-06-05,31043.92,Cash on Delivery,Delivered,,Kochi,Web,Grocery
ORD0001743,CUST000712,SELL0541,2026-05-16,03:24:02,2026-05-20,2026-05-19,17535.77,Card,Delivered,,Delhi,iOS,Furniture
ORD0001744,CUST001199,SELL0625,2026-06-09,03:17:58,2026-06-12,2026-06-22,45961.34,Card,Delayed,Weather Delay,Kochi,Mobile Web,Grocery
ORD0001745,CUST000741,SELL0166,2026-06-06,12:14:34,2026-06-09,2026-06-13,3765.25,Card,Returned,Size Issue,Ahmedabad,Mobile Web,Home
ORD0001746,CUST000305,SELL0996,2026-06-07,21:45:11,2026-06-10,2026-06-10,3109.75,Cash on Delivery,Returned,Size Issue,Mumbai,Android,Beauty
ORD0001747,CUST000713,SELL0195,2026-06-06,10:55:58,2026-06-13,2026-06-20,48546.85,Wallet,Returned,Wrong Item,Noida,Android,Fashion
ORD0001748,CUST000702,SELL0647,2026-06-10,06:05:44,2026-06-13,2026-06-12,45608.47,UPI,Delivered,,Lucknow,Web,Home
ORD0001749,CUST001121,SELL0026,2026-06-08,20:00:44,2026-06-14,2026-06-18,30857.41,Bank Transfer,Refund Pending,Return Pickup Pending,Delhi,Android,Appliances
ORD0001750,CUST000686,SELL0236,2026-05-06,19:32:49,2026-05-13,,14378.91,UPI,Cancelled,Payment Failed,Delhi,Android,Fashion
ORD0001751,CUST000998,SELL0141,2026-05-16,22:52:37,2026-05-21,2026-05-20,26814.42,Card,Delivered,,Bengaluru,Android,Electronics
ORD0001752,CUST000588,SELL0188,2026-05-28,17:13:55,2026-05-31,2026-05-30,8070.99,Card,Delivered,,Gurugram,Android,Sports
ORD0001753,CUST000167,SELL0604,2026-05-23,13:59:49,2026-05-25,,9373.02,Wallet,Processing,Address Verification,Nagpur,Mobile Web,Fashion
ORD0001754,CUST000213,SELL0379,2026-05-03,15:44:20,2026-05-05,,16370.26,Cash on Delivery,cancelled,Seller Cancelled,Mumbai,Mobile Web,Sports
ORD0001755,CUST000163,SELL0470,2026-05-09,00:22:11,2026-05-16,2026-05-16,34850.97,UPI,Delivered,,Mumbai,Android,Grocery
ORD0001756,CUST000312,SELL0494,2026-05-12,23:57:21,2026-05-19,2026-05-21,29335.26,Wallet,Delivered,,Ahmedabad,iOS,Beauty
ORD0001757,CUST000209,SELL0875,2026-05-16,17:25:03,2026-05-23,2026-05-21,62065.12,wallet,Delivered,,Kolkata,Android,Sports
ORD0001758,CUSTX948783,SELL0995,2026-06-11,12:25:44,2026-06-17,,19759.78,Card,Processing,Warehouse Delay,Lucknow,Web,Books
ORD0001759,CUST000625,SELL0660,2026-06-07,21:06:25,2026-06-12,2026-06-11,60718.01,Card,Delivered,,Lucknow,Mobile Web,Books
ORD0001760,CUST000163,SELL0647,2026-05-24,18:33:18,2026-05-27,2026-05-27,45109.38,Wallet,Delivered,,Ahmedabad,Web,Home
ORD0001761,CUST000324,SELL0630,2026-05-16,02:30:15,2026-05-22,2026-05-29,39409.52,UPI,Delayed,Seller Dispatch Delay,Delhi,Web,Grocery
ORD0001762,CUST000671,SELL0216,2026-05-11,02:04:44,2026-05-17,2026-05-17,63688.36,Card,Delivered,,Kochi,Mobile Web,Fashion
ORD0001763,CUST000947,SELL0604,2026-05-08,16:32:30,2026-05-15,2026-05-15,39479.36,Bank Transfer,Delivered,,Mumbai,Mobile Web,Fashion
ORD0001764,CUST000482,SELL0133,2026-06-13,01:09:23,2026-06-17,,53670.35,Card,Cancelled,Seller Cancelled,Kochi,Android,Sports
ORD0001765,CUST000097,SELL0713,2026-05-22,19:28:47,2026-05-28,2026-05-28,19965.55,Bank Transfer,Delivered,,Gurugram,Mobile Web,Furniture
ORD0001766,CUST001051,SELL0743,2026-05-11,14:26:13,2026-05-16,2026-05-22,15457.5,Cash on Delivery,Delayed,Weather Delay,Lucknow,Web,Grocery
ORD0001767,CUST000517,SELL0382,2026-05-13,18:20:13,2026-05-19,2026-05-24,52088.75,UPI,Returned,Wrong Item,Delhi,Web,Electronics
ORD0001768,CUST000689,SELL0501,2026-06-09,13:53:11,2026-06-15,2026-06-16,8904.67,Wallet,Delivered,,Gurugram,Mobile Web,Appliances
ORD0001769,CUST000223,SELL0071,2026-05-16,11:56:21,2026-05-19,2026-05-21,7304.19,Wallet,Delivered,,Pune,iOS,Mobiles
ORD0001770,CUST000950,SELL0238,2026-05-19,17:14:57,2026-05-26,2026-05-26,36177.56,UPI,Delivered,,Noida,Web,Mobiles
ORD0001771,CUST000830,SELL0525,2026-05-04,19:56:31,2026-05-10,2026-05-21,51412.49,UPI,Delayed,Last Mile Capacity,Noida,Mobile Web,Sports
ORD0001772,CUST000449,SELL0130,2026-05-30,05:22:05,2026-06-06,2026-06-06,9867.73,Card,Delivered,,Chennai,iOS,Mobiles
ORD0001773,CUST000709,SELL0282,2026-05-31,06:38:32,2026-06-04,2026-06-03,6660.17,Bank Transfer, Delivered ,,Noida,iOS,Sports
ORD0001774,CUST001111,SELL0175,2026-06-01,18:00:16,2026-06-03,2026-06-01,1812.79,Card,Delivered,,Hyderabad,Mobile Web,Fashion
ORD0001775,CUST000426,SELL0916,2026-05-01,18:07:46,2026-05-06,2026-05-06,1593.82,Cash on Delivery,Delivered,,Coimbatore,Web,Home
ORD0001776,CUST000869,SELL0834,2026-05-14,22:30:35,2026-05-20,2026-05-21,17926.65,Bank Transfer,Delivered,,Noida,Mobile Web,Furniture
ORD0001777,CUST000626,SELL0585,2026-05-28,10:07:37,2026-06-04,,27988.91,Cash on Delivery,Lost,Package Lost,Kolkata,Web,Fashion
ORD0001778,CUST000925,SELL0212,2026-06-13,10:36:04,2026-06-18,2026-06-19,49633.34,WALLET,Delivered,,Nagpur,Mobile Web,Electronics
ORD0001779,CUST000635,SELL0938,2026-05-05,01:06:13,2026-05-08,2026-05-08,4099.59,UPI,Delivered,,Delhi,Android,Home
ORD0001780,CUST000264,SELL0767,2026-06-03,09:03:48,2026-06-07,2026-06-07,48234.83,Bank Transfer,Delivered,,Ahmedabad,iOS,Furniture
ORD0001781,CUST000372,SELL0537,2026-05-12,00:23:40,2026-05-17,2026-05-17,35663.86,Card,Delivered,,Hyderabad,Android,Appliances
ORD0001782,CUST000463,SELL0314,2026-05-09,05:12:53,2026-05-15,2026-05-13,34650.02,Cash on Delivery,Delivered,,Delhi,Mobile Web,Books
ORD0001783,CUST000194,SELL0822,2026-06-08,04:50:31,2026-06-13,2026-06-14,48646.19,UPI,Delivered,,Coimbatore,iOS,Home
ORD0001784,CUST000567,SELL0795,2026-05-03,20:46:45,2026-05-06,,53360.59,Card,Processing,Warehouse Delay,Bengaluru,Web,Fashion
ORD0001785,CUST000315,SELL0444,2026-05-06,22:49:11,2026-05-09,2026-05-16,60943.09,UPI,Returned,Size Issue,Chennai,Web,Home
ORD0001786,CUST001192,SELL0498,2026-06-01,02:11:57,2026-06-04,2026-06-03,47133.18,Cash on Delivery,Delivered,,Delhi,Mobile Web,Electronics
ORD0001787,CUST000597,SELL0108,2026-05-03,02:08:03,2026-05-06,,11765.52,Bank Transfer,Cancelled,Payment Failed, KOLKATA ,Mobile Web,Mobiles
ORD0001788,CUST000420,SELL0840,2026-05-12,11:14:15,2026-05-16,2026-05-15,9376.35,Bank Transfer,Delivered,,Indore,Android,Furniture
ORD0001789,CUST000157,SELL0438,2026-06-13,12:34:46,2026-06-17,2026-06-18,35692.37,Card,Delivered,,Bengaluru,Android,Books
ORD0001790,CUST000711,SELL0288,2026-05-10,20:19:25,2026-05-13,2026-05-16,13825.17,Bank Transfer,Delayed,Seller Dispatch Delay,Ahmedabad,iOS,Furniture
ORD0001791,CUST000940,SELL0976,2026-05-14,22:22:42,2026-05-21,2026-05-23,36570.57,UPI,Returned,Wrong Item,Mumbai,Web,Books
ORD0001792,CUST000537,SELL0598,2026-06-03,04:14:50,2026-06-09,2026-06-15,48648.74,UPI,Delayed,Last Mile Capacity,Kochi,Android,Sports
ORD0001793,CUST000407,SELL0483,2026-05-31,20:27:48,2026-06-02,,15412.08,Cash on Delivery,Processing,Seller Dispatch Pending,Nagpur,Mobile Web,Appliances
ORD0001794,CUST000361,SELL0761,2026-05-07,23:14:12,2026-05-09,2026-05-11,46293.21,Card,Delayed,Last Mile Capacity,Indore,Web,Home
ORD0001795,CUST000579,SELL0271,2026-05-24,09:56:44,2026-05-30,,4045.78,Bank Transfer,CANCELLED,Seller Cancelled,Mumbai,Web,Furniture
ORD0001796,CUST000635,SELL0069,2026-06-12,20:46:03,2026-06-15,2026-06-15,23448.22,Card,Delivered,,Bengaluru,iOS,Home
ORD0001797,CUST001147,SELL0689,2026-05-19,12:18:43,2026-05-21,,40867.68,Bank Transfer,Processing,Warehouse Delay,Coimbatore,Mobile Web,Books
ORD0001798,CUST000929,SELL0687,2026-05-18,18:21:30,2026-05-21,2026-05-19,54450.3,UPI,Delivered,,Kolkata,iOS,Beauty
ORD0001799,CUST000317,SELL0926,2026-06-12,06:00:29,2026-06-14,2026-06-14,7032.09,UPI,Delivered,,Chennai,Mobile Web,Home
ORD0001800,CUST000574,SELL0918,2026-05-03,12:54:22,2026-05-10,2026-05-10,21657.02,Bank Transfer,Delivered,,Kochi,iOS,Sports
ORD0001801,CUST000338,SELL0833,2026-05-30,06:26:23,2026-06-01,2026-06-03,28256.83,Bank Transfer,Delivered,,Lucknow,iOS,Home
ORD0001802,CUST000398,SELL0400,2026-05-05,16:04:17,2026-05-08,,56405.0,Wallet,Processing,Address Verification,Nagpur,Web,Beauty
ORD0001803,CUST000580,SELL0394,2026-05-07,11:59:23,2026-05-10,,33244.12,Card,Cancelled,Seller Cancelled,Kochi,Android,Sports
ORD0001804,CUST000814,SELL0527,2026-05-26,15:06:08,2026-05-31,2026-05-30,46251.36,UPI,Delivered,,Hyderabad,Mobile Web,Beauty
ORD0001805,CUST000981,SELL0834,2026-06-14,05:06:35,2026-06-17,2026-06-17,46758.97,Wallet,Delivered,,Ahmedabad,Android,Furniture
ORD0001806,CUST000632,SELL0912,2026-06-02,17:32:00,2026-06-07,2026-06-09,53089.03,Wallet,Delivered,,Lucknow,Android,Books
ORD0001807,CUST000745,SELL0553,2026-05-07,17:17:07,2026-05-09,,44070.28,Cash on Delivery,Processing,Seller Dispatch Pending,Delhi,iOS,Sports
ORD0001808,CUST000993,SELL0253,2026-06-07,09:51:51,2026-06-13,2026-06-18,1431.13,UPI,Returned,Damaged Item,Indore,iOS,Beauty
ORD0001809,CUST001041,SELL0158,2026-05-28,06:22:24,2026-05-31,2026-06-03,14596.65,Card,Refund Pending,Payment Hold,Delhi,Mobile Web,Fashion
ORD0001810,CUST000325,SELL0300,2026-05-25,03:10:06,2026-05-29,2026-05-29,726.01,Card,Delivered,,Delhi,iOS,Home
ORD0001811,CUST000740,SELL0334,2026-06-12,10:09:05,2026-06-15,2026-06-15,23849.16,Wallet,Delivered,,Noida,iOS,Books
ORD0001812,CUST000636,SELL0622,2026-06-01,04:08:04,2026-06-04,2026-06-04,9371.97,Cash on Delivery,Delivered,,Lucknow,Web,Appliances
ORD0001813,CUST001186,SELL0070,2026-05-02,21:40:32,2026-05-07,2026-05-07,32051.85,Card,Delivered,,Coimbatore,iOS,Furniture
ORD0001814,CUST000143,SELL0581,2026-05-14,02:34:35,2026-05-21,2026-05-25,11522.85,Cash on Delivery,Delayed,Last Mile Capacity,Lucknow,iOS,Mobiles
ORD0001815,CUST000230,SELL0765,2026-05-14,00:51:32,2026-05-19,2026-05-18,42889.75,Bank Transfer,Delivered,, PUNE ,Android,Furniture
ORD0001816,CUST001042,SELL0551,2026-05-04,04:22:18,2026-05-07,2026-05-15,11507.48,Cash on Delivery,Delayed,Address Issue,Coimbatore,Web,Fashion
ORD0001817,CUST000527,SELL0225,2026-05-15,12:45:36,2026-05-21,2026-05-23,2392.45,Card,Delivered,,Kolkata,iOS,Fashion
ORD0001818,CUST000447,SELL0403,2026-05-26,14:30:20,2026-06-01,,1239.55,Wallet,Cancelled,Payment Failed,Hyderabad,Mobile Web,Home
ORD0001819,CUST000553,SELL0576,2026-05-31,16:57:03,2026-06-06,2026-06-12,18428.15,Card,Delayed,Courier Delay,Nagpur,Android,Grocery
ORD0001820,CUST000921,SELL0143,2026-05-02,13:40:09,2026-05-07,2026-05-15,46205.88,Bank Transfer,Delayed,Last Mile Capacity,Lucknow,Web,Fashion
ORD0001821,CUST000204,SELL0572,2026-06-11,17:26:41,2026-06-17,,48990.44,UPI,Cancelled,Seller Cancelled,Kolkata,Web,Home
ORD0001822,CUST000727,SELL0187,2026-05-18,16:33:03,2026-05-20,2026-05-20,17377.28,Card,Delivered,,Indore,Android,Home
ORD0001823,CUST000364,SELL0998,2026-06-08,05:03:27,2026-06-10,2026-06-11,2195.99,Wallet,Returned,Wrong Item,Delhi,Mobile Web,Electronics
ORD0001824,CUST000641,SELL0864,2026-05-02,06:14:33,2026-05-05,2026-05-05,0,Card,Delivered,,Kochi,iOS,Mobiles
ORD0001825,CUST000745,SELL0370,2026-05-29,00:22:07,2026-06-01,2026-06-01,50769.17,Wallet,Delivered,,Mumbai,Web,Books
ORD0001826,CUST000135,SELL0797,2026-05-06,05:14:34,2026-05-11,2026-05-15,8327.13,Card,Delayed,Seller Dispatch Delay,Delhi,Web,Fashion
ORD0001827,CUST001016,SELL0341,2026-05-11,16:19:46,2026-05-16,2026-05-15,34219.62,UPI,Delivered,,Jaipur,Mobile Web,Fashion
ORD0001828,CUST000285,SELL0505,2026-05-21,23:33:41,2026-05-28,,37466.27,Cash on Delivery,Cancelled,Seller Cancelled,Gurugram,iOS,Grocery
ORD0001829,CUST000909,SELL0140,2026-06-01,07:27:22,2026-06-08,2026-06-07,616.95,Wallet,Delivered,,Bengaluru,iOS,Mobiles
ORD0001830,CUST000358,SELL0676,2026-05-29,19:42:33,2026-06-04,2026-06-05,12853.75,Card,Delivered,,Gurugram,Web,Mobiles
ORD0001831,CUST001150,SELL0403,2026-05-07,13:25:13,2026-05-13,2026-05-12,59563.52,Wallet,Delivered,,Pune,iOS,Home
ORD0001832,CUST000091,SELL0815,2026-05-30,20:47:44,2026-06-05,2026-06-04,43556.34,Bank Transfer,Delivered,, INDORE ,Android,Grocery
ORD0001833,CUST000853,SELL0688,2026-05-08,13:36:38,2026-05-15,2026-05-25,2078.51,Wallet,Delayed,Seller Dispatch Delay,Chennai,Android,Electronics
ORD0001834,CUST000539,SELL0483,2026-05-03,03:19:16,2026-05-08,,6563.95,Card,Processing,Seller Dispatch Pending,Indore,Web,Appliances
ORD0001835,CUST000296,SELL0284,2026-05-19,15:30:55,2026-05-24,2026-05-23,47351.78,UPI,Delivered,,Indore,Mobile Web,Mobiles
ORD0001836,CUST000705,SELL0229,2026-05-17,02:51:11,2026-05-21,2026-05-19,44234.15,Card,Delivered,,Nagpur,iOS,Mobiles
ORD0001837,CUST000963,SELL0181,2026-05-03,08:01:47,2026-05-09,2026-05-14,54118.51,Bank Transfer,Delayed,Courier Delay,Kochi,Web,Fashion
ORD0001838,CUST000812,SELL0182,2026-05-28,20:39:42,2026-05-30,2026-05-28,15645.15,Cash on Delivery,Delivered,,Jaipur,iOS,Beauty
ORD0001839,CUST001002,SELLX9659,2026-06-14,20:19:44,2026-06-21,2026-06-22,8702.34,UPI,Delivered,,Kochi,Mobile Web,Grocery
ORD0001840,CUST001141,SELL0020,2026-06-04,09:23:44,2026-06-08,2026-06-06,2285.38,Cash on Delivery,Delivered,,Chennai,Android,Appliances
ORD0001841,CUST001000,SELL0643,2026-05-03,15:16:40,2026-05-08,2026-05-08,3929.71,Wallet,Delivered,,Mumbai,Android,Home
ORD0001842,CUST000177,SELL0083,2026-06-03,18:14:21,2026-06-05,2026-06-13,15043.97,Cash on Delivery,Delayed,Seller Dispatch Delay,Mumbai,Web,Fashion
ORD0001843,CUST001006,SELL0606,2026-05-14,15:44:16,2026-05-18,2026-05-17,50623.23,Wallet,Delivered,,Hyderabad,Android,Appliances
ORD0001844,CUST000082,SELL0330,2026-05-13,10:21:54,2026-05-16,,57748.72,Bank Transfer,Processing,Seller Dispatch Pending,Hyderabad,Web,Furniture
ORD0001845,CUST001016,SELL0791,2026-05-15,11:01:19,2026-31-05,2026-05-22,54750.08,Bank Transfer,Delivered,,Delhi,iOS,Furniture
ORD0001846,CUST001081,SELL0322,2026-05-22,10:38:03,2026-05-29,,40912.56,Cash on Delivery,Processing,Address Verification,Hyderabad,iOS,Books
ORD0001847,CUST000255,SELL0174,2026-05-23,01:42:47,2026-05-27,,29364.11,Cash on Delivery,Processing,Warehouse Delay,Gurugram,iOS,Grocery
ORD0001848,CUST000673,SELL0253,2026-06-03,00:53:58,2026-06-08,,59396.66,Bank Transfer,Cancelled,Seller Cancelled,Nagpur,Android,Beauty
ORD0001849,CUST000779,SELL0398,2026-06-03,02:49:44,2026-06-08,,25230.8,Wallet,Cancelled,Customer Cancelled,Nagpur,Android,Appliances
ORD0001850,CUST001107,SELL0327,2026-05-10,15:04:49,2026-05-17,2026-05-16,63313.3,Cash on Delivery,Delivered,,Bengaluru,Android,Books
ORD0001851,CUST001184,SELL0349,2026-06-10,16:54:28,2026-06-15,2026-06-20,49038.35,UPI,Delayed,Seller Dispatch Delay,Mumbai,Web,Fashion
ORD0001852,CUST000918,SELL0366,2026-05-27,17:58:02,2026-05-30,2026-05-30,33624.14,Card,Delivered,,Jaipur,iOS,Books
ORD0001853,CUST000833,SELL0979,2026-05-04,00:16:10,2026-05-07,2026-05-08,48426.17,Wallet,Returned,Size Issue,Jaipur,iOS,Fashion
ORD0001854,CUST000010,SELL0087,2026-06-07,13:10:53,2026-06-12,2026-06-12,49431.43,Wallet,Delivered,,Lucknow,Android,Fashion
ORD0001855,CUST000050,SELL0013,2026-05-20,02:50:42,2026-05-23,2026-05-23,48715.66,UPI,Delivered,,Noida,iOS,Appliances
ORD0001856,CUST000758,SELL0853,2026-06-01,06:46:14,2026-06-04,2026-06-04,13164.01,UPI,Delivered,,Delhi,iOS,Beauty
ORD0001857,CUST000656,SELL0657,2026-06-07,00:42:20,2026-31-05,2026-06-22,53861.55,Wallet,Delayed,Weather Delay,Gurugram,Web,Mobiles
ORD0001858,CUST001083,SELL0494,2026-06-07,13:37:18,2026-06-14,,10002.94,UPI,Cancelled,Customer Cancelled,Noida,Web,Beauty
ORD0001859,CUST000957,SELL0763,2026-05-08,04:22:32,2026-05-14,2026-05-15,9974.97,UPI,Delivered,,Lucknow,iOS,Books
ORD0001860,CUST000229,SELL0840,2026-05-09,05:26:11,2026-05-11,2026-05-13,38337.92,UPI,Delivered,,Lucknow,Mobile Web,Furniture
ORD0001861,CUST000750,SELL0731,2026-05-14,05:49:38,2026-05-20,2026-05-18,36626.94,Wallet,Delivered,,Noida,Android,Furniture
ORD0001862,CUST000641,SELL0603,2026-05-03,03:27:30,2026-05-05,2026-05-11,39345.74,Cash on Delivery,Refund Pending,Return Pickup Pending, AHMEDABAD ,Mobile Web,Books
ORD0001863,CUST000510,SELL0520,2026-05-25,07:34:30,2026-05-30,2026-06-03,7281.09,Card,Returned,Damaged Item,Noida,iOS,Appliances
ORD0001864,CUST000594,SELL0877,2026-05-10,15:19:38,2026-05-13,2026-05-13,30423.68,Bank Transfer,Delivered,, MUMBAI ,Web,Books
ORD0001865,CUST000162,SELL0534,2026-05-26,10:20:40,2026-05-30,,61886.58,CASH ON DELIVERY, Cancelled ,Customer Cancelled,Kochi,iOS,Home
ORD0001866,CUST000179,SELL0409,2026-06-08,23:23:24,2026-06-14,2026-06-25,48107.9,Bank Transfer,Delayed,Courier Delay,Noida,Mobile Web,Home
ORD0001867,CUST000687,SELL0204,2026-06-04,08:45:42,2026-06-11,2026-06-18,23278.22,Bank Transfer,Delayed,Courier Delay,Nagpur,Mobile Web,Fashion
ORD0001868,CUST000253,SELL0230,2026-05-30,00:27:40,2026-06-06,,58161.56,Wallet,PROCESSING,Address Verification,Indore,iOS,Mobiles
ORD0001869,CUST000490,SELL0774,2026-06-07,17:10:37,2026-06-10,2026-06-12,20193.5,Wallet,Returned,Size Issue,Nagpur,Mobile Web,Books
ORD0001870,CUST000128,SELL0771,2026-05-27,19:38:21,2026-05-30,2026-05-29,44935.46,Card,Delivered,,Gurugram,Android,Furniture
ORD0001871,CUST000746,SELL0861,2026-05-17,18:27:46,2026-05-24,2026-05-29,57650.67,Wallet,Delayed,Weather Delay,Ahmedabad,Mobile Web,Books
ORD0001872,CUST001036,SELL0051,2026-05-11,10:17:03,2026-05-15,2026-05-20,20185.78,Cash on Delivery,Delayed,Seller Dispatch Delay,Coimbatore,Mobile Web,Furniture
ORD0001873,CUST001069,SELL0018,2026-05-17,22:56:58,2026-05-22,2026-05-20,54400.44,Wallet,Delivered,,Delhi,Mobile Web,Beauty
ORD0001874,CUST000914,SELL0979,2026-05-19,00:59:35,2026-05-23,2026-06-02,21920.82,UPI,Delayed,Weather Delay,Hyderabad,Mobile Web,Fashion
ORD0001875,CUST001076,SELL0508,2026-06-08,16:48:02,2026-06-12,,39824.04,Bank Transfer,Cancelled,Payment Failed,Bengaluru,Web,Fashion
ORD0001876,CUST000174,SELL0392,2026-05-30,16:23:27,2026-06-03,2026-06-02,14561.49,Card,Delivered,,Noida,Android,Sports
ORD0001877,CUST000212,SELL0114,2026-05-14,08:42:23,2026-05-18,2026-05-16,24043.56,Card,Delivered,,Indore,Mobile Web,Beauty
ORD0001878,CUST000595,SELL0368,2026-05-23,19:39:00,2026-05-30,2026-05-30,3296.29,Cash on Delivery,Delivered,,Nagpur,Web,Fashion
ORD0001879,CUST000874,SELL0200,2026-05-30,06:11:52,2026-06-06,2026-06-05,17776.88,Wallet,Delivered,,Chennai,iOS,Books
ORD0001880,CUST000421,SELL0832,2026-05-04,20:10:16,2026-05-09,,64679.16,Cash on Delivery,Cancelled,Payment Failed,Mumbai,Web,Books
ORD0001881,CUST000197,SELL0923,2026-05-29,15:39:36,2026-06-05,2026-06-04,1224.65,Wallet,Delivered,,Ahmedabad,Web,Books
ORD0001882,CUST001055,SELL0614,2026-05-06,01:53:52,2026-05-11,,49871.39,Wallet,Processing,Seller Dispatch Pending,Pune,Android,Home
ORD0001883,CUST001031,SELL0234,2026-06-09,10:08:13,2026-06-11,2026-06-09,42047.03,Card,Delivered,,Hyderabad,Android,Home
ORD0001884,CUST000716,SELL0561,2026-05-23,04:15:11,2026-05-27,2026-05-29,26773.93,UPI,Returned,Wrong Item,Ahmedabad,Web,Furniture
ORD0001885,CUST000925,SELL0149,2026-05-24,23:07:33,2026-05-30,2026-05-30,38741.97,Bank Transfer,Delivered,,Kolkata,iOS,Fashion
ORD0001886,CUST000522,SELL0323,2026-06-06,18:07:24,2026-06-12,2026-06-20,21826.71,UPI,Delayed,Address Issue,Mumbai,Android,Electronics
ORD0001887,CUST000528,SELL0975,2026-06-11,07:40:32,2026-06-17,2026-06-18,16976.24,Card,Delivered,,Jaipur,Mobile Web,Books
ORD0001888,CUST000268,SELL0952,2026-05-07,17:08:50,2026-05-14,2026-05-13,31271.06,Card,Delivered,,Gurugram,Web,Appliances
ORD0001889,CUST001064,SELL0553,2026-05-25,13:43:50,2026-05-29,2026-05-27,21587.22,UPI,Delivered,,Mumbai,Mobile Web,Sports
ORD0001890,CUST000926,SELL0999,2026-05-15,04:42:58,2026-05-20,2026-05-18,52178.58,Card,Delivered,,Ahmedabad,Web,Fashion
ORD0001891,CUST000380,SELL0475,2026-06-13,22:05:45,2026-06-17,2026-06-17,64140.77,Bank Transfer,Delivered,,Ahmedabad,iOS,Electronics
ORD0001892,CUST000099,SELL0445,2026-06-02,10:10:03,2026-06-06,2026-06-05,18984.7,Bank Transfer,Delivered,,Hyderabad,Android,Home
ORD0001893,CUST000302,SELL0841,2026-05-13,02:26:34,2026-05-17,2026-05-18,7852.82,UPI,Delivered,,Delhi,Web,Furniture
ORD0001894,CUST000316,SELL0213,2026-05-02,16:37:15,2026-05-04,2026-05-09,26994.75,Bank Transfer,Delayed,Seller Dispatch Delay,Mumbai,iOS,Mobiles
ORD0001895,CUST000526,SELL0246,2026-05-15,15:50:48,2026-05-20,2026-05-23,43602.5,Card,Delayed,Seller Dispatch Delay,Coimbatore,iOS,Mobiles
ORD0001896,CUST001085,SELL0302,2026-05-12,10:01:12,2026-05-14,2026-05-13,59396.18,Wallet,Delivered,,Ahmedabad,Android,Electronics
ORD0001897,CUST000260,SELL0960,2026-06-13,02:31:41,2026-06-20,2026-06-19,61357.91,Card,Delivered,,Gurugram,iOS,Home
ORD0001898,CUST000984,SELL0736,2026-05-08,01:21:57,2026-05-11,,11858.91,Card,Cancelled,Payment Failed,Delhi,Web,Mobiles
ORD0001899,CUST000573,SELL0396,2026-05-03,14:20:19,2026-05-05,2026-05-15,5714.88,Bank Transfer,Delayed,Last Mile Capacity, GURUGRAM ,iOS,Home
ORD0001900,CUST000090,SELL0470,2026-05-08,07:22:04,2026-05-15,2026-05-22,28373.63,Wallet,Delayed,Seller Dispatch Delay,Pune,iOS,Grocery
ORD0001901,CUST000679,SELL0718,2026-05-16,19:51:51,2026-05-18,2026-05-20,9752.04,Wallet,Delayed,Address Issue,Ahmedabad,Mobile Web,Sports
ORD0001902,CUST000002,SELL0614,2026-05-26,18:53:14,2026-05-28,2026-05-28,38637.0,Cash on Delivery,Delivered,,Gurugram,Web,Home
ORD0001903,CUST000671,SELL0848,2026-06-04,11:02:20,2026-06-06,,50581.74,Card,Cancelled,Payment Failed,Kochi,iOS,Electronics
ORD0001904,CUST001140,SELL0689,2026-05-13,14:35:16,2026-05-15,2026-05-17,63930.86,Card,Delivered,,Lucknow,iOS,Books
ORD0001905,CUST000583,SELL0736,2026-05-27,05:45:42,2026-06-02,2026-06-07,3250.38,Cash on Delivery,Returned,Damaged Item,Pune,Mobile Web,Mobiles
ORD0001906,CUST000238,SELL0832,2026-05-02,13:11:21,2026-05-08,,52693.84,Bank Transfer,Processing,Address Verification,Nagpur,iOS,Books
ORD0001907,CUST000529,SELL0393,2026-06-12,05:35:50,2026-06-14,2026-06-14,11182.71,Cash on Delivery,Delivered,,Kolkata,Mobile Web,Appliances
ORD0001908,CUST000267,SELL0412,2026-06-01,22:31:04,2026-06-03,,16389.83,UPI,Lost,Package Lost,Mumbai,Mobile Web,Books
ORD0001909,CUST000447,SELL0582,2026-06-09,05:36:59,2026-06-13,2026-06-13,60404.78,Card,Delivered,,Ahmedabad,Web,Home
ORD0001910,CUST000851,SELL0121,2026-05-12,11:17:17,2026-05-18,,12662.13,UPI,Processing,Seller Dispatch Pending,Nagpur,Android,Beauty
ORD0001911,CUST000686,SELL0828,2026-06-13,10:11:15,2026-06-17,,9338.29,Wallet,Processing,Warehouse Delay,Nagpur,iOS,Sports
ORD0001912,CUST000230,SELL0168,2026-05-20,00:36:02,2026-05-24,2026-05-24,54650.1,Bank Transfer,Delivered,,Noida,Web,Grocery
ORD0001913,CUST001007,SELL0098,2026-05-17,19:11:49,2026-05-23,2026-05-23,16979.33,Cash on Delivery,Delivered,,Indore,Web,Appliances
ORD0001914,CUST000584,SELL0914,2026-05-11,09:54:40,2026-05-14,2026-05-22,50584.95,Card,Delayed,Address Issue,Coimbatore,iOS,Furniture
ORD0001915,CUST000036,SELL0191,2026-05-27,12:52:24,2026-06-01,2026-05-31,34755.63,UPI,Delivered,,Lucknow,iOS,Mobiles
ORD0001916,CUST000628,SELL0596,2026-06-02,00:26:34,2026-06-07,2026-06-09,26442.73,Wallet,Delayed,Last Mile Capacity,Lucknow,iOS,Home
ORD0001917,CUST000759,SELL0189,2026-05-30,05:48:06,2026-06-02,2026-06-04,17488.03,UPI,Returned,Size Issue,Jaipur,Android,Fashion
ORD0001918,CUST000741,SELL0640,2026-05-26,09:02:07,2026-06-01,,42181.39,Cash on Delivery,Cancelled,Customer Cancelled,Ahmedabad,Mobile Web,Sports
ORD0001919,CUST000170,SELL0399,2026-06-11,09:37:55,2026-06-18,2026-06-20,63950.03,Bank Transfer,Delivered,,Nagpur,Mobile Web,Grocery
ORD0001920,CUST000541,SELL0090,2026-06-06,16:00:12,2026-06-08,,55426.26,Bank Transfer,Processing,Warehouse Delay,Bengaluru,Web,Grocery
ORD0001921,CUST000447,SELL0608,2026-06-11,06:21:56,2026-06-16,,17875.73,Card,Cancelled,Customer Cancelled,Coimbatore,iOS,Fashion
ORD0001922,CUST000006,SELL0001,2026-05-09,10:50:00,2026-05-15,2026-05-14,46571.36, Wallet ,Delivered,,Chennai,iOS,Electronics
ORD0001923,CUST000138,SELL0743,2026-06-05,16:10:56,2026-06-09,,49022.49,Card,Processing,Seller Dispatch Pending,Indore,Android,Grocery
ORD0001924,CUST001164,SELL0022,2026-05-21,19:51:58,2026-05-24,2026-05-23,18795.25,Card,Delivered,,Mumbai,Web,Sports
ORD0001925,CUST000302,SELL0123,2026-05-11,17:38:59,2026-05-16,2026-05-15,24806.94,UPI,Delivered,,Kolkata,Mobile Web,Furniture
ORD0001926,CUST000073,SELL0891,2026-06-03,22:29:10,2026-06-06,2026-06-05,60859.7,Cash on Delivery,Delivered,,Kolkata,iOS,Mobiles
ORD0001927,CUST000025,SELL0661,2026-05-13,20:51:31,2026-05-20,2026-05-18,18678.22,Card,Delivered,,Mumbai,iOS,Sports
ORD0001928,CUST000813,SELL0627,2026-05-04,10:12:16,2026-05-06,2026-05-06,24749.61,Bank Transfer,Delivered,,Gurugram,iOS,Mobiles
ORD0001929,CUST000263,SELL0297,2026-05-05,00:01:12,2026-05-08,2026-05-16,14847.35,Card,Returned,Customer Return,Coimbatore,Mobile Web,Appliances
ORD0001930,CUST001023,SELL0143,2026-05-20,08:12:33,2026-05-26,,47355.27,UPI,Cancelled,Seller Cancelled,Kochi,Android,Fashion
ORD0001931,CUST000056,SELL0559,2026-05-09,23:40:35,2026-05-14,2026-05-25,38871.74,Wallet,Delayed,Last Mile Capacity,Pune,Web,Mobiles
ORD0001932,CUST001013,SELL0822,2026-06-03,00:33:37,2026-06-07,2026-06-06,41700.19,Bank Transfer,Delivered,,Jaipur,Mobile Web,Home
ORD0001933,CUST000339,SELL0025,2026-05-11,01:42:04,2026-05-14,,62395.09,Card,Processing,Address Verification,Ahmedabad,iOS,Fashion
ORD0001934,CUST000112,SELL0373,2026-06-08,17:52:24,2026-06-15,2026-06-15,27603.36,Wallet,Delivered,,Hyderabad,Mobile Web,Furniture
ORD0001935,CUST001129,SELL0764,2026-06-01,06:10:46,2026-06-03,2026-06-09,11635.11,UPI,delayed,Last Mile Capacity,Noida,Web,Electronics
ORD0001936,CUST000347,SELL0961,2026-05-14,15:07:46,2026-05-19,2026-05-19,8351.24,Card,Delivered,,Coimbatore,iOS,Electronics
ORD0001937,CUST000241,SELL0818,2026-06-10,03:12:48,2026-06-14,2026-06-13,55031.48,UPI,Delivered,,Indore,Android,Grocery
ORD0001938,CUST000589,SELL0855,2026-06-01,18:14:38,2026-06-05,,8666.24,Bank Transfer,Lost,Package Lost,Pune,Mobile Web,Fashion
ORD0001939,CUST000909,SELL0058,2026-06-14,08:35:17,2026-06-18,2026-06-26,9575.64,Card,Returned,Damaged Item,Hyderabad,Mobile Web,Beauty
ORD0001940,CUST000773,SELL0613,2026-05-31,22:51:40,2026-06-07,2026-06-06,24033.83,Cash on Delivery,Delivered,,Noida,Android,Grocery
ORD0001941,CUST001128,SELL0213,2026-05-04,16:05:36,2026-05-11,2026-05-10,16510.5,Cash on Delivery,Delivered,,Delhi,iOS,Mobiles
ORD0001942,CUST000607,SELL0733,2026-05-09,21:07:59,2026-05-11,2026-05-18,32750.1,Cash on Delivery,Refund Pending,Refund Awaited, PUNE ,Android,Appliances
ORD0001943,CUST000678,SELL0497,2026-05-26,22:21:14,2026-05-28,,18729.04,Cash on Delivery,Lost,Package Lost,Chennai,Web,Home
ORD0001944,CUST000932,SELLX9688,2026-05-26,22:07:58,2026-05-30,2026-05-30,36795.73,Wallet,Delivered,,Chennai,iOS,Fashion
ORD0001945,CUST000106,SELL0935,2026-06-06,11:18:23,2026-06-09,2026-06-09,18773.95,Bank Transfer,Delivered,,Nagpur,Android,Appliances
ORD0001946,CUST001176,SELL0811,2026-05-02,06:21:15,2026-05-05,,5528.47,Card,Cancelled,Payment Failed,Indore,Mobile Web,Furniture
ORD0001947,CUST000903,SELL0669,2026-06-04,13:22:25,2026-06-07,2026-06-09,63285.45,Wallet,Refund Pending,Refund Awaited,Indore,iOS,Appliances
ORD0001948,CUST000901,SELL0504,2026-05-04,12:15:47,2026-05-10,2026-05-11,18918.96,UPI,Delivered,,Kolkata,Android,Home
ORD0001949,CUST000164,SELL0077,2026-05-03,19:47:13,2026-05-08,2026-05-10,61170.2,UPI,Refund Pending,Payment Hold,Nagpur,Web,Beauty
ORD0001950,CUST000432,SELL0739,2026-06-07,19:23:31,2026-06-14,2026-06-14,25108.3,Cash on Delivery,Delivered,,Noida,Web,Appliances
ORD0001951,CUST000511,SELL0114,2026-06-06,05:28:18,2026-06-10,2026-06-10,58236.6,Card,Delivered,,Gurugram,Android,Beauty
ORD0001952,CUST000570,SELL0549,2026-06-02,21:13:17,2026-06-09,2026-06-09,22038.11,Wallet,Delivered,,Noida,Android,Books
ORD0001953,CUST000102,SELL0439,2026-05-10,05:32:23,2026-05-12,2026-05-11,57122.07,Wallet,Delivered,,Bengaluru,Web,Books
ORD0001954,CUST000200,SELL0324,2026-05-19,01:36:27,2026-05-26,,42815.34,Bank Transfer,Cancelled,Customer Cancelled,Bengaluru,Web,Fashion
ORD0001955,CUST000811,SELL0080,2026-05-21,06:01:32,2026-05-28,,63554.26,Cash on Delivery,Processing,Warehouse Delay,Nagpur,iOS,Sports
ORD0001956,CUST000464,SELL0468,2026-05-18,14:18:04,2026-05-21,2026-05-22,15829.94,UPI,Delivered,,Chennai,Android,Sports
ORD0001957,CUST000224,SELL0726,2026-06-12,12:00:17,2026-06-16,2026-06-24,43212.81,Bank Transfer,Delayed,Last Mile Capacity,Gurugram,iOS,Furniture
ORD0001958,CUST000050,SELL0779,2026-06-07,01:37:16,2026-06-11,2026-06-12,14886.87,Wallet,Delivered,,Noida,Web,Furniture
ORD0001959,CUST000919,SELL0562,2026-06-01,03:47:53,2026-06-08,2026-06-09,37448.44,Bank Transfer,Delivered,,Kochi,Mobile Web,Home
ORD0001960,CUST000020,SELL0120,2026-05-30,16:32:27,2026-06-05,2026-06-08,63133.14,UPI,Refund Pending,Payment Hold,Delhi,Mobile Web,Mobiles
ORD0001961,CUST000513,SELL0520,2026-05-24,04:52:17,2026-05-31,,13796.06,UPI,Cancelled,Seller Cancelled,Bengaluru,Web,Appliances
ORD0001962,CUST001166,SELL0476,2026-06-09,10:36:09,2026-06-11,2026-06-10,40331.74,Wallet,delivered,,Bengaluru,Web,Fashion
ORD0001963,CUST000951,SELL0680,2026-06-03,17:08:53,2026-06-10,2026-06-09,38383.1,Bank Transfer,Delivered,,Indore,Android,Home
ORD0001964,CUST000062,SELL0684,2026-05-23,07:38:36,2026-05-27,2026-05-31,58005.43,Bank Transfer,Refund Pending,Refund Awaited,Nagpur,Mobile Web,Mobiles
ORD0001965,CUST000700,SELL0889,2026-05-08,05:15:40,2026-05-13,,25968.04,Bank Transfer,Cancelled,Seller Cancelled,Kochi,iOS,Beauty
ORD0001966,CUST000803,SELL0690,2026-05-11,05:50:10,2026-05-13,2026-05-19,57598.22,Bank Transfer,Delayed,Address Issue,Lucknow,iOS,Home
ORD0001967,CUST001026,SELL0134,2026-05-18,22:24:37,2026-05-23,2026-05-21,57831.85,Bank Transfer,Delivered,,Jaipur,Mobile Web,Beauty
ORD0001968,CUST000948,SELL0234,2026-05-17,08:17:56,2026-05-19,2026-05-20,46871.04,Bank Transfer,Delivered,,Delhi,iOS,Home
ORD0001969,CUST000354,SELL0885,2026-05-10,07:19:07,2026-05-13,,40391.92,Wallet,Processing,Seller Dispatch Pending,Gurugram,Web,Beauty
ORD0001970,CUST001007,SELL0582,2026-05-31,09:31:23,2026-31-05,2026-06-05,41699.93,Wallet,Delivered,,Kochi,Android,Home
ORD0001971,CUST000062,SELL0497,2026-05-04,19:51:50,2026-05-06,,17340.3,Card,Processing,Seller Dispatch Pending,Chennai,Mobile Web,Home
ORD0001972,CUST000064,SELL0598,2026-05-30,05:22:34,2026-06-03,2026-06-03,62299.0,Bank Transfer,Delivered,,Lucknow,iOS,Sports
ORD0001973,CUST000673,SELL0055,2026-05-20,18:33:37,2026-05-22,2026-05-22,1023.91,UPI,Delivered,,Chennai,Mobile Web,Sports
ORD0001974,CUST000558,SELL0437,2026-05-19,00:44:04,2026-05-24,2026-05-25,63277.75,UPI,Delivered,,Jaipur,Mobile Web,Beauty
ORD0001975,CUST000740,SELL0720,2026-05-31,00:08:48,2026-06-03,2026-06-03,51789.01,Card,Delivered,,Coimbatore,Web,Home
ORD0001976,CUST001030,SELL0849,2026-05-30,16:04:52,2026-06-05,2026-06-04,32580.98,Bank Transfer,Delivered,,Mumbai,Mobile Web,Home
ORD0001977,CUST001001,SELL0595,2026-05-22,09:45:45,2026-05-29,,17856.43,Wallet,Cancelled,Seller Cancelled,Jaipur,Android,Sports
ORD0001978,CUSTX933671,SELL0575,2026-06-10,22:53:59,2026-06-13,2026-06-13,2815.39,UPI,Delivered,,Jaipur,iOS,Mobiles
ORD0001979,CUST000551,SELL0955,2026-06-05,04:24:53,2026-06-07,,4708.25,Bank Transfer,Processing,Seller Dispatch Pending,Lucknow,Mobile Web,Beauty
ORD0001980,CUST000637,SELL0571,2026-06-04,15:13:09,2026-06-09,2026-06-08,41991.54,Cash on Delivery,Delivered,,Hyderabad,Android,Beauty
ORD0001981,CUST000942,SELL0666,2026-05-17,10:06:17,2026-05-21,2026-05-21,19515.73,Cash on Delivery,Delivered,,Jaipur,Android,Sports
ORD0001982,CUST001059,SELL0741,2026-05-27,09:58:41,2026-05-29,,10910.09,UPI,Processing,Seller Dispatch Pending,Indore,Web,Home
ORD0001983,CUST000957,SELL0028,2026-05-28,09:20:08,2026-06-04,,43286.65,Wallet,Cancelled,Seller Cancelled,Bengaluru,Web,Furniture
ORD0001984,CUSTX935757,SELL0257,2026-06-09,00:55:01,2026-06-13,2026-06-13,42212.93,Bank Transfer,Delivered,,Hyderabad,Android,Electronics
ORD0001985,CUST000824,SELL0320,2026-05-15,18:41:23,2026-05-22,2026-05-27,1446.12,Card,Refund Pending,Refund Awaited,Delhi,Android,Electronics
ORD0001986,CUST001192,SELL0885,2026-05-21,18:18:31,2026-05-28,2026-05-29,1746.98,Wallet,Delivered,,Indore,Mobile Web,Beauty
ORD0001987,CUST000932,SELL0996,2026-05-15,05:22:44,2026-05-20,2026-05-20,21450.26,Bank Transfer,Delivered,,Noida,Mobile Web,Beauty
ORD0001988,CUST000312,SELL0823,2026-05-25,21:19:11,2026-05-31,2026-06-07,21803.18,UPI,Delayed,Address Issue,Ahmedabad,iOS,Sports
ORD0001989,CUST000584,SELL0610,2026-05-28,15:06:50,2026-06-04,2026-06-03,28751.22,Bank Transfer,Delivered,,Bengaluru,Mobile Web,Mobiles
ORD0001990,CUST000656,SELL0952,2026-06-01,18:29:50,2026-06-06,,61564.85,Card,Processing,Warehouse Delay,Kolkata,Web,Appliances
ORD0001991,CUST000273,SELL0113,2026-06-02,21:24:22,2026-06-04,2026-06-02,11854.25,Cash on Delivery,Delivered,,Bengaluru,iOS,Sports
ORD0001992,CUST001188,SELL0917,2026-05-20,21:33:18,2026-05-27,,39743.73,Wallet,Cancelled,Seller Cancelled,Bengaluru,iOS,Home
ORD0001993,CUST000973,SELL0419,2026-05-31,10:57:27,2026-06-04,2026-06-04,1012.94,UPI,Delivered,,Nagpur,Android,Home
ORD0001994,CUST000966,SELL0158,2026-06-02,05:17:04,2026-06-05,2026-06-05,43566.3,Bank Transfer,Delivered,, GURUGRAM ,Mobile Web,Fashion
ORD0001995,CUST000346,SELLX9523,2026-05-10,15:43:32,2026-05-17,2026-05-17,60780.37,Cash on Delivery,Delivered,,Mumbai,Mobile Web,Furniture
ORD0001996,CUST000904,SELL0919,2026-05-01,08:02:52,2026-05-04,,822.17,UPI,Processing,Warehouse Delay,Chennai,Web,Electronics
ORD0001997,CUST000063,SELL0485,2026-05-02,05:34:14,2026-05-07,,13657.48,Cash on Delivery,Cancelled,Payment Failed,Chennai,Web,Fashion
ORD0001998,CUST000371,SELL0588,2026-06-02,16:13:26,2026-06-07,2026-06-06,6320.04,Bank Transfer,Delivered,,Ahmedabad,iOS,Appliances
ORD0001999,CUST001173,SELL0235,2026-05-15,14:29:05,2026-05-22,2026-05-23,6350.87,UPI,Delivered,,Jaipur,Mobile Web,Furniture
ORD0002000,CUST001139,SELL0623,2026-06-08,05:54:11,2026-06-10,2026-06-10,59301.74, Wallet ,Delivered,,Chennai,iOS,Beauty
ORD0002001,CUST001107,SELL0559,2026-05-25,15:11:24,2026-06-01,2026-05-31,29848.88,Card,Delivered,,Gurugram,Android,Mobiles
ORD0002002,CUST000101,SELL0601,2026-05-13,12:35:16,2026-05-17,2026-05-17,33847.07,Cash on Delivery,Delivered,,Kochi,iOS,Appliances
ORD0002003,CUST001065,SELL0474,2026-05-31,09:03:56,2026-06-02,,24153.3,Bank Transfer,Lost,Package Lost,Delhi,iOS,Beauty
ORD0002004,CUST000409,SELL0283,2026-06-12,18:51:28,2026-06-17,2026-06-16,62792.87,Cash on Delivery,Delivered,,Coimbatore,Web,Home
ORD0002005,CUST000380,SELL0867,2026-06-06,23:30:08,2026-06-13,2026-06-13,6092.45,Wallet,Delivered,,Kochi,Web,Mobiles
ORD0002006,CUST000135,SELL0952,2026-06-08,07:49:31,2026-06-15,,34137.04,Card,Cancelled,Customer Cancelled,Gurugram,iOS,Appliances
ORD0002007,CUST000919,SELL0039,2026-06-01,11:52:10,2026-06-07,2026-06-06,64599.24,Wallet,Delivered,,Hyderabad,iOS,Books
ORD0002008,CUST000049,SELL0446,2026-05-15,13:00:37,2026-05-17,,60300.48,Cash on Delivery,Processing,Address Verification,Chennai,iOS,Appliances
ORD0002009,CUST000127,SELL0703,2026-05-27,01:29:45,2026-06-02,2026-06-06,5402.21,UPI,Delayed,Seller Dispatch Delay,Kochi,Mobile Web,Furniture
ORD0002010,CUST000649,SELL0961,2026-05-31,03:13:34,2026-06-05,2026-06-16,21730.68,Cash on Delivery,Delayed,Weather Delay,Lucknow,iOS,Electronics
ORD0002011,CUST000819,SELL0689,2026-06-04,02:24:16,2026-06-08,2026-06-15,53103.79,UPI,Refund Pending,Refund Awaited,Lucknow,Android,Books
ORD0002012,CUST000476,SELL0662,2026-06-04,06:02:15,2026-06-08,2026-06-07,11797.52,Bank Transfer,DELIVERED,,Kochi,Mobile Web,Mobiles
ORD0002013,CUSTX948624,SELL0528,2026-05-23,01:43:24,2026-05-28,2026-05-28,58904.01,Cash on Delivery,Delivered,,Kochi,Android,Appliances
ORD0002014,CUST000698,SELL0193,2026-06-04,21:38:58,2026-06-10,2026-06-10,30563.57,Card,Delivered,,Gurugram,iOS,Sports
ORD0002015,CUST000547,SELL0254,2026-05-21,08:03:29,2026-05-23,2026-06-03,12431.32,Cash on Delivery,Delayed,Last Mile Capacity,Ahmedabad,Mobile Web,Home
ORD0002016,CUST000450,SELL0097,2026-05-17,13:51:34,2026-05-22,2026-05-22,21758.26,wallet,Delivered,,Noida,Android,Electronics
ORD0002017,CUST000094,SELL0337,2026-05-03,13:56:02,2026-05-10,2026-05-10,8605.07,UPI,Delivered,,Hyderabad,Mobile Web,Appliances
ORD0002018,CUST001015,SELL0479,2026-06-11,08:56:55,2026-06-16,2026-06-15,55946.01,Wallet,Delivered,,Noida,Android,Beauty
ORD0002019,CUST000602,SELL0609,2026-05-08,16:02:22,2026-05-10,2026-05-10,55353.58,Wallet,Delivered,,Indore,Web,Appliances
ORD0002020,CUST000737,SELL0176,2026-06-07,12:15:15,2026-06-09,2026-06-09,61392.16,Cash on Delivery,Delivered,,Gurugram,Web,Mobiles
ORD0002021,CUST000251,SELL0486,2026-05-17,16:56:33,2026-05-22,2026-05-25,43960.9,Cash on Delivery,Refund Pending,Payment Hold,Ahmedabad,Android,Home
ORD0002022,CUST000885,SELL0612,2026-05-17,20:48:07,2026-05-20,2026-05-19,11944.23,Bank Transfer,Delivered,,Kolkata,Web,Appliances
ORD0000989,CUST000390,SELL0535,2026-05-06,20:14:13,2026-05-09,2026-05-09,59817.4,Bank Transfer,Delivered,,Indore,Web,Home
ORD0002024,CUST000275,SELL0330,2026-05-13,02:53:07,2026-05-16,2026-05-16,4289.03,Wallet,Delivered,,Indore,Web,Furniture
ORD0002025,CUST000794,SELL0687,2026-05-06,14:34:56,2026-05-10,2026-05-10,2512.85,Wallet,Delivered,,Hyderabad,Web,Beauty
ORD0002026,CUST000055,SELL0116,2026-05-28,22:54:13,2026-05-31,,25614.78,Bank Transfer,Processing,Address Verification,Delhi,Web,Sports
ORD0002027,CUST000489,SELL0319,2026-05-12,10:21:38,2026-05-15,2026-05-15,33093.39,Cash on Delivery,Delivered,,Ahmedabad,Web,Mobiles
ORD0002028,CUST000967,SELL0265,2026-05-18,19:06:04,2026-05-20,2026-05-20,13036.11,Cash on Delivery,Delivered,,Delhi,Android,Fashion
ORD0002029,CUST000219,SELL0573,2026-05-25,11:36:51,2026-05-28,2026-05-26,16872.69,Card,Delivered,,Ahmedabad,Web,Fashion
ORD0002030,CUST000621,SELL0327,2026-05-23,22:57:24,2026-05-26,2026-05-25,46867.27,Wallet,Delivered,,Noida,Android,Books
ORD0002031,CUST000717,SELL0783,2026-06-14,17:12:54,2026-06-20,2026-06-22,39764.28,Wallet, Delayed ,Seller Dispatch Delay,Lucknow,Mobile Web,Books
ORD0002032,CUST001034,SELL0026,2026-05-06,08:40:42,2026-05-08,2026-05-06,47596.4,Bank Transfer,Delivered,,Mumbai,Android,Appliances
ORD0002033,CUST000255,SELL0313,2026-06-13,04:34:08,2026-06-19,2026-06-18,24923.43,Cash on Delivery,Delivered,,Kolkata,iOS,Furniture
ORD0002034,CUST000539,SELL0391,2026-05-04,02:06:56,2026-05-11,2026-05-14,7578.21,Bank Transfer,Delayed,Weather Delay,Kolkata,Android,Books
ORD0002035,CUST000978,SELL0639,2026-06-10,07:08:14,2026-06-17,2026-06-22,17147.37,Bank Transfer,Refund Pending,Return Pickup Pending,Hyderabad,Web,Sports
ORD0002036,CUST000860,SELL0904,2026-05-12,00:31:47,2026-05-14,2026-05-16,42670.38,Wallet,Delivered,,Pune,iOS,Home
ORD0002037,CUST000130,SELL0187,2026-05-14,22:16:16,2026-05-17,2026-05-23,17840.43,Cash on Delivery,Delayed,Seller Dispatch Delay,Nagpur,Web,Home
ORD0002038,CUST000990,SELL0388,2026-05-17,17:30:23,2026-05-24,2026-05-22,42794.76,Card,Delivered,,Gurugram,iOS,Home
ORD0002039,CUST000012,SELL0191,2026-05-27,19:56:40,2026-05-30,2026-06-04,33843.21,Bank Transfer,Refund Pending,Refund Awaited,Kochi,iOS,Mobiles
ORD0002040,CUST000625,SELL0915,2026-05-15,09:39:57,2026-05-22,2026-05-21,21140.01,Wallet,Delivered,,Mumbai,Web,Sports
ORD0002041,CUST000037,SELL0744,2026-05-05,20:21:15,2026-05-11,2026-05-11,14835.95,Card,Returned,Wrong Item,Bengaluru,Mobile Web,Books
ORD0002042,CUST000196,SELL0835,2026-05-08,16:41:54,2026-05-14,2026-05-13,63495.23,Bank Transfer,Delivered,,Chennai,Android,Beauty
ORD0002043,CUST000807,SELL0982,2026-05-17,09:12:03,2026-05-19,2026-05-18,63896.05,Card,Delivered,,Pune,Mobile Web,Books
ORD0002044,CUST001109,SELL0388,2026-05-19,22:53:16,2026-05-24,2026-05-30,31976.18,Card,Delayed,Weather Delay,Noida,Mobile Web,Home
ORD0002045,CUST000038,SELL0337,2026-05-02,00:54:32,2026-05-09,2026-05-16,12289.77,Card,Delayed,Address Issue,Chennai,iOS,Appliances
ORD0002046,CUST000604,SELL0181,2026-05-09,20:12:50,2026-05-15,2026-05-16,2730.67,Card,Delivered,,Indore,Mobile Web,Fashion
ORD0000877,CUST000348,SELL0571,2026-05-02,23:52:44,2026-05-07,2026-05-07,55921.44,UPI,Delivered,,Gurugram,Web,Beauty
ORD0002048,CUST000785,SELLX9946,2026-06-11,08:10:36,2026-06-15,2026-06-15,4901.01,Wallet,Delivered,,Kolkata,iOS,Furniture
ORD0002049,CUST000712,SELL0025,2026-05-11,19:23:01,2026-05-18,2026-05-21,32516.48,Wallet,Returned,Damaged Item,Gurugram,Mobile Web,Fashion
ORD0002050,CUST000849,SELL0486,2026-05-26,09:06:14,2026-05-31,,60075.27,Wallet,Processing,Address Verification,Pune,iOS,Home
ORD0002051,CUST001179,SELL0657,2026-06-02,12:08:56,2026-06-07,,35650.93,Wallet,Cancelled,Seller Cancelled,Chennai,iOS,Mobiles
ORD0002052,CUST000362,SELL0168,2026-05-01,20:36:09,2026-05-04,2026-05-04,12921.43,Cash on Delivery,Delivered,,Kolkata,iOS,Grocery
ORD0002053,CUST000349,SELL0808,2026-05-30,19:43:24,2026-06-05,,36307.39,Card,Processing,Warehouse Delay,Jaipur,Android,Sports
ORD0002054,CUST001104,SELL0516,2026-05-31,17:30:12,2026-06-02,2026-06-01,58098.85,Card,Delivered,,Noida,Mobile Web,Sports
ORD0002055,CUST000256,SELL0321,2026-05-07,06:14:48,2026-05-14,2026-05-24,60620.72,Wallet,Delayed,Weather Delay,Pune,Android,Mobiles
ORD0002056,CUST001131,SELL0159,2026-05-12,17:05:00,2026-05-15,2026-05-15,47565.9,UPI,Delivered,,Pune,Mobile Web,Books
ORD0002057,CUST000151,SELL0623,2026-06-11,12:52:10,2026-06-14,2026-06-16,54446.09,Wallet,Delivered,,Indore,Mobile Web,Beauty
ORD0002058,CUST000843,SELL0037,2026-05-31,09:23:17,2026-06-05,2026-06-11,24800.14,Wallet,Delayed,Last Mile Capacity,Gurugram,Mobile Web,Grocery
ORD0002059,CUST000499,SELL0650,2026-05-20,16:34:31,2026-05-25,2026-05-26,46239.21,Cash on Delivery,Delivered,,Kolkata,Android,Electronics
ORD0002060,CUST000137,SELL0326,2026-05-27,02:09:57,2026-05-30,2026-05-30,33018.06,Wallet,delivered,,Hyderabad,iOS,Furniture
ORD0002061,CUST000644,SELL0737,2026-05-15,09:14:07,2026-05-22,2026-05-20,51215.79,Bank Transfer,Delivered,,Indore,iOS,Appliances
ORD0002062,CUST000510,SELL0927,2026-05-10,23:06:38,2026-05-15,2026-05-13,60722.74,UPI,Delivered,,Gurugram,Android,Home
ORD0002063,CUST000901,SELL0141,2026-05-23,06:59:56,2026-05-29,2026-05-27,8870.09,UPI,Delivered,,Gurugram,Mobile Web,Electronics
ORD0002064,CUST000786,SELL0699,2026-05-18,07:11:33,2026-05-21,,44707.15,Cash on Delivery,Lost,Package Lost,Hyderabad,Web,Sports
ORD0002065,CUST000714,SELL0656,2026-05-19,14:56:43,2026-05-22,2026-05-23,27041.71,Cash on Delivery,Delivered,,Kochi,Android,Mobiles
ORD0002066,CUST000157,SELLX9945,2026-06-10,16:17:41,2026-06-17,,54295.21,Cash on Delivery,Processing,Warehouse Delay,Bengaluru,Mobile Web,Mobiles
ORD0002067,CUST000129,SELL0297,2026-05-16,09:47:37,2026-05-18,2026-05-18,62065.49,Cash on Delivery,Delivered,,Ahmedabad,iOS,Appliances
ORD0002068,CUST000781,SELL0114,2026-05-20,22:46:32,2026-05-27,2026-05-26,8812.87,UPI,Delivered,,Kolkata,iOS,Beauty
ORD0002069,CUST001194,SELL0162,2026-05-12,21:58:28,2026-05-19,2026-05-22,1799.3,UPI,Refund Pending,Payment Hold,Gurugram,Mobile Web,Home
ORD0002070,CUST000386,SELL0704,2026-05-16,15:17:01,2026-05-18,2026-05-18,51025.85,Bank Transfer,Delivered,,Kochi,Mobile Web,Sports
ORD0002071,CUST000618,SELL0908,2026-05-12,11:23:59,2026-05-16,2026-05-15,357.42,Card,Delivered,,Jaipur,iOS,Grocery
ORD0002072,CUST000188,SELL0031,2026-05-09,08:25:41,2026-05-11,2026-05-11,48554.04,UPI,Delivered,,Jaipur,Mobile Web,Electronics
ORD0002073,CUST001042,SELL0794,2026-06-02,11:37:47,2026-06-04,2026-06-04,19286.11,Bank Transfer,Delivered,,Gurugram,Web,Furniture
ORD0002074,CUST000253,SELL0592,2026-05-12,11:44:08,2026-05-17,2026-05-21,45433.94,Card,Delayed,Address Issue,Noida,Android,Sports
ORD0002075,CUST001019,SELL0111,2026-06-09,19:20:27,2026-06-12,2026-06-13,21481.67,Cash on Delivery,Delivered,,Chennai,Android,Beauty
ORD0002076,CUST000926,SELL0895,2026-05-28,02:03:20,2026-06-02,2026-06-10,34583.09,Wallet,Returned,Customer Return,Hyderabad,iOS,Mobiles
ORD0002077,CUST001059,SELL0211,2026-05-31,17:09:46,2026-06-04,2026-06-06,36522.21,Cash on Delivery,Delivered,,Nagpur,Mobile Web,Beauty
ORD0002078,CUST000140,SELL0684,2026-05-18,21:42:45,2026-05-21,2026-06-01,64756.89,UPI,Delayed,Address Issue,Bengaluru,Mobile Web,Mobiles
ORD0002079,CUST000730,SELL0153,2026-05-22,09:06:15,2026-05-24,2026-05-24,24479.32,BANK TRANSFER,Delivered,,Gurugram,Web,Grocery
ORD0002080,CUST000297,SELL0342,2026-05-04,03:03:01,2026-05-11,2026-05-11,50923.18,UPI,Delivered,,Jaipur,Web,Beauty
ORD0002081,CUST000328,SELL0723,2026-05-24,00:58:53,2026-05-31,2026-05-31,26862.11,Wallet,Delivered,,Jaipur,Web,Books
ORD0002082,CUST000763,SELL0226,2026-05-29,11:22:21,2026-06-02,2026-06-02,14316.32,UPI,Delivered,,Kochi,iOS,Beauty
ORD0002083,CUST000407,SELL0761,2026-05-25,04:35:52,2026-05-29,,8517.24,Wallet,Lost,Package Lost,Delhi,Web,Home
ORD0002084,CUST000451,SELL0021,2026-06-02,19:37:23,2026-06-05,2026-06-07,24001.08,Cash on Delivery,Delivered,,Kolkata,iOS,Furniture
ORD0002085,CUST001176,SELL0269,2026-05-05,13:55:43,2026-05-07,2026-05-06,13337.75,Cash on Delivery,Delivered,,Kochi,Mobile Web,Mobiles
ORD0002086,CUST001191,SELL0749,2026-06-03,03:55:23,2026-06-08,2026-06-13,38655.94,UPI,Refund Pending,Refund Awaited,Nagpur,iOS,Appliances
ORD0002087,CUST000894,SELL0726,2026-05-14,11:09:39,2026-05-20,2026-05-19,59753.2,Cash on Delivery,Delivered,,Kolkata,Android,Furniture
ORD0002088,CUST000152,SELL0348,2026-06-13,00:53:45,2026-06-17,,41687.25,Card,Processing,Address Verification,Kolkata,Web,Appliances
ORD0002089,CUST000053,SELL0848,2026-05-11,08:14:27,2026-05-14,2026-05-13,3660.43, Wallet ,Delivered,,Chennai,Web,Electronics
ORD0002090,CUST001159,SELL0408,2026-05-31,01:34:16,2026-06-03,2026-06-06,29499.71,Wallet,Delayed,Seller Dispatch Delay,Bengaluru,Web,Fashion
ORD0002091,CUST000162,SELL0932,2026-05-30,03:27:31,2026-06-06,,48901.56,Card,Cancelled,Seller Cancelled,Gurugram,iOS,Books
ORD0002092,CUST000378,SELL0816,2026-06-04,19:55:54,2026-06-08,2026-06-12,35037.06,Wallet,Refund Pending,Refund Awaited,Gurugram,iOS,Grocery
ORD0002093,CUST001109,SELL0036,2026-05-22,23:09:21,2026-05-29,2026-05-28,4651.47,Wallet,Delivered,,Mumbai,iOS,Sports
ORD0002094,CUST000622,SELL0320,2026-06-11,09:52:25,2026-06-13,2026-06-16,5961.48,Bank Transfer,Returned,Customer Return,Mumbai,Web,Electronics
ORD0002095,CUST000326,SELL0122,2026-05-08,09:24:00,2026-05-12,,21348.36,Cash on Delivery,Processing,Seller Dispatch Pending,Jaipur,Android,Mobiles
ORD0002096,CUST001049,SELL0222,2026-06-11,11:45:09,2026-06-15,2026-06-15,55811.55,Bank Transfer,Delivered,,Pune,Android,Fashion
ORD0002097,CUST000909,SELL0983,2026-05-16,07:46:50,2026-05-23,2026-05-22,43822.94,Bank Transfer,Delivered,,Hyderabad,iOS,Books
ORD0002098,CUST000098,SELL0926,2026-05-24,21:02:16,2026-05-27,2026-05-29,57245.3,Card,Returned,Customer Return,Indore,Web,Home
ORD0002099,CUST000500,SELL0348,2026-05-17,14:44:50,2026-05-23,2026-05-21,53531.26,Card,Delivered,,Nagpur,Android,Appliances
ORD0002100,CUST000955,SELL0508,2026-05-04,15:06:53,2026-05-11,,53319.45,Card,Cancelled,Customer Cancelled,Coimbatore,iOS,Fashion
ORD0002101,CUST000897,SELL0346,2026-05-10,19:39:09,2026-05-17,2026-05-19,2944.19,Bank Transfer,Returned,Wrong Item,Chennai,Mobile Web,Furniture
ORD0002102,CUST000860,SELL0237,2026-05-03,20:23:22,2026-05-07,2026-05-10,19945.47,Cash on Delivery,Delayed,Last Mile Capacity,Nagpur,Mobile Web,Mobiles
ORD0002103,CUST000555,SELL0151,2026-05-08,06:05:37,2026-05-12,2026-05-10,50437.6,Wallet,Delivered,,Kochi,Web,Beauty
ORD0002104,CUST000831,SELL0004,2026-05-24,05:48:29,2026-05-31,2026-05-30,15832.0,Card,Delivered,,Bengaluru,iOS,Grocery
ORD0002105,CUST000521,SELL0109,2026-05-10,17:55:30,2026-05-13,,11740.88,Bank Transfer,Cancelled,Seller Cancelled,Hyderabad,Android,Grocery
ORD0002106,CUST000743,SELL0456,2026-05-29,06:10:08,2026-06-02,2026-06-11,33513.24,Cash on Delivery,Delayed,Last Mile Capacity,Lucknow,Mobile Web,Electronics
ORD0002107,CUST000108,SELL0999,2026-05-25,11:57:36,2026-05-31,2026-05-29,50291.75, Cash on Delivery ,Delivered,,Chennai,Android,Fashion
ORD0002108,CUST000699,SELL0750,2026-05-19,12:53:03,2026-05-21,2026-05-21,18168.95,Card,Returned,Wrong Item,Mumbai,Android,Home
ORD0002109,CUST001051,SELL0034,2026-06-02,04:05:34,2026-06-09,,20202.48,Cash on Delivery,Cancelled,Payment Failed,Coimbatore,Android,Furniture
ORD0002110,CUST000828,SELL0749,2026-06-05,13:03:02,2026-06-09,,31386.51,Cash on Delivery,Cancelled,Customer Cancelled,Indore,Web,Appliances
ORD0002111,CUST000804,SELL0531,2026-05-11,18:03:55,2026-05-16,2026-05-16,22162.45,Card,Delivered,,Gurugram,Android,Grocery
ORD0002112,CUST000238,SELL0599,2026-05-10,08:45:27,2026-05-13,2026-05-14,64371.97,Cash on Delivery,Returned,Size Issue,Jaipur,iOS,Beauty
ORD0002113,CUST000498,SELL0493,2026-05-21,10:00:10,2026-05-27,2026-05-28,13082.3,UPI,Delivered,,Chennai,Mobile Web,Sports
ORD0002114,CUST000637,SELL0435,2026-05-02,04:11:03,2026-05-07,2026-05-11,46783.98,UPI,Delayed,Courier Delay,Jaipur,Mobile Web,Sports
ORD0002115,CUST000451,SELL0097,2026-06-14,15:21:31,2026-06-20,2026-06-18,19818.1,Cash on Delivery,Delivered,,Lucknow,iOS,Electronics
ORD0002116,CUST000033,SELL0772,2026-06-11,16:50:18,2026-06-14,2026-06-19,56925.67,UPI,Delayed,Weather Delay,Indore,iOS,Sports
ORD0002117,CUST000380,SELL0174,2026-05-03,13:34:47,2026-05-07,2026-05-06,63253.36,Bank Transfer,Delivered,,Indore,iOS,Grocery
ORD0002118,CUST000129,SELL0076,2026-05-22,20:00:37,2026-05-27,2026-05-27,23847.71,Wallet,Delivered,,Chennai,iOS,Beauty
ORD0002119,CUST000771,SELL0792,2026-05-24,17:17:52,2026-05-27,2026-05-28,58924.81,Cash on Delivery,Delivered,,Jaipur,Web,Books
ORD0002120,CUST001046,SELL0418,2026-05-10,02:47:44,2026-05-15,2026-05-15,57951.76,Card,Delivered,,Bengaluru,Android,Grocery
ORD0002121,CUST000817,SELL0958,2026-05-11,08:27:15,2026-05-14,2026-05-21,61882.36,Card,Returned,Wrong Item,Jaipur,Web,Fashion
ORD0002122,CUST000055,SELL0954,2026-05-27,02:27:30,2026-05-31,,24678.9,Wallet,Cancelled,Seller Cancelled,Lucknow,Mobile Web,Furniture
ORD0002123,CUST000632,SELL0071,2026-06-13,13:30:17,2026-06-19,2026-06-20,27193.47,Bank Transfer,Refund Pending,Refund Awaited,Lucknow,Web,Mobiles
ORD0002124,CUST000688,SELL0533,2026-05-05,11:37:54,2026-05-07,2026-05-09,40601.66,Bank Transfer,Delayed,Courier Delay,Coimbatore,Android,Grocery
ORD0002125,CUST000223,SELL0919,2026-05-31,18:04:07,2026-06-04,2026-06-11,1559.15,UPI,Returned,Size Issue,Hyderabad,Web,Electronics
ORD0002126,CUST000305,SELL0258,2026-05-14,05:13:50,2026-05-17,2026-05-17,10371.59,Cash on Delivery,Delivered,,Kochi,Android,Furniture
ORD0002127,CUST000948,SELL0065,2026-06-08,02:22:33,2026-06-15,2026-06-22,30069.65,Cash on Delivery,Delayed,Last Mile Capacity,Pune,Mobile Web,Grocery
ORD0002128,CUST001068,SELL0901,2026-05-10,04:48:29,2026-05-15,2026-05-14,23154.94,UPI,Delivered,,Kolkata,Mobile Web,Sports
ORD0002129,CUST000919,SELL0699,2026-05-24,05:40:56,2026-05-29,2026-05-31,63439.51,Cash on Delivery,Delayed,Weather Delay,Delhi,Web,Sports
ORD0002130,CUST001031,SELL0743,2026-06-04,06:30:33,2026-06-07,2026-06-12,21541.2,UPI,Refund Pending,Payment Hold,Nagpur,Android,Grocery
ORD0002131,CUST000123,SELL0984,2026-06-06,22:42:49,2026-06-12,,4259.73,Bank Transfer,Processing,Address Verification,Kochi,Mobile Web,Fashion
ORD0002132,CUST000974,SELL0301,2026-05-10,04:02:55,2026-05-17,,54773.94,Card,Cancelled,Payment Failed,Gurugram,Android,Books
ORD0002133,CUST001080,SELL0413,2026-06-06,14:46:27,2026-06-09,2026-06-09,7861.05,Wallet,Delivered,,Kochi,iOS,Grocery
ORD0002134,CUST000184,SELL0193,2026-05-13,11:44:19,2026-05-15,2026-05-15,13007.09,Cash on Delivery,Delivered,,Jaipur,Mobile Web,Sports
ORD0002135,CUST000681,SELL0142,2026-05-22,00:51:48,2026-05-24,,12964.35,Bank Transfer,Cancelled,Customer Cancelled,Lucknow,iOS,Furniture
ORD0002136,CUST001106,SELL0264,2026-05-18,11:25:31,2026-05-24,2026-05-22,38971.71,UPI,Delivered,,Pune,Web,Sports
ORD0002137,CUST000137,SELL0001,2026-05-03,17:33:01,2026-05-08,2026-05-14,41003.21,Cash on Delivery,Returned,Wrong Item,Coimbatore,Web,Electronics
ORD0002138,CUST000245,SELL0214,2026-05-28,16:37:33,2026-06-04,,22286.75,Card,Cancelled,Customer Cancelled,Pune,Web,Sports
ORD0002139,CUST000954,SELL0793,2026-05-02,13:21:16,2026-05-05,,50931.45,UPI,Cancelled,Seller Cancelled,Noida,iOS,Mobiles
ORD0002140,CUST000066,SELL0879,2026-05-02,01:53:39,2026-05-09,2026-05-10,49211.98,Card,Delivered,,Ahmedabad,Web,Home
ORD0002141,CUST000463,SELL0675,2026-05-08,16:06:36,2026-05-10,2026-05-09,40341.38,Wallet,Delivered,,Jaipur,Android,Grocery
ORD0002142,CUST000630,SELL0891,2026-05-05,02:14:54,2026-05-10,,19210.86,Wallet,Cancelled,Customer Cancelled,Kochi,Mobile Web,Mobiles
ORD0002143,CUST000181,SELL0431,2026-05-08,04:52:15,2026-05-12,2026-05-13,48235.08,Cash on Delivery,Delivered,,Mumbai,Mobile Web,Home
ORD0002144,CUST000656,SELL0133,2026-06-04,01:37:37,2026-06-06,2026-06-09,30825.15,Cash on Delivery,Returned,Size Issue,Kolkata,Web,Sports
ORD0002145,CUST000994,SELL0625,2026-06-01,21:13:41,2026-06-06,2026-06-13,18434.46,UPI,Refund Pending,Return Pickup Pending,Mumbai,iOS,Grocery
ORD0002146,CUST000277,SELL0880,2026-05-31,02:57:53,2026-06-05,2026-06-05,5823.16,Cash on Delivery,Delivered,,Gurugram,Web,Beauty
ORD0002147,CUST000466,SELL0259,2026-05-09,16:54:36,2026-05-12,2026-05-20,54752.05,UPI,Returned,Damaged Item,Delhi,Android,Books
ORD0002148,CUST001135,SELL0200,2026-05-17,12:37:27,2026-05-21,,44840.97,UPI,Processing,Address Verification,Hyderabad,iOS,Books
ORD0002149,CUST000255,SELL0336,2026-05-08,20:25:43,2026-05-15,2026-05-13,41705.2,Card,Delivered,,Bengaluru,iOS,Sports
ORD0002150,CUST000906,SELL0047,2026-05-23,05:26:06,2026-05-29,,62936.43,Cash on Delivery,Cancelled,Customer Cancelled,Mumbai,Android,Mobiles
ORD0002151,CUST000487,SELL0728,2026-05-25,01:49:44,2026-06-01,,13069.83,Bank Transfer,Processing,Seller Dispatch Pending,Kochi,Android,Fashion
ORD0002152,CUST000771,SELLX9340,2026-05-15,07:14:17,2026-05-20,2026-05-23,49253.6,Wallet,Delayed,Address Issue,Bengaluru,Android,Grocery
ORD0002153,CUST000008,SELL0298,2026-06-10,20:10:20,2026-06-16,2026-06-15,25112.5,Card,Delivered,,Jaipur,Web,Beauty
ORD0002154,CUST000102,SELL0687,2026-05-23,10:23:22,2026-05-26,2026-06-01,47777.62,Cash on Delivery,Refund Pending,Refund Awaited,Lucknow,Web,Beauty
ORD0002155,CUST000869,SELL0331,2026-05-29,01:08:18,2026-05-31,2026-06-09,15096.13,Wallet,Delayed,Courier Delay, MUMBAI ,Mobile Web,Grocery
ORD0002156,CUST000226,SELL0734,2026-06-08,07:19:45,2026-06-11,,31600.26,Wallet,Cancelled,Payment Failed,Mumbai,Android,Appliances
ORD0002157,CUST000795,SELL0996,2026-05-07,09:34:39,2026-05-09,2026-05-09,10345.48,UPI,Delivered,,Noida,Web,Beauty
ORD0002158,CUST000883,SELL0771,2026-05-05,18:37:51,2026-05-08,2026-05-08,53187.84,UPI,Delivered,,Mumbai,iOS,Furniture
ORD0002159,CUST000328,SELL0243,2026-05-06,15:10:54,2026-05-11,,57514.22,Wallet,Cancelled,Payment Failed,Pune,Web,Mobiles
ORD0002160,CUST000170,SELL0146,2026-06-08,05:41:41,2026-06-15,2026-06-15,26656.75,Wallet,Delivered,,Gurugram,iOS,Fashion
ORD0002161,CUST000330,SELL0656,2026-05-09,03:53:08,2026-05-16,2026-05-16,60012.75,Card,Delivered,, HYDERABAD ,Mobile Web,Mobiles
ORD0002162,CUST000625,SELL0683,2026-05-18,14:17:51,2026-05-24,2026-05-24,12075.97,Wallet,Delivered,,Bengaluru,Android,Books
ORD0002163,CUST001190,SELL0258,2026-06-04,20:45:46,2026-06-11,2026-06-21,13599.47,Cash on Delivery,Delayed,Weather Delay,Mumbai,Web,Furniture
ORD0002164,CUST000857,SELL0802,2026-05-21,09:39:21,2026-05-28,2026-05-27,47905.61,Wallet,Delivered,,Kolkata,Web,Appliances
ORD0002165,CUST000706,SELL0872,2026-05-07,14:19:47,2026-05-13,2026-05-13,7881.99,UPI,Delivered,,Kochi,iOS,Fashion
ORD0002166,CUST000543,SELL0345,2026-05-07,10:14:51,2026-05-09,2026-05-16,16016.8,Bank Transfer,Delayed,Address Issue,Gurugram,iOS,Furniture
ORD0002167,CUST000914,SELL0442,2026-05-26,08:43:54,2026-05-30,,62253.18,Card,Processing,Warehouse Delay,Delhi,Mobile Web,Mobiles
ORD0002168,CUST000511,SELL0749,2026-06-02,03:18:24,2026-06-05,,3584.45,Cash on Delivery,Cancelled,Payment Failed,Nagpur,Mobile Web,Appliances
ORD0002169,CUST000693,SELL0472,2026-05-31,11:25:13,2026-06-05,,10438.45,UPI,Processing,Seller Dispatch Pending,Hyderabad,Android,Appliances
ORD0002170,CUST000446,SELL0432,2026-05-08,02:31:32,2026-05-13,2026-05-11,31853.57,Bank Transfer,Delivered,,Chennai,Web,Appliances
ORD0002171,CUST000551,SELL0422,2026-06-06,23:57:06,2026-06-12,,3855.13,Wallet,Lost,Package Lost, INDORE ,Android,Electronics
ORD0002172,CUST001171,SELL0403,2026-05-04,04:15:44,2026-05-11,2026-05-12,46386.53,Cash on Delivery,Delivered,,Ahmedabad,Mobile Web,Home
ORD0002173,CUST000815,SELL0714,2026-05-30,03:39:13,2026-06-04,2026-06-13,35674.62,UPI,Delayed,Weather Delay,Ahmedabad,iOS,Appliances
ORD0002174,CUST000027,SELL0322,2026-06-11,21:05:02,2026-06-17,2026-06-18,4420.55,Wallet,Delivered,,Pune,Android,Books
ORD0002175,CUST001082,SELL0254,2026-05-03,20:26:11,2026-05-10,2026-05-10,4855.62,Cash on Delivery,Delivered,,Mumbai,iOS,Home
ORD0002176,CUST000222,SELL0722,2026-05-12,13:29:23,2026-05-14,2026-05-20,31440.56,Bank Transfer,Delayed,Courier Delay,Pune,Web,Home
ORD0002177,CUST001118,SELL0376,2026-06-04,10:08:57,2026-06-07,2026-06-07,702.37,Wallet,Delivered,,Chennai,Mobile Web,Home
ORD0002178,CUST001141,SELL0358,2026-05-19,09:12:03,2026-05-24,2026-05-24,10275.67,UPI,Delivered,,Gurugram,Web,Fashion
ORD0002179,CUST000633,SELL0400,2026-06-11,17:40:09,2026-06-16,,59149.61,Wallet,Processing,Address Verification,Lucknow,Android,Beauty
ORD0002180,CUST000071,SELL0931,2026-06-02,09:36:49,2026-06-05,2026-06-03,26163.63,Bank Transfer,Delivered,,Ahmedabad,Web,Fashion
ORD0002181,CUST000289,SELL0430,2026-05-09,23:11:52,2026-05-15,,22972.01,bank transfer,Cancelled,Payment Failed,Noida,Web,Mobiles
ORD0002182,CUST000905,SELL0794,2026-05-08,00:16:53,2026-05-15,2026-05-19,49572.58,Cash on Delivery,Delayed,Weather Delay,Indore,Android,Furniture
ORD0002183,CUST000898,SELL0336,2026-06-03,04:24:10,2026-06-06,,37952.33,Wallet,Processing,Warehouse Delay,Gurugram,iOS,Sports
ORD0002184,CUST000498,SELL0575,2026-05-11,22:20:46,2026-05-17,2026-05-17,52236.64,Wallet,Delivered,,Kolkata,Mobile Web,Mobiles
ORD0002185,CUST000326,SELL0802,2026-05-25,20:25:13,2026-05-29,2026-05-28,34319.64,CASH ON DELIVERY,Delivered,,Indore,iOS,Appliances
ORD0002186,CUST000179,SELL0568,2026-06-12,11:08:20,2026-06-18,2026-06-18,44980.38,UPI,Delivered,,Gurugram,iOS,Electronics
ORD0002187,CUST000680,SELL0118,2026-05-25,05:43:43,2026-05-29,2026-05-27,2748.09,Wallet,Delivered,,Chennai,Mobile Web,Appliances
ORD0002188,CUST001008,SELL0683,2026-06-05,16:42:21,2026-06-12,2026-06-16,9712.65,Cash on Delivery,Delayed,Address Issue,Delhi,Android,Books
ORD0002189,CUST000769,SELL0380,2026-05-19,07:01:04,2026-05-26,2026-05-24,12023.55,Wallet,Delivered,,Coimbatore,Mobile Web,Grocery
ORD0002190,CUST000040,SELL0904,2026-05-02,23:43:04,2026-05-05,,3025.08,Card,Cancelled,Payment Failed,Jaipur,Android,Home
ORD0002191,CUST000945,SELL0534,2026-05-14,12:55:28,2026-05-20,2026-05-18,54257.72,Cash on Delivery,Delivered,,Hyderabad,Web,Home
ORD0002192,CUST000186,SELL0711,2026-06-08,13:30:57,2026-06-10,2026-06-16,49406.05,Wallet,Returned,Size Issue,Jaipur,Web,Fashion
ORD0002193,CUST000736,SELL0986,2026-05-05,19:24:31,2026-05-10,2026-05-10,48090.77,UPI,Delivered,,Chennai,Android,Electronics
ORD0002194,CUST000085,SELL0848,2026-05-24,10:01:54,2026-05-31,2026-05-31,62872.15,Wallet,Delivered,,Hyderabad,iOS,Electronics
ORD0002195,CUST000955,SELL0946,2026-06-01,01:27:11,2026-06-06,2026-06-05,7315.58,Bank Transfer,Delivered,,Coimbatore,Mobile Web,Home
ORD0002196,CUST000865,SELL0717,2026-05-14,10:03:52,2026-05-17,2026-05-23,39639.16,UPI,Delayed,Last Mile Capacity,Pune,iOS,Fashion
ORD0002197,CUST000190,SELL0158,2026-05-14,20:34:40,2026-05-20,2026-05-22,33655.06,UPI,Delivered,,Bengaluru,Android,Fashion
ORD0002198,CUST001059,SELL0030,2026-05-11,14:52:03,2026-05-18,2026-05-17,59032.59,Cash on Delivery,Delivered,,Lucknow,Android,Home
ORD0002199,CUST000861,SELL0179,2026-05-30,01:05:42,2026-06-01,2026-06-02,52010.61,Wallet,Delivered,,Mumbai,Android,Beauty
ORD0002200,CUST000618,SELL0584,2026-05-15,08:26:50,2026-31-05,2026-05-20,40909.96,Bank Transfer,delivered,,Indore,Web,Appliances
ORD0002201,CUST000194,SELL0716,2026-06-01,22:00:32,2026-06-08,2026-06-06,56155.32,Wallet,Delivered,,Delhi,Android,Home
ORD0002202,CUST000934,SELL0756,2026-05-18,16:53:41,2026-05-20,2026-05-19,12692.31,UPI,Delivered,,Pune,iOS,Mobiles
ORD0002203,CUST000008,SELL0223,2026-05-06,22:29:25,2026-05-10,2026-05-09,23184.37,Wallet,Delivered,,Lucknow,iOS,Sports
ORD0002204,CUST001015,SELL0919,2026-05-07,19:10:22,2026-05-11,2026-05-13,6985.04,Bank Transfer,Delivered,,Indore,iOS,Electronics
ORD0002205,CUST000653,SELL0030,2026-05-18,17:54:09,2026-05-25,2026-05-29,46504.09,Bank Transfer,Refund Pending,Return Pickup Pending,Bengaluru,Mobile Web,Home
ORD0002206,CUST000847,SELL0139,2026-05-23,12:54:41,2026-05-27,2026-05-30,10925.05,Bank Transfer,Delayed,Weather Delay,Jaipur,Mobile Web,Beauty
ORD0002207,CUST000055,SELL0649,2026-05-16,09:40:59,2026-05-22,,57139.04,Bank Transfer,Cancelled,Customer Cancelled,Indore,Android,Fashion
ORD0002208,CUST000644,SELL0896,2026-05-09,02:52:04,2026-05-11,2026-05-19,26460.09,Cash on Delivery,Delayed,Seller Dispatch Delay,Lucknow,iOS,Mobiles
ORD0002209,CUST000964,SELL0773,2026-05-21,17:18:27,2026-05-24,,24036.66,Bank Transfer,Processing,Address Verification,Lucknow,Mobile Web,Electronics
ORD0002210,CUST001167,SELL0131,2026-05-31,20:28:01,2026-06-05,,24525.32,UPI,Cancelled,Payment Failed,Chennai,Mobile Web,Fashion
ORD0002211,CUST000871,SELL0808,2026-06-07,05:27:35,2026-06-13,2026-06-14,20725.02,Bank Transfer,Delivered,,Noida,Web,Sports
ORD0002212,CUST000787,SELL0805,2026-05-11,15:01:37,2026-05-16,2026-05-15,1840.11,Card,Delivered,,Nagpur,Android,Beauty
ORD0002213,CUST000671,SELL0279,2026-05-22,06:30:00,2026-05-25,2026-05-31,48309.1,Wallet,Returned,Customer Return,Bengaluru,Web,Electronics
ORD0002214,CUST000823,SELL0550,2026-05-20,13:27:02,2026-05-25,2026-05-25,30697.46,Card,Delivered,,Jaipur,Web,Appliances
ORD0002215,CUST000321,SELL0591,2026-05-27,08:47:22,2026-05-30,2026-05-30,40150.26,Bank Transfer,Delivered,,Chennai,Web,Mobiles
ORD0002216,CUST000791,SELL0197,2026-05-25,09:53:22,2026-05-27,2026-05-28,3978.32,Bank Transfer,Delivered,,Kolkata,Web,Electronics
ORD0002217,CUST000653,SELL0865,2026-06-12,07:40:11,2026-06-16,2026-06-18,13371.31,Card,Refund Pending,Return Pickup Pending,Chennai,Mobile Web,Mobiles
ORD0002218,CUST000905,SELL0363,2026-06-02,00:16:17,2026-06-06,2026-06-06,3697.69,UPI,Delivered,,Kolkata,Android,Mobiles
ORD0002219,CUST000446,SELL0675,2026-05-26,21:18:31,2026-05-28,2026-05-26,36733.44,Wallet,Delivered,,Noida,iOS,Grocery
ORD0002220,CUST000272,SELL0664,2026-05-24,01:09:14,2026-05-26,2026-05-27,37854.15,Cash on Delivery,Refund Pending,Payment Hold,Indore,iOS,Mobiles
ORD0002221,CUST000536,SELL0402,2026-05-15,08:22:17,2026-05-17,2026-05-25,12825.5,Wallet,Delayed,Last Mile Capacity,Pune,Mobile Web,Home
ORD0002222,CUST001065,SELL0724,2026-05-23,16:35:13,2026-05-28,2026-05-27,64207.62,UPI,Delivered,,Bengaluru,iOS,Grocery
ORD0002223,CUST000636,SELL0608,2026-05-05,01:17:21,2026-05-09,2026-05-09,26833.24,Cash on Delivery,Delivered,,Mumbai,Web,Fashion
ORD0002224,CUST000745,SELL0056,2026-06-12,08:05:11,2026-06-15,,17701.11,Wallet,Cancelled,Customer Cancelled, AHMEDABAD ,Mobile Web,Books
ORD0002225,CUST000492,SELL0610,2026-05-23,07:02:26,2026-05-25,,3231.87,Cash on Delivery,Processing,Seller Dispatch Pending,Chennai,Web,Mobiles
ORD0002226,CUST000766,SELL0686,2026-06-08,07:39:17,2026-06-14,2026-06-14,13998.47,UPI,Delivered,,Kolkata,Mobile Web,Beauty
ORD0002227,CUST000500,SELL0434,2026-05-29,09:39:32,2026-06-02,2026-06-05,39313.78,Cash on Delivery,Refund Pending,Refund Awaited,Pune,iOS,Fashion
ORD0002228,CUST000674,SELL0145,2026-06-01,05:48:18,2026-06-07,,54997.5,UPI,Processing,Seller Dispatch Pending,Mumbai,Mobile Web,Sports
ORD0002229,CUST000051,SELL0889,2026-06-01,23:21:50,2026-06-06,2026-06-13,25290.3,Card,Delayed,Address Issue,Gurugram,iOS,Beauty
ORD0002230,CUST000367,SELL0515,2026-05-25,12:53:54,2026-05-31,,15582.71,Bank Transfer,Processing,Address Verification,Lucknow,Web,Sports
ORD0002231,CUST000482,SELL0020,2026-06-11,09:44:04,2026-06-13,2026-06-21,15200.71,UPI,Delayed,Weather Delay,Lucknow,Web,Appliances
ORD0002232,CUST001005,SELL0222,2026-05-23,10:20:01,2026-05-30,,8898.24,Card,processing,Seller Dispatch Pending,Chennai,Mobile Web,Fashion
ORD0002233,CUST001105,SELL0158,2026-06-13,18:46:07,2026-06-16,2026-06-18,26657.98,Wallet,Delayed,Weather Delay,Gurugram,Mobile Web,Fashion
ORD0002234,CUST000735,SELL0471,2026-06-06,05:25:19,2026-06-08,2026-06-08,42979.61,UPI,Delivered,,Kochi,iOS,Electronics
ORD0002235,CUST000908,SELL0342,2026-05-23,11:45:43,2026-05-28,,20474.78,Bank Transfer,Cancelled,Payment Failed,Kolkata,iOS,Beauty
ORD0002236,CUST000999,SELL0986,2026-05-07,00:54:37,2026-05-09,2026-05-10,25568.64,UPI,Delivered,,Hyderabad,Web,Electronics
ORD0002237,CUST001071,SELL0247,2026-05-18,11:48:41,2026-05-22,2026-06-01,62900.25,Wallet,Delayed,Last Mile Capacity,Delhi,Android,Grocery
ORD0002238,CUST001036,SELL0987,2026-05-14,09:53:44,2026-05-16,2026-05-26,27497.96,Wallet,Delayed,Weather Delay,Indore,Android,Mobiles
ORD0002239,CUST000377,SELL0202,2026-06-10,02:23:50,2026-06-17,2026-06-16,48860.63,Bank Transfer,Delivered,,Noida,iOS,Appliances
ORD0002240,CUST001082,SELL0843,2026-05-03,11:44:52,2026-05-05,2026-05-06,4496.98,Wallet,Delivered,,Mumbai,Mobile Web,Electronics
ORD0002241,CUST000038,SELL0065,2026-05-01,16:26:49,2026-05-08,2026-05-09,14430.23,UPI,Delivered,,Coimbatore,Web,Grocery
ORD0002242,CUST000141,SELL0871,2026-06-12,23:10:57,2026-06-14,2026-06-14,24803.15,UPI,Delivered,,Chennai,iOS,Grocery
ORD0002243,CUST000474,SELL0731,2026-05-28,01:53:24,2026-06-04,2026-06-05,7104.72,Cash on Delivery,Delivered,,Nagpur,Web,Furniture
ORD0002244,CUST000912,SELL0674,2026-06-12,17:05:29,2026-06-14,2026-06-15,33783.07,Card,Delivered,,Bengaluru,Web,Sports
ORD0002245,CUST001041,SELL0015,2026-06-14,15:21:22,2026-06-16,2026-06-15,60516.67,Card,Delivered,,Kolkata,Android,Furniture
ORD0002246,CUST000817,SELL0292,2026-05-15,00:27:13,2026-05-19,2026-05-19,783.26,Cash on Delivery,Delivered,,Noida,Mobile Web,Grocery
ORD0002247,CUST000312,SELL0453,2026-06-05,01:36:59,2026-06-10,2026-06-18,7594.83,Wallet,Returned,Damaged Item,Gurugram,Android,Appliances
ORD0002248,CUST000441,SELL0914,2026-06-11,10:31:34,2026-06-18,2026-06-19,60865.59,UPI,Delivered,,Bengaluru,iOS,Furniture
ORD0002249,CUST000594,SELL0142,2026-05-02,01:43:05,2026-05-04,2026-05-04,34494.39,Wallet,Delivered,,Gurugram,Mobile Web,Furniture
ORD0002250,CUST000817,SELL0791,2026-05-12,08:18:10,2026-05-14,,39185.19,Wallet,Processing,Warehouse Delay,Pune,Android,Furniture
ORD0002251,CUST001021,SELL0521,2026-05-15,23:36:45,2026-05-19,2026-05-20,23645.46,Card,Delivered,,Ahmedabad,iOS,Furniture
ORD0002252,CUST000544,SELL0718,2026-05-19,06:04:12,2026-05-22,2026-05-27,48996.57,UPI,Refund Pending,Payment Hold,Hyderabad,iOS,Sports
ORD0002253,CUST000736,SELL0375,2026-05-03,00:56:17,2026-05-05,,22179.39,Card,Cancelled,Seller Cancelled,Kochi,Android,Grocery
ORD0002254,CUST000278,SELL0124,2026-05-25,14:45:17,2026-05-29,2026-05-29,33527.14,Wallet,Delivered,,Kochi,Web,Beauty
ORD0002255,CUST000973,SELL0448,2026-05-25,03:26:21,2026-06-01,,53821.14,Wallet,Processing,Address Verification,Noida,Android,Electronics
ORD0002256,CUST000026,SELL0316,2026-05-17,17:00:27,2026-05-22,2026-05-21,39204.76,UPI,Delivered,,Jaipur,Android,Grocery
ORD0002257,CUST000616,SELL0877,2026-05-13,17:11:12,2026-05-17,2026-05-15,27164.3,Bank Transfer,Delivered,,Pune,Web,Books
ORD0002258,CUST001009,SELL0124,2026-05-10,07:42:02,2026-05-13,2026-05-22,56517.17,card,Delayed,Address Issue,Jaipur,Web,Beauty
ORD0002259,CUST000205,SELL0946,2026-05-31,16:45:19,2026-06-02,,54472.04,Cash on Delivery,Processing,Warehouse Delay,Chennai,Mobile Web,Home
ORD0002260,CUST000286,SELL0927,2026-06-03,00:10:37,2026-06-09,,64543.87,UPI,Lost,Package Lost,Hyderabad,Android,Home
ORD0002261,CUST000790,SELL0521,2026-05-06,19:27:36,2026-05-11,2026-05-21,62587.26,Bank Transfer,Delayed,Weather Delay,Hyderabad,Mobile Web,Furniture
ORD0002262,CUST000059,SELL0034,2026-05-24,01:35:40,2026-05-26,2026-05-26,16354.05,UPI,Delivered,,Chennai,Android,Furniture
ORD0002263,CUST000003,SELL0303,2026-05-14,20:36:53,2026-05-17,2026-05-27,24560.85,Cash on Delivery,Delayed,Weather Delay,Lucknow,Web,Grocery
ORD0002264,CUST000726,SELL0065,2026-06-02,12:52:26,2026-06-04,2026-06-02,33460.13,Card,Delivered,,Ahmedabad,iOS,Grocery
ORD0002265,CUST000242,SELL0431,2026-05-12,04:52:42,2026-05-19,2026-05-17,27914.02,Card,Delivered,,Gurugram,iOS,Home
ORD0002266,CUST000526,SELL0200,2026-05-01,13:15:15,2026-05-04,2026-05-04,40724.87,Card,Delivered,,Nagpur,Android,Books
ORD0002267,CUST000774,SELL0029,2026-06-05,00:25:08,2026-06-07,2026-06-08,10533.09,Cash on Delivery,Delivered,,Kochi,Web,Furniture
ORD0002268,CUST000081,SELL0534,2026-06-01,03:03:42,2026-06-07,2026-06-08,5656.77,UPI,Returned,Wrong Item,Pune,Android,Home
ORD0002269,CUST000547,SELL0725,2026-05-29,15:23:03,2026-06-05,2026-06-04,53551.32,Wallet,Delivered,,Kolkata,iOS,Electronics
ORD0002270,CUST000188,SELL0780,2026-05-11,16:39:24,2026-05-15,2026-05-16,62516.22,Wallet,Delivered,,Gurugram,Android,Furniture
ORD0002271,CUST000861,SELL0721,2026-06-10,07:45:49,2026-06-15,2026-06-16,58032.7,Wallet,Delivered,,Coimbatore,iOS,Books
ORD0002272,CUST000652,SELL0381,2026-05-25,22:11:40,2026-05-30,2026-06-08,7089.22,Cash on Delivery,Returned,Size Issue,Chennai,iOS,Beauty
ORD0002273,CUST001129,SELL0173,2026-05-01,08:13:58,2026-05-03,2026-05-08,42688.79,Cash on Delivery,Delayed,Seller Dispatch Delay,Indore,Mobile Web,Mobiles
ORD0002274,CUST000527,SELL0614,2026-06-11,14:01:51,2026-06-14,2026-06-15,36442.74,Cash on Delivery,Refund Pending,Payment Hold,Noida,Web,Home
ORD0002275,CUST000498,SELL0932,2026-06-07,06:36:53,2026-06-10,2026-06-13,62396.25,Card,Delayed,Weather Delay,Chennai,Android,Books
ORD0002276,CUST000744,SELL0416,2026-06-04,15:00:50,2026-06-11,2026-06-15,38553.84,Bank Transfer,Delayed,Address Issue,Bengaluru,iOS,Sports
ORD0002277,CUST001161,SELL0505,2026-06-05,16:15:59,2026-06-07,2026-06-12,25647.41,Wallet,Refund Pending,Refund Awaited,Mumbai,iOS,Grocery
ORD0002278,CUST000715,SELL0995,2026-05-22,13:23:34,2026-05-29,,4908.56,Bank Transfer,Cancelled,Payment Failed,Coimbatore,Mobile Web,Books
ORD0002279,CUST000228,SELL0636,2026-05-26,03:21:27,2026-06-02,2026-06-07,37163.77,Bank Transfer,Returned,Wrong Item,Lucknow,Mobile Web,Appliances
ORD0002280,CUST001010,SELL0241,2026-05-05,02:49:28,2026-05-12,2026-05-13,42749.39,Bank Transfer,Delivered,,Coimbatore,iOS,Sports
ORD0002281,CUST000513,SELL0557,2026-05-20,22:32:25,2026-05-25,,43678.76,UPI,Processing,Address Verification,Chennai,iOS,Books
ORD0002282,CUST000421,SELL0042,2026-05-07,01:30:46,2026-05-14,2026-05-13,48269.66,UPI,Delivered,,Chennai,Web,Books
ORD0002283,CUST001110,SELL0492,2026-05-20,12:28:56,2026-05-26,,54973.51,Wallet,Cancelled,Payment Failed,Jaipur,iOS,Fashion
ORD0002284,CUST000904,SELL0905,2026-05-18,11:17:21,2026-05-24,2026-05-23,36739.4,Cash on Delivery,Delivered,,Hyderabad,Mobile Web,Fashion
ORD0002285,CUST000648,SELL0284,2026-05-05,21:01:39,2026-05-08,,42225.29,Card,Processing,Warehouse Delay,Coimbatore,iOS,Mobiles
ORD0002286,CUST000909,SELL0737,2026-05-05,19:01:27,2026-05-12,2026-05-11,63786.95,Cash on Delivery,Delivered,,Kochi,Android,Appliances
ORD0002287,CUST000189,SELL0549,2026-06-03,21:44:33,2026-06-10,2026-06-10,37423.91,Cash on Delivery,Delivered,,Mumbai,iOS,Books
ORD0002288,CUST000943,SELL0663,2026-05-26,23:44:30,2026-06-01,2026-06-02,64052.51,Wallet,Delivered,,Chennai,Web,Fashion
ORD0002289,CUST000830,SELL0872,2026-06-14,20:14:49,2026-06-17,2026-06-16,2285.71,Bank Transfer,delivered,,Chennai,Web,Fashion
ORD0002290,CUST000311,SELL0593,2026-05-06,00:01:38,2026-05-10,2026-05-10,36240.56,Bank Transfer,Delivered,,Nagpur,iOS,Beauty
ORD0002291,CUST000921,SELL0630,2026-05-08,21:42:20,2026-05-15,2026-05-14,48687.36,Cash on Delivery,Delivered,,Noida,iOS,Grocery
ORD0002292,CUST000015,SELL0535,2026-05-19,13:19:19,2026-05-21,2026-05-23,8063.24,Cash on Delivery,Delivered,,Kochi,Web,Home
ORD0002293,CUST000131,SELL0823,2026-06-05,20:33:05,2026-06-11,2026-06-15,7660.39,Cash on Delivery,Returned,Damaged Item,Indore,Android,Sports
ORD0002294,CUST000700,SELL0728,2026-05-16,15:27:19,2026-05-20,2026-05-20,62387.95,UPI,Delivered,,Bengaluru,Web,Fashion
ORD0002295,CUST000879,SELL0059,2026-05-08,23:18:55,2026-05-10,2026-05-09,27120.51,Card,Delivered,,Bengaluru,Android,Home
ORD0002296,CUST000149,SELL0734,2026-05-12,18:48:18,2026-05-18,2026-05-18,26509.47,Wallet,Delivered,,Ahmedabad,iOS,Appliances
ORD0002297,CUST000866,SELL0306,2026-05-07,23:02:58,2026-05-09,2026-05-09,15544.53,UPI,Delivered,,Jaipur,Web,Beauty
ORD0002298,CUST000243,SELL0179,2026-06-09,10:18:38,2026-06-11,2026-06-09,58255.15,UPI,Delivered,,Ahmedabad,Web,Beauty
ORD0002299,CUST000533,SELL0553,2026-05-31,21:33:55,2026-06-07,2026-06-10,15468.87,Bank Transfer,Refund Pending,Refund Awaited,Bengaluru,Mobile Web,Sports
ORD0002300,CUST000103,SELL0442,2026-05-18,07:48:59,2026-05-24,2026-05-25,56022.24,Bank Transfer,Delivered,,Chennai,Web,Mobiles
ORD0002301,CUST000688,SELL0761,2026-06-03,03:10:45,2026-06-05,,24446.23,Card,Cancelled,Customer Cancelled,Coimbatore,Mobile Web,Home
ORD0002302,CUST000257,SELL0451,2026-05-29,19:59:00,2026-06-04,,23137.39,UPI,Lost,Package Lost,Pune,Mobile Web,Books
ORD0002303,CUST000796,SELL0979,2026-05-06,01:18:41,2026-05-09,2026-05-09,60363.45,Cash on Delivery,Delivered,,Jaipur,iOS,Fashion
ORD0002304,CUST000898,SELL0099,2026-06-03,12:48:33,2026-06-10,2026-06-09,411.85,Card,Delivered,,Indore,Web,Books
ORD0002305,CUST001184,SELL0136,2026-06-13,08:05:04,2026-06-20,,35287.78,Cash on Delivery,cancelled,Customer Cancelled,Lucknow,Mobile Web,Electronics
ORD0002306,CUST000180,SELL0357,2026-05-22,18:25:51,2026-05-29,2026-05-30,-299.0,Wallet,Delivered,,Mumbai,iOS,Beauty
ORD0002307,CUST001014,SELL0987,2026-05-01,00:02:45,2026-05-04,2026-05-04,9383.33,Cash on Delivery,Delivered,,Mumbai,Mobile Web,Mobiles
ORD0002308,CUST000820,SELL0733,2026-05-07,17:34:35,2026-05-12,2026-05-12,23110.42,Cash on Delivery,Delivered,,Delhi,Mobile Web,Appliances
ORD0002309,CUST000445,SELL0887,2026-06-09,22:22:45,2026-06-12,2026-06-12,18473.85,Wallet,Delivered,,Nagpur,Web,Fashion
ORD0002310,CUST000148,SELL0648,2026-05-22,00:29:57,2026-05-29,2026-06-05,18974.05,WALLET,Returned,Wrong Item,Ahmedabad,Mobile Web,Home
ORD0002311,CUST000961,SELL0403,2026-05-26,18:20:16,2026-05-29,2026-06-03,17391.46,Bank Transfer,Delayed,Courier Delay,Coimbatore,Web,Home
ORD0000304,CUST000198,SELL0274,2026-05-15,04:45:18,2026-05-21,,50463.14,Wallet,Cancelled,Seller Cancelled,Noida,Web,Electronics
ORD0002313,CUST000640,SELL0556,2026-06-03,19:25:54,2026-06-09,2026-06-15,22909.07,Cash on Delivery,Returned,Size Issue,Noida,Mobile Web,Beauty
ORD0002314,CUST000032,SELL0302,2026-06-06,01:11:15,2026-06-12,2026-06-14,47744.41,UPI,Refund Pending,Payment Hold,Chennai,Web,Electronics
ORD0002315,CUST000725,SELL0657,2026-05-03,08:11:08,2026-05-05,2026-05-05,22699.3,Wallet,Delivered,,Lucknow,iOS,Mobiles
ORD0002316,CUST001123,SELL0430,2026-06-09,16:22:04,2026-06-16,2026-06-16,25462.08,Wallet,Delivered,,Bengaluru,Web,Mobiles
ORD0002317,CUST000865,SELL0133,2026-05-05,01:25:35,2026-05-07,2026-05-08,59561.38,Card,Delivered,,Bengaluru,Web,Sports
ORD0002318,CUST000973,SELL0512,2026-05-09,18:59:29,2026-05-12,2026-05-10,22834.68,Card,Delivered,,Coimbatore,Android,Beauty
ORD0002319,CUST000596,SELL0715,2026-06-08,02:21:41,2026-06-14,2026-06-14,49294.08,Cash on Delivery,Delivered,,Chennai,Android,Beauty
ORD0002320,CUST000164,SELL0755,2026-06-06,16:52:55,2026-06-09,,49147.28,UPI,Cancelled,Seller Cancelled,Hyderabad,Web,Fashion
ORD0002321,CUST000321,SELL0762,2026-05-06,15:09:21,2026-05-13,,13403.54,Wallet,Cancelled,Customer Cancelled,Mumbai,Android,Mobiles
ORD0002322,CUST000781,SELL0795,2026-05-23,01:19:34,2026-05-29,2026-05-28,15172.46,Card,Delivered,,Noida,Android,Fashion
ORD0002323,CUST000304,SELL0863,2026-06-02,11:45:33,2026-06-05,2026-06-06,3345.74,UPI,Refund Pending,Refund Awaited,Noida,Android,Sports
ORD0002324,CUST000130,SELL0027,2026-05-01,10:20:17,2026-05-07,2026-05-07,38595.11,Bank Transfer,Delivered,,Pune,Web,Appliances
ORD0002325,CUST000245,SELL0892,2026-05-16,04:25:03,2026-05-23,2026-05-23,56802.88,Wallet,Delivered,,Chennai,Android,Grocery
ORD0002326,CUST000079,SELL0978,2026-06-08,19:50:30,2026-06-10,2026-06-10,62834.31,Card,Delivered,,Noida,Mobile Web,Electronics
ORD0002327,CUST000969,SELL0107,2026-05-21,17:24:05,2026-05-25,,39397.4,UPI,Cancelled,Customer Cancelled,Pune,Android,Furniture
ORD0002328,CUST000288,SELL0137,2026-06-03,03:51:59,2026-06-06,2026-06-06,58725.33,Cash on Delivery, Delivered ,,Kolkata,Mobile Web,Mobiles
ORD0002329,CUST000243,SELL0868,2026-06-05,09:13:33,2026-06-12,2026-06-11,57596.45,Card,Delivered,, CHENNAI ,Mobile Web,Grocery
ORD0002330,CUST000907,SELL0554,2026-06-04,18:26:34,2026-06-07,2026-06-08,50577.64,UPI,Delivered,,Coimbatore,Android,Sports
ORD0002331,CUST000968,SELL0534,2026-05-01,05:02:55,2026-05-04,2026-05-03,33509.75,Cash on Delivery,Delivered,,Mumbai,Android,Home
ORD0002332,CUST000695,SELL0327,2026-05-22,05:43:20,2026-05-28,2026-05-29,6042.97,Card,Delivered,,Noida,iOS,Books
ORD0002333,CUST000130,SELL0816,2026-05-20,09:35:39,2026-05-27,2026-05-28,64831.0, Cash on Delivery ,Delivered,,Jaipur,Android,Grocery
ORD0002334,CUSTX901781,SELL0987,2026-06-10,23:43:24,2026-06-15,2026-06-15,1052.63,Bank Transfer,Delivered,,Jaipur,Web,Mobiles
ORD0002335,CUST000384,SELL0596,2026-05-29,19:47:44,2026-06-01,2026-06-01,46694.42,Wallet,Delivered,,Hyderabad,Web,Home
ORD0002336,CUST000618,SELL0174,2026-05-06,14:42:43,2026-05-13,2026-05-12,13139.6,Card,Delivered,,Coimbatore,Mobile Web,Grocery
ORD0002337,CUST000591,SELL0561,2026-05-21,03:51:37,2026-05-23,2026-05-23,31979.79,Card,Delivered,,Delhi,Android,Furniture
ORD0002338,CUST000006,SELL0575,2026-06-03,07:06:22,2026-06-06,2026-06-06,6129.44,Cash on Delivery,Delivered,,Chennai,Web,Mobiles
ORD0002339,CUST000256,SELL0498,2026-06-08,02:52:23,2026-06-10,2026-06-10,58623.22,Wallet,Delivered,,Bengaluru,iOS,Electronics
ORD0002340,CUST000710,SELL0213,2026-05-16,16:06:38,2026-05-21,2026-05-23,41969.78,Card,Delayed,Address Issue,Ahmedabad,Mobile Web,Mobiles
ORD0002341,CUST000702,SELL0030,2026-06-13,19:17:51,2026-06-17,2026-06-18,18924.46,Bank Transfer,Refund Pending,Payment Hold,Lucknow,Android,Home
ORD0002342,CUST000477,SELL0241,2026-06-05,09:00:01,2026-06-09,2026-06-08,57366.46,UPI,Delivered,,Chennai,Mobile Web,Sports
ORD0002343,CUST001084,SELL0382,2026-06-08,23:38:41,2026-06-12,2026-06-11,13924.11,Cash on Delivery,Delivered,,Bengaluru,iOS,Electronics
ORD0002344,CUST000118,SELL0492,2026-05-05,23:21:44,2026-05-11,2026-05-11,41488.79,Cash on Delivery,Delivered,,Delhi,Web,Fashion
ORD0002345,CUST000213,SELL0794,2026-05-25,17:26:07,2026-06-01,,29482.37,Cash on Delivery,Processing,Seller Dispatch Pending,Indore,iOS,Furniture
ORD0002346,CUST000625,SELL0424,2026-05-09,00:34:37,2026-05-12,2026-05-17,12876.7,Cash on Delivery,Returned,Customer Return,Ahmedabad,Web,Fashion
ORD0002347,CUST001048,SELL0793,2026-05-07,23:56:29,2026-05-14,,58786.06,Cash on Delivery,Cancelled,Payment Failed,Hyderabad,Mobile Web,Mobiles
ORD0002348,CUST000705,SELL0041,2026-05-14,19:58:24,2026-05-17,2026-05-18,59194.9,UPI,Delivered,,Noida,Mobile Web,Grocery
ORD0002349,CUST001051,SELL0258,2026-06-14,00:00:43,2026-06-18,2026-06-17,38010.41,Bank Transfer,Delivered,,Jaipur,Web,Furniture
ORD0002350,CUST000559,SELL0026,2026-06-02,19:11:04,2026-06-09,2026-06-13,13012.88,Cash on Delivery,Refund Pending,Refund Awaited,Pune,Web,Appliances
ORD0002351,CUST000966,SELL0408,2026-05-31,04:09:47,2026-06-04,,47663.39,Wallet,Cancelled,Seller Cancelled,Indore,Mobile Web,Fashion
ORD0002352,CUST000925,SELL0041,2026-05-24,04:35:25,2026-05-27,,56520.98,Wallet,Processing,Seller Dispatch Pending,Pune,Web,Grocery
ORD0002353,CUST000031,SELL0120,2026-05-17,21:20:18,2026-05-23,2026-05-24,5779.32,UPI,Refund Pending,Payment Hold,Ahmedabad,Android,Mobiles
ORD0002354,CUST000621,SELL0166,2026-05-14,20:51:03,2026-05-20,2026-05-27,39466.04,UPI,Returned,Wrong Item,Delhi,Mobile Web,Home
ORD0002355,CUST001081,SELL0188,2026-05-30,18:20:17,2026-06-03,2026-06-02,26119.58,Card,Delivered,,Pune,Mobile Web,Sports
ORD0002356,CUST000013,SELL0454,2026-05-13,14:55:57,2026-05-20,2026-05-18,31192.37,Card,Delivered,,Nagpur,Mobile Web,Home
ORD0002357,CUST000884,SELL0173,2026-05-04,20:08:03,2026-05-06,2026-05-05,31638.15,Cash on Delivery,Delivered,,Kolkata,Mobile Web,Mobiles
ORD0002358,CUST000426,SELL0865,2026-05-07,19:59:46,2026-05-11,,24025.42,Card,Processing,Address Verification,Coimbatore,Web,Mobiles
ORD0002359,CUST000809,SELL0766,2026-06-02,08:10:27,2026-06-04,2026-06-14,45480.68,Wallet,Delayed,Last Mile Capacity,Indore,Android,Books
ORD0002360,CUST000056,SELL0288,2026-05-31,18:26:42,2026-06-04,2026-06-05,20905.84,UPI,Delivered,,Kochi,iOS,Furniture
ORD0002361,CUST000786,SELL0882,2026-05-30,22:04:13,2026-06-06,,64394.3,Bank Transfer,Processing,Warehouse Delay,Lucknow,Mobile Web,Electronics
ORD0002362,CUST000975,SELL0368,2026-05-02,03:15:07,2026-05-04,2026-05-06,45802.81,Cash on Delivery,Delivered,, KOCHI ,Android,Fashion
ORD0002363,CUST000001,SELL0071,2026-06-01,14:19:46,2026-06-06,,56752.6,Wallet,Processing,Warehouse Delay,Bengaluru,Android,Mobiles
ORD0002364,CUST000875,SELL0123,2026-05-10,18:13:57,2026-05-16,2026-05-17,14445.17,Cash on Delivery,Delivered,,Bengaluru,Mobile Web,Furniture
ORD0002365,CUST001061,SELL0982,2026-05-12,05:19:31,2026-05-19,2026-05-21,43300.53,Bank Transfer,Delivered,,Ahmedabad,Mobile Web,Books
ORD0002366,CUST001170,SELL0066,2026-06-10,22:06:44,2026-06-17,,44487.94,Bank Transfer,Processing,Address Verification,Delhi,iOS,Books
ORD0002367,CUST000955,SELL0177,2026-06-02,18:52:59,2026-06-06,2026-06-17,63664.45,Card,Delayed,Address Issue,Mumbai,Mobile Web,Fashion
ORD0002368,CUST000829,SELL0724,2026-05-17,12:22:24,2026-05-21,2026-05-21,53118.56,Cash on Delivery,Delivered,,Indore,Android,Grocery
ORD0002369,CUST000204,SELL0980,2026-06-06,17:32:23,2026-06-12,,42265.95,UPI,Cancelled,Payment Failed,Indore,iOS,Grocery
ORD0002370,CUST000048,SELL0374,2026-05-16,01:50:22,2026-05-23,2026-05-22,58375.4,Wallet,Delivered,,Ahmedabad,Mobile Web,Books
ORD0002371,CUST001152,SELL0868,2026-06-10,12:30:50,2026-06-14,,26265.34,Wallet,Cancelled,Seller Cancelled,Gurugram,Web,Grocery
ORD0002372,CUST000732,SELL0082,2026-06-07,05:42:48,2026-06-12,2026-06-11,62321.13,Bank Transfer,Delivered,,Mumbai,iOS,Appliances
ORD0002373,CUST001091,SELL0551,2026-05-01,07:30:27,2026-05-06,2026-05-06,23243.69,Cash on Delivery,Delivered,,Noida,Web,Fashion
ORD0002374,CUST000214,SELL0009,2026-05-15,23:25:56,2026-05-22,2026-05-21,12747.82,CASH ON DELIVERY,Delivered,,Jaipur,Web,Electronics
ORD0002375,CUST000318,SELL0447,2026-05-23,11:31:59,2026-05-29,2026-05-29,24946.62,Card,Delivered,,Mumbai,Mobile Web,Mobiles
ORD0002376,CUST000375,SELL0435,2026-06-14,20:10:19,2026-06-16,2026-06-17,50731.54,UPI,Delivered,,Ahmedabad,Web,Sports
ORD0002377,CUST000814,SELL0008,2026-06-14,14:35:26,2026-06-21,2026-06-28,49356.47,Wallet,Refund Pending,Payment Hold,Gurugram,Web,Grocery
ORD0002378,CUST000974,SELL0960,2026-05-11,04:02:11,2026-05-18,2026-05-16,24741.12,Cash on Delivery,Delivered,,Gurugram,Mobile Web,Home
ORD0002379,CUST000681,SELL0513,2026-05-28,15:48:49,2026-06-03,2026-06-01,31827.99,Wallet,Delivered,,Hyderabad,Android,Grocery
ORD0002380,CUST000079,SELL0011,2026-05-09,07:35:08,2026-05-12,,56438.76,Card,Cancelled,Seller Cancelled,Kolkata,Web,Sports
ORD0002381,CUST000398,SELL0588,2026-05-23,15:20:53,2026-05-26,2026-05-25,47196.15,Bank Transfer,Delivered,,Coimbatore,Web,Appliances
ORD0002382,CUST000198,SELL0051,2026-05-16,21:28:30,2026-05-21,2026-06-01,31958.28,Card,Delayed,Courier Delay,Mumbai,Mobile Web,Furniture
ORD0002383,CUST000080,SELL0547,2026-05-12,01:30:14,2026-05-16,2026-05-16,26677.89,upi,Delivered,,Nagpur,Web,Electronics
ORD0002384,CUST000103,SELL0318,2026-05-20,12:55:38,2026-05-24,2026-05-23,23715.12,Cash on Delivery,Delivered,,Bengaluru,iOS,Sports
ORD0002385,CUST001000,SELL0408,2026-06-06,14:08:07,2026-06-08,,48625.1,Card,Processing,Address Verification,Hyderabad,iOS,Fashion
ORD0002386,CUST000209,SELL0904,2026-05-15,04:30:34,2026-05-19,2026-05-20,25756.56,Bank Transfer,Delivered,,Delhi,Android,Home
ORD0002387,CUST000965,SELL0857,2026-05-07,10:52:31,2026-05-14,2026-05-13,25342.51,Cash on Delivery,Delivered,,Jaipur,Android,Beauty
ORD0002388,CUST000365,SELL0193,2026-05-03,12:33:35,2026-05-07,,62422.28,Card,Processing,Seller Dispatch Pending,Coimbatore,Android,Sports
ORD0002389,CUST000609,SELL0229,2026-05-28,17:47:44,2026-06-04,,26052.37,Card,Processing,Address Verification,Coimbatore,iOS,Mobiles
ORD0002390,CUST000242,SELL0662,2026-06-02,07:43:19,2026-06-08,2026-06-09,1690.99,Cash on Delivery,Returned,Damaged Item,Hyderabad,iOS,Mobiles
ORD0002391,CUST000446,SELL0454,2026-06-05,13:51:28,2026-06-07,,25742.11,Cash on Delivery,Processing,Warehouse Delay,Pune,Web,Home
ORD0002392,CUST001037,SELL0309,2026-05-13,01:44:06,2026-05-15,2026-05-14,11395.28,UPI,Delivered,,Ahmedabad,Web,Fashion
ORD0002393,CUST001146,SELL0747,2026-06-08,08:10:57,2026-06-10,2026-06-09,56479.91,Card,Delivered,,Mumbai,iOS,Appliances
ORD0002394,CUST000780,SELL0281,2026-06-08,11:10:43,2026-06-12,2026-06-12,12821.53,Cash on Delivery,Delivered,,Mumbai,Android,Appliances
ORD0002395,CUST001064,SELL0970,2026-05-10,21:04:34,2026-05-14,2026-05-13,16598.33,UPI,Delivered,,Pune,Mobile Web,Fashion
ORD0002396,CUST000845,SELL0638,2026-05-19,06:17:15,2026-05-26,,46497.74,Wallet,Cancelled,Customer Cancelled,Noida,Mobile Web,Electronics
ORD0002397,CUST001100,SELL0748,2026-05-29,15:11:49,2026-06-01,2026-05-31,30047.53,Card,Delivered,,Ahmedabad,Mobile Web,Fashion
ORD0002398,CUST000971,SELL0698,2026-05-14,06:56:43,2026-05-20,2026-05-19,10392.32,Card,Delivered,,Bengaluru,iOS,Home
ORD0002399,CUST000760,SELL0084,2026-05-11,20:56:34,2026-05-16,2026-05-25,59257.93,Card,Delayed,Seller Dispatch Delay,Indore,Android,Appliances
ORD0002400,CUST000042,SELL0802,2026-05-12,22:13:34,2026-05-18,2026-05-18,36062.58,Card,Delivered,,Pune,Android,Appliances
ORD0002401,CUST000373,SELL0383,2026-05-02,15:02:53,2026-05-04,2026-05-03,6380.84,UPI,Delivered,, INDORE ,Android,Home
ORD0002402,CUST000666,SELL0033,2026-05-19,02:49:42,2026-05-22,2026-05-24,22200.04,UPI,Delayed,Last Mile Capacity,Coimbatore,Mobile Web,Grocery
ORD0002403,CUST000605,SELL0779,2026-05-09,09:25:32,2026-05-13,2026-05-20,61176.09,Bank Transfer,Refund Pending,Return Pickup Pending,Ahmedabad,Web,Furniture
ORD0002404,CUST001013,SELL0737,2026-06-01,16:52:07,2026-06-07,2026-06-09,23903.13,Cash on Delivery,Delivered,,Lucknow,Android,Appliances
ORD0002405,CUST000143,SELL0806,2026-05-27,12:22:38,2026-06-03,,59573.77,Card,Processing,Address Verification,Gurugram,Android,Sports
ORD0002406,CUST000535,SELL0904,2026-06-13,12:23:37,2026-06-18,2026-06-22,60737.34,Cash on Delivery,Refund Pending,Refund Awaited,Pune,Android,Home
ORD0002407,CUST000452,SELL0270,2026-05-20,11:35:37,2026-05-26,2026-05-25,7656.5,Wallet,Delivered,,Lucknow,Android,Electronics
ORD0002408,CUST001185,SELL0513,2026-05-17,03:17:51,2026-05-22,,20806.1,Card,Cancelled,Seller Cancelled,Delhi,Web,Grocery
ORD0002409,CUST000191,SELL0479,2026-05-17,14:28:15,2026-05-24,2026-05-26,25326.14,Cash on Delivery,Delivered,,Mumbai,Android,Beauty
ORD0002410,CUST000829,SELL0358,2026-05-10,14:24:33,2026-05-15,2026-05-17,3457.84,Bank Transfer,Delayed,Seller Dispatch Delay,Bengaluru,Mobile Web,Fashion
ORD0002411,CUST000915,SELL0930,2026-05-25,18:18:29,2026-05-30,2026-06-03,37084.56,Cash on Delivery,Returned,Size Issue,Indore,Web,Fashion
ORD0002412,CUST000327,SELL0199,2026-05-02,21:25:13,2026-05-05,2026-05-05,53966.62,Bank Transfer,Delivered,,Coimbatore,Android,Fashion
ORD0002413,CUST000280,SELL0283,2026-06-14,10:39:19,2026-06-21,2026-06-21,28502.9,Cash on Delivery,Delivered,,Nagpur,iOS,Home
ORD0002414,CUST000728,SELL0525,2026-05-26,20:31:50,2026-05-28,,27852.51,Card,Processing,Warehouse Delay,Lucknow,Android,Sports
ORD0002415,CUST000414,SELL0101,2026-05-19,01:41:38,2026-05-25,2026-05-23,53653.03,Card,Delivered,,Mumbai,Android,Books
ORD0002416,CUST000628,SELL0815,2026-06-12,14:57:06,2026-06-14,,1373.53,Card,Lost,Package Lost,Jaipur,Web,Grocery
ORD0002417,CUST000922,SELL0464,2026-05-16,23:49:22,2026-05-19,2026-05-18,21598.15,Card,Delivered,,Pune,iOS,Sports
ORD0002418,CUST000495,SELL0949,2026-06-11,04:29:21,2026-06-15,2026-06-15,10233.05,Wallet, Delivered ,,Hyderabad,Web,Electronics
ORD0002419,CUST000421,SELL0674,2026-05-21,05:06:24,2026-05-24,,1513.53,Cash on Delivery,Processing,Address Verification,Kolkata,Android,Sports
ORD0002420,CUST000771,SELL0780,2026-05-25,16:49:26,2026-06-01,2026-06-03,1521.43,CARD,Delivered,,Pune,iOS,Furniture
ORD0002421,CUST000767,SELL0348,2026-05-02,03:14:01,2026-05-09,2026-05-08,29369.4,UPI,Delivered,,Mumbai,Android,Appliances
ORD0002422,CUST000400,SELL0018,2026-05-29,08:02:45,2026-06-02,2026-06-02,35200.88,Card,Delivered,,Noida,iOS,Beauty
ORD0002423,CUST001038,SELL0215,2026-05-24,08:59:25,2026-05-29,2026-05-30,36926.22,Card,Delivered,,Coimbatore,Android,Grocery
ORD0002424,CUST000975,SELL0193,2026-06-03,23:11:06,2026-06-10,2026-06-09,52487.48,UPI,Delivered,,Indore,Android,Sports
ORD0002425,CUST000881,SELL0604,2026-05-20,11:27:06,2026-05-25,2026-05-27,35276.3,Card,Returned,Customer Return,Mumbai,Android,Fashion
ORD0002426,CUST001095,SELL0822,2026-05-20,19:21:40,2026-05-23,2026-05-22,59286.96,Cash on Delivery,Delivered,,Nagpur,iOS,Home
ORD0002427,CUST000498,SELL0038,2026-05-22,20:34:32,2026-05-24,,47199.12,Wallet,processing,Address Verification,Gurugram,iOS,Home
ORD0002428,CUST000123,SELL0085,2026-05-08,07:23:47,2026-05-13,2026-05-13,6367.59,Cash on Delivery,RETURNED,Size Issue,Chennai,Web,Grocery
ORD0002429,CUST000376,SELL0053,2026-06-10,11:17:34,2026-06-13,,33001.93,UPI,Cancelled,Seller Cancelled,Delhi,Android,Sports
ORD0002430,CUST000731,SELL0599,2026-05-14,01:22:11,2026-05-21,2026-05-20,37028.65,Card,Delivered,,Indore,Web,Beauty
ORD0002431,CUST000077,SELL0250,2026-05-13,17:26:26,2026-05-19,2026-05-26,40684.44,Wallet,Refund Pending,Return Pickup Pending,Pune,Mobile Web,Fashion
ORD0002432,CUST000006,SELL0730,2026-06-05,23:42:53,2026-06-10,2026-06-09,47133.97,Card,Delivered,,Delhi,Mobile Web,Sports
ORD0002433,CUST000887,SELL0767,2026-05-30,03:59:48,2026-06-05,2026-06-04,20190.45,Bank Transfer,Delivered,,Mumbai,iOS,Furniture
ORD0002434,CUST000136,SELL0580,2026-05-20,13:05:33,2026-05-23,,13037.58,Card,Lost,Package Lost,Delhi,Mobile Web,Beauty
ORD0002435,CUST000944,SELL0846,2026-05-22,11:33:16,2026-05-28,2026-05-29,49305.65,Cash on Delivery,Delivered,,Bengaluru,iOS,Furniture
ORD0002436,CUST001011,SELL0554,2026-05-08,23:58:47,2026-05-12,2026-05-12,39482.73,Bank Transfer,Delivered,,Lucknow,Mobile Web,Sports
ORD0002437,CUST000203,SELL0878,2026-05-19,21:51:06,2026-05-23,2026-05-22,34174.75,CASH ON DELIVERY,Delivered,,Jaipur,iOS,Beauty
ORD0002438,CUST000103,SELL0708,2026-05-16,03:36:22,2026-05-19,,13161.55,Wallet,Cancelled,Customer Cancelled,Mumbai,Android,Furniture
ORD0002439,CUST000699,SELL0707,2026-05-01,03:21:52,2026-05-04,,8571.32,Wallet,Processing,Warehouse Delay,Nagpur,Web,Electronics
ORD0002440,CUST000477,SELL0776,2026-06-06,15:26:27,2026-06-13,2026-06-12,0,Card,Delivered,,Indore,iOS,Grocery
ORD0002441,CUST000664,SELL0142,2026-06-06,11:26:52,2026-06-11,2026-06-15,23125.42,Card,Delayed,Last Mile Capacity,Indore,Android,Furniture
ORD0002442,CUST000420,SELL0299,2026-06-07,11:49:42,2026-06-10,2026-06-10,35811.26,Card,Delivered,,Coimbatore,Android,Appliances
ORD0002443,CUST000485,SELL0137,2026-06-04,01:47:12,2026-06-09,2026-06-09,51850.88,Wallet,Delivered,,Jaipur,iOS,Mobiles
ORD0002444,CUST000890,SELL0198,2026-05-01,05:51:53,2026-05-03,,22434.57,Bank Transfer,Cancelled,Seller Cancelled,Kochi,Android,Furniture
ORD0002445,CUST001040,SELL0202,2026-05-27,02:59:56,2026-05-29,2026-05-29,53705.62,Bank Transfer,Delivered,,Ahmedabad,Android,Appliances
ORD0002446,CUST000341,SELL0380,2026-05-30,12:53:42,2026-06-03,2026-06-10,56665.57,Bank Transfer,Refund Pending,Return Pickup Pending,Noida,Android,Grocery
ORD0002447,CUST000922,SELL0873,2026-05-23,21:18:37,2026-05-28,2026-05-28,28128.8,Cash on Delivery,Delivered,,Mumbai,Web,Grocery
ORD0002448,CUST000175,SELL0430,2026-05-06,00:51:21,2026-05-09,2026-05-11,13809.36,UPI,Delayed,Last Mile Capacity,Chennai,iOS,Mobiles
ORD0002449,CUST000596,SELL0780,2026-05-23,11:34:32,2026-05-25,,3930.07,Card,Cancelled,Customer Cancelled,Lucknow,Web,Furniture
ORD0002450,CUST001107,SELL0024,2026-05-23,14:57:08,2026-05-27,2026-05-29,47157.14,UPI,Delivered,,Delhi,Web,Fashion
ORD0002451,CUST000397,SELL0925,2026-05-24,14:49:15,2026-05-30,,45166.25,Bank Transfer,Cancelled,Seller Cancelled,Bengaluru,iOS,Furniture
ORD0002452,CUST000847,SELL0389,2026-05-31,05:15:32,2026-06-04,2026-06-04,37248.02,Card,Delivered,,Delhi,Android,Grocery
ORD0002453,CUST000981,SELL0501,2026-05-17,06:14:19,2026-05-22,2026-05-22,42256.93,Cash on Delivery,Delivered,,Noida,Mobile Web,Appliances
ORD0002454,CUST000022,SELL0133,2026-06-09,10:13:50,2026-06-15,,12407.78,Bank Transfer,Cancelled,Payment Failed,Hyderabad,Mobile Web,Sports
ORD0002455,CUST000143,SELL0972,2026-05-08,20:11:08,2026-05-13,,38658.59,Wallet,Processing,Address Verification,Lucknow,Android,Sports
ORD0002456,CUST000173,SELL0763,2026-05-26,01:26:54,,2026-06-05,7225.55,UPI,Delayed,Address Issue,Jaipur,Mobile Web,Books
ORD0002457,CUST000334,SELL0888,2026-06-03,02:19:19,2026-06-10,2026-06-16,43111.54,UPI,Delayed,Seller Dispatch Delay,Pune,Android,Home
ORD0002458,CUST000373,SELL0431,2026-06-03,23:30:17,2026-06-05,2026-06-05,34663.54,Cash on Delivery,Delivered,,Lucknow,Android,Home
ORD0002459,CUST001024,SELL0826,2026-05-13,16:50:20,2026-05-19,2026-05-19,2064.0,Bank Transfer,Delivered,,Ahmedabad,iOS,Grocery
ORD0002460,CUST000953,SELL0879,2026-05-20,23:17:57,2026-05-24,2026-05-24,49897.2,Cash on Delivery,Delivered,,Gurugram,Mobile Web,Home
ORD0002461,CUST000182,SELL0194,2026-06-07,11:42:56,2026-06-12,2026-06-10,4121.82,Wallet,Delivered,,Indore,Android,Home
ORD0002462,CUST000577,SELL0022,2026-06-04,19:47:50,2026-06-06,2026-06-09,63140.57,UPI,Delayed,Seller Dispatch Delay,Kolkata,Mobile Web,Sports
ORD0002463,CUST000466,SELLX9591,2026-05-24,00:01:34,2026-05-28,2026-05-28,1718.24,Card,Delivered,,Chennai,Web,Grocery
ORD0002464,CUST000343,SELL0692,2026-05-24,14:34:36,2026-05-31,2026-05-31,13874.7,Bank Transfer,Delivered,,Delhi,Mobile Web,Fashion
ORD0002465,CUST000587,SELL0026,2026-05-22,20:40:39,2026-05-24,,39086.18,Card,Processing,Warehouse Delay,Hyderabad,iOS,Appliances
ORD0002466,CUST000477,SELL0553,2026-05-14,08:22:19,2026-05-17,,18436.58,Bank Transfer,Processing,Address Verification,Coimbatore,Mobile Web,Sports
ORD0002467,CUST000086,SELL0573,2026-05-14,23:19:10,2026-05-18,2026-05-17,59285.21,UPI,Delivered,,Bengaluru,Android,Fashion
ORD0002468,CUST000913,SELL0034,2026-05-14,06:02:57,2026-05-19,2026-05-19,851.14,Cash on Delivery,Delivered,,Kochi,Web,Furniture
ORD0002469,CUST000614,SELL0975,2026-06-01,00:39:18,2026-06-07,2026-06-06,14597.53,Card,Delivered,,Mumbai,Web,Books
ORD0002470,CUST000305,SELL0144,2026-05-15,08:34:47,2026-05-17,2026-05-17,40432.81,Bank Transfer,Delivered,,Nagpur,iOS,Grocery
ORD0002471,CUST000118,SELL0012,2026-06-01,21:01:12,2026-06-05,2026-06-05,32833.15,Wallet,Delivered,,Jaipur,iOS,Fashion
ORD0002472,CUST000180,SELL0879,2026-05-16,13:02:58,2026-05-22,,32881.54,Bank Transfer,Lost,Package Lost,Chennai,Web,Home
ORD0002473,CUST000753,SELL0902,2026-05-27,18:48:24,2026-05-30,2026-05-30,61285.16,Wallet,Delivered,,Hyderabad,iOS,Mobiles
ORD0002474,CUST000301,SELL0389,2026-05-27,23:10:43,2026-05-30,,10741.47,Card,Cancelled,Seller Cancelled,Kochi,Web,Grocery
ORD0002475,CUST001120,SELL0878,2026-05-12,13:33:39,2026-05-18,,6955.11,UPI,Processing,Seller Dispatch Pending,Lucknow,Mobile Web,Beauty
ORD0002476,CUST000127,SELL0358,2026-06-02,22:15:05,2026-06-06,,55552.32,Wallet,Cancelled,Payment Failed,Hyderabad,Mobile Web,Fashion
ORD0002477,CUST000612,SELL0734,2026-06-03,15:55:15,2026-06-09,2026-06-09,40907.82,Card,DELIVERED,,Pune,iOS,Appliances
ORD0002478,CUST000238,SELL0473,2026-05-23,01:19:37,2026-05-28,2026-06-01,31149.9,Bank Transfer,Returned,Size Issue, NOIDA ,Web,Sports
ORD0002479,CUST000736,SELL0271,2026-05-24,03:05:41,2026-05-27,2026-05-27,30740.62,Bank Transfer,Delivered,,Ahmedabad,Android,Furniture
ORD0002480,CUST000115,SELL0539,2026-05-22,07:47:36,2026-05-26,,1969.2,Wallet,Processing,Warehouse Delay,Noida,Web,Electronics
ORD0002481,CUST000538,SELL0347,2026-05-09,15:22:14,2026-05-13,2026-05-14,15979.99,UPI,Delivered,, COIMBATORE ,Web,Grocery
ORD0002482,CUST001043,SELL0775,2026-05-14,17:21:00,2026-05-20,2026-05-22,53439.56,Bank Transfer,Returned,Damaged Item,Chennai,Mobile Web,Furniture
ORD0002483,CUST001037,SELL0971,2026-06-12,09:03:41,2026-06-17,2026-06-22,38387.88,Card,Delayed,Last Mile Capacity,Ahmedabad,Mobile Web,Home
ORD0002484,CUST000155,SELL0319,2026-05-30,09:56:21,2026-06-04,2026-06-04,10574.79,Bank Transfer,Delivered,,Delhi,iOS,Mobiles
ORD0002485,CUST000073,SELL0402,2026-05-04,00:02:53,2026-05-11,2026-05-12,35724.55,Card,Delivered,,Lucknow,Web,Home
ORD0002486,CUST000201,SELL0490,2026-05-24,14:09:28,2026-05-26,2026-05-25,23732.43,Bank Transfer,Delivered,,Kolkata,Android,Fashion
ORD0002487,CUST000385,SELL0804,2026-06-08,08:57:32,2026-06-14,2026-06-13,64266.76,Card,Delivered,,Delhi,Web,Home
ORD0002488,CUST000139,SELL0548,2026-05-11,03:27:08,2026-05-13,2026-05-19,54502.4,Card,Returned,Size Issue,Coimbatore,Web,Sports
ORD0002489,CUST000368,SELL0997,2026-05-01,19:05:19,2026-05-06,2026-05-06,57677.04,UPI,Delivered,,Kolkata,Android,Electronics
ORD0002490,CUST000627,SELL0941,2026-05-22,05:15:33,2026-05-29,2026-05-29,58941.25,Bank Transfer,Delivered,,Kochi,Android,Mobiles
ORD0002491,CUST000887,SELL0940,2026-06-04,10:47:27,2026-06-11,,19369.65,UPI,Cancelled,Payment Failed,Pune,iOS,Sports
ORD0002492,CUST000596,SELL0676,2026-05-21,03:36:30,2026-05-23,,47954.0,Card,Processing,Address Verification,Kolkata,Mobile Web,Mobiles
ORD0002493,CUST000786,SELL0248,2026-06-06,11:51:10,2026-06-10,,38947.33,Card,lost,Package Lost,Gurugram,Mobile Web,Grocery
ORD0002494,CUST000101,SELL0863,2026-06-01,22:48:18,2026-06-05,2026-06-05,31027.77,UPI,Delivered,, NAGPUR ,iOS,Sports
ORD0002495,CUST000828,SELL0590,2026-05-12,09:32:56,2026-05-15,2026-05-23,35567.09,UPI,Returned,Size Issue,Kolkata,iOS,Furniture
ORD0002496,CUST001003,SELL0112,2026-06-14,22:22:40,2026-06-20,2026-06-20,7505.63,Wallet,Delivered,,Mumbai,iOS,Sports
ORD0002497,CUST000975,SELL0695,2026-06-04,01:14:57,2026-06-10,2026-06-21,39132.98,UPI,Delayed,Last Mile Capacity,Ahmedabad,Android,Mobiles
ORD0002498,CUST000523,SELL0589,2026-06-09,12:50:56,2026-06-11,2026-06-10,22517.34,Cash on Delivery,Delivered,,Noida,iOS,Electronics
ORD0002499,CUST000656,SELL0993,2026-05-24,17:00:57,2026-05-28,,59137.56,Bank Transfer,Cancelled,Customer Cancelled,Chennai,Web,Sports
ORD0002500,CUST000076,SELL0404,2026-06-03,13:34:02,2026-06-09,,17215.58,UPI,Lost,Package Lost,Delhi,Web,Mobiles
ORD0002501,CUST000468,SELL0061,2026-05-21,02:02:21,2026-05-28,2026-06-01,42846.75,Card,Returned,Wrong Item,Noida,Android,Grocery
ORD0002502,CUST001123,SELL0120,2026-05-25,17:28:25,2026-05-28,2026-05-28,41874.84,Bank Transfer,delivered,,Jaipur,iOS,Mobiles
ORD0002503,CUST001071,SELL0617,2026-05-04,21:03:42,2026-05-08,2026-05-08,4510.62,Bank Transfer, Delivered ,,Gurugram,Android,Electronics
ORD0002504,CUST001033,SELL0670,2026-06-09,04:24:02,2026-06-12,,62902.22,Bank Transfer,Cancelled,Customer Cancelled,Bengaluru,Mobile Web,Electronics
ORD0002505,CUST001084,SELL0174,2026-06-09,02:27:49,2026-06-14,,9408.4,Bank Transfer,Cancelled,Customer Cancelled,Delhi,iOS,Grocery
ORD0002506,CUST000209,SELL0916,2026-05-04,07:24:56,2026-05-06,,40522.07,Cash on Delivery,Processing,Address Verification,Kochi,Mobile Web,Home
ORD0002507,CUST000348,SELL0109,2026-06-08,08:37:58,2026-06-13,,57254.08,Card,Cancelled,Customer Cancelled,Jaipur,Web,Grocery
ORD0002508,CUST000113,SELL0301,2026-05-30,06:08:35,2026-06-02,,33569.29,Wallet,Cancelled,Seller Cancelled,Noida,iOS,Books
ORD0002509,CUST000804,SELL0670,2026-05-15,15:42:26,2026-05-22,2026-05-23,53029.45,Bank Transfer,Delivered,,Bengaluru,Mobile Web,Electronics
ORD0002510,CUST000381,SELL0590,2026-05-21,23:49:09,2026-05-28,2026-05-28,20325.39,Card,Delivered,,Coimbatore,Android,Furniture
ORD0002511,CUST000422,SELL0226,2026-06-09,11:09:36,2026-06-14,2026-06-15,8400.27,Bank Transfer,Delivered,,Hyderabad,Mobile Web,Beauty
ORD0002512,CUST000117,SELL0803,2026-05-15,00:39:05,2026-05-20,2026-05-22,34722.37,Bank Transfer,Delayed,Seller Dispatch Delay,Gurugram,Mobile Web,Fashion
ORD0002513,CUST000480,SELL0392,2026-05-22,13:11:07,2026-05-29,2026-05-30,21979.44,Wallet,Delivered,,Coimbatore,Web,Sports
ORD0002514,CUST000548,SELL0042,2026-05-10,19:25:22,2026-05-17,,60110.29,UPI,Cancelled,Payment Failed,Nagpur,iOS,Books
ORD0002515,CUST000286,SELL0048,2026-05-18,21:10:24,2026-05-24,,3157.86,Card,Cancelled,Customer Cancelled,Bengaluru,Android,Appliances
ORD0002516,CUST000158,SELL0736,2026-05-16,16:14:28,2026-05-22,2026-05-26,38114.43,UPI,Delayed,Last Mile Capacity,Gurugram,Web,Mobiles
ORD0002517,CUST000655,SELL0675,2026-06-11,18:57:11,2026-06-17,2026-06-28,30294.63,Cash on Delivery,Delayed,Courier Delay,Kochi,Mobile Web,Grocery
ORD0002518,CUSTX996010,SELL0831,2026-05-21,23:39:12,2026-05-27,2026-05-26,41759.95,Card,Delivered,,Bengaluru,Mobile Web,Electronics
ORD0002519,CUST000031,SELL0487,2026-05-15,18:25:10,2026-05-19,2026-05-24,17008.35,UPI,Returned,Size Issue,Hyderabad,Web,Mobiles
ORD0002520,CUST001160,SELL0721,2026-06-12,23:42:57,2026-06-16,2026-06-24,17435.22,wallet,Returned,Damaged Item,Ahmedabad,iOS,Books
ORD0002521,CUST000066,SELL0052,2026-05-08,03:24:15,2026-05-13,2026-05-15,44500.16,Cash on Delivery,Delivered,,Nagpur,Android,Home
ORD0002522,CUST000326,SELL0575,2026-05-05,23:27:05,2026-05-11,2026-05-10,30045.29,Cash on Delivery,Delivered,,Lucknow,Android,Mobiles
ORD0002523,CUST000053,SELL0063,2026-05-07,13:53:13,2026-05-12,,39197.69,Cash on Delivery,Cancelled,Seller Cancelled,Noida,Web,Furniture
ORD0002524,CUST000364,SELL0274,2026-06-04,10:59:34,2026-06-08,,62946.2,Cash on Delivery,Cancelled,Payment Failed,Coimbatore,iOS,Electronics
ORD0002525,CUST000804,SELL0338,2026-05-17,12:18:49,2026-05-23,2026-05-23,9436.96,Bank Transfer,Delivered,, DELHI ,Web,Beauty
ORD0002526,CUST000352,SELL0984,2026-06-14,05:35:56,2026-06-20,,15349.27,Card,Processing,Seller Dispatch Pending,Indore,iOS,Fashion
ORD0002527,CUST000701,SELL0515,2026-06-01,14:55:08,2026-06-03,2026-06-01,4267.46,Wallet,Delivered,,Hyderabad,Android,Sports
ORD0002528,CUST000892,SELL0549,2026-05-04,17:14:00,2026-05-11,2026-05-15,10142.2,BANK TRANSFER,Delayed,Weather Delay,Noida,Web,Books
ORD0002529,CUST000719,SELL0302,2026-05-20,19:36:54,2026-05-22,2026-05-21,60635.85,Card,Delivered,,Lucknow,Web,Electronics
ORD0002530,CUST000852,SELLX9521,2026-05-04,12:47:20,2026-05-07,,27940.17,Card,Lost,Package Lost,Lucknow,Web,Electronics
ORD0002531,CUST000285,SELL0275,2026-05-13,20:34:58,2026-05-18,2026-05-18,64346.66,Bank Transfer,Delivered,,Delhi,Web,Home
ORD0002532,CUST000539,SELL0280,2026-05-31,22:19:14,2026-06-02,2026-06-04,34058.53,Card,Returned,Wrong Item,Lucknow,Web,Mobiles
ORD0002533,CUST000157,SELL0861,2026-05-25,12:53:46,2026-05-30,2026-05-30,21184.62,UPI,Delivered,,Gurugram,Mobile Web,Books
ORD0002534,CUST000946,SELL0900,2026-05-07,03:40:28,2026-05-09,2026-05-11,22683.27,Cash on Delivery,Delayed,Last Mile Capacity,Kolkata,Web,Grocery
ORD0002535,CUST000664,SELL0823,2026-06-10,02:34:08,2026-06-16,2026-06-15,1079.49,Cash on Delivery,Delivered,,Bengaluru,Mobile Web,Sports
ORD0002536,CUST000981,SELL0975,2026-05-30,21:25:45,2026-06-03,2026-06-03,39517.36,Cash on Delivery,Returned,Damaged Item,Delhi,Web,Books
ORD0002537,CUST000188,SELL0408,2026-05-12,03:50:03,2026-05-19,,11795.76,Wallet,Processing,Seller Dispatch Pending,Jaipur,Android,Fashion
ORD0002538,CUST000659,SELL0499,2026-05-12,19:58:55,2026-05-14,2026-05-20,517.22,Bank Transfer,Delayed,Seller Dispatch Delay,Mumbai,iOS,Furniture
ORD0002539,CUST000364,SELL0558,2026-05-22,00:18:38,2026-05-27,2026-05-31,64902.07,Cash on Delivery,Delayed,Courier Delay, DELHI ,Android,Grocery
ORD0002540,CUST000910,SELL0407,2026-06-01,12:02:30,2026-06-04,,15243.33,Wallet,Processing,Address Verification,Gurugram,Mobile Web,Books
ORD0002541,CUST000530,SELL0058,2026-05-31,02:09:50,2026-06-04,2026-06-04,33015.37, Wallet ,Delivered,,Jaipur,Android,Beauty
ORD0002542,CUST000347,SELL0255,2026-05-31,12:15:39,2026-06-04,2026-06-04,10404.55,Cash on Delivery,Delivered,,Bengaluru,Android,Grocery
ORD0002543,CUST000510,SELL0312,2026-06-03,02:08:36,2026-06-09,2026-06-09,13859.21,Bank Transfer,Delivered,,Noida,Mobile Web,Fashion
ORD0002544,CUST000676,SELL0250,2026-06-02,08:19:26,2026-06-07,2026-06-07,13618.97,Cash on Delivery,Delivered,,Coimbatore,Android,Fashion
ORD0002545,CUST000616,SELL0078,2026-05-11,20:29:00,2026-05-13,2026-05-21,61014.11,UPI,Returned,Damaged Item,Bengaluru,iOS,Home
ORD0002546,CUST000567,SELL0702,2026-06-12,13:19:43,2026-06-14,2026-06-14,10137.2,Wallet,Delivered,,Nagpur,Mobile Web,Sports
ORD0002547,CUST000424,SELL0696,2026-06-01,10:44:04,2026-06-07,2026-06-05,29462.54,UPI,Delivered,,Bengaluru,Web,Sports
ORD0002548,CUST000449,SELL0090,2026-06-04,02:04:07,2026-06-11,2026-06-11,37086.43,UPI,Delivered,,Mumbai,Mobile Web,Grocery
ORD0002549,CUST000537,SELL0244,2026-05-04,13:07:59,2026-05-10,2026-05-10,37839.13,Wallet,Delivered,,Indore,iOS,Beauty
ORD0002550,CUST000477,SELL0819,2026-05-11,18:08:31,2026-05-14,2026-05-17,64212.18,UPI,Refund Pending,Payment Hold,Indore,iOS,Home
ORD0002551,CUST000897,SELL0086,2026-05-04,16:09:08,2026-05-07,2026-05-07,42960.56,Card,Delivered,,Noida,Mobile Web,Grocery
ORD0002552,CUST001148,SELL0081,2026-05-13,19:40:57,2026-05-20,2026-05-21,23451.44,UPI,Delivered,,Noida,iOS,Sports
ORD0002553,CUST000460,SELL0416,2026-05-17,12:53:39,2026-05-19,2026-05-19,559.58,Cash on Delivery,Delivered,,Ahmedabad,Android,Sports
ORD0002554,CUST000290,SELL0299,2026-06-07,03:34:56,2026-06-09,2026-06-08,57148.3,Cash on Delivery,Delivered,,Mumbai,Web,Appliances
ORD0002555,CUST001060,SELL0845,2026-05-12,02:31:57,2026-05-19,2026-05-19,7310.98,Wallet,Delivered,,Bengaluru,iOS,Fashion
ORD0002556,CUST000644,SELL0217,2026-05-18,21:44:47,2026-05-23,2026-05-22,59264.26,Bank Transfer,Delivered,,Ahmedabad,Android,Mobiles
ORD0002557,CUST000071,SELL0954,2026-06-09,18:19:13,2026-06-16,2026-06-16,7225.59,Bank Transfer,Delivered,,Nagpur,Mobile Web,Furniture
ORD0002558,CUST000058,SELL0820,2026-05-20,06:57:07,2026-05-27,2026-05-29,50288.48,UPI,Delivered,,Jaipur,iOS,Books
ORD0002559,CUST000805,SELL0314,2026-06-13,03:50:27,2026-06-19,2026-06-25,724.83,Wallet,Delayed,Last Mile Capacity,Hyderabad,iOS,Books
ORD0002560,CUST000882,SELL0440,2026-06-14,10:24:20,2026-06-17,2026-06-18,3526.01,cash on delivery,Delivered,,Delhi,Web,Books
ORD0002561,CUST000529,SELL0948,2026-05-14,14:52:52,2026-05-18,2026-05-17,10596.21, Cash on Delivery ,Delivered,,Hyderabad,iOS,Home
ORD0002562,CUST000238,SELL0525,2026-05-18,03:53:17,2026-05-22,,34214.68,UPI,Lost,Package Lost,Gurugram,iOS,Sports
ORD0002563,CUST000330,SELL0697,2026-06-11,04:58:28,2026-06-13,2026-06-13,52131.9,Cash on Delivery,Delivered,,Delhi,Mobile Web,Fashion
ORD0002564,CUST001101,SELL0192,2026-05-10,08:59:23,2026-05-13,2026-05-14,41178.26,Cash on Delivery,Delivered,,Mumbai,iOS,Beauty
ORD0002565,CUST000352,SELL0446,2026-06-03,07:20:40,2026-06-08,,64596.19,Card,Lost,Package Lost,Bengaluru,Mobile Web,Appliances
ORD0002566,CUST000921,SELL0158,2026-06-09,22:32:36,2026-06-15,2026-06-21,47003.68,Cash on Delivery,Returned,Size Issue,Hyderabad,iOS,Fashion
ORD0002567,CUST000211,SELL0123,2026-05-14,10:41:36,2026-05-20,2026-05-23,64767.88,Wallet,Delayed,Seller Dispatch Delay,Indore,Web,Furniture
ORD0002568,CUST000953,SELL0860,2026-05-12,01:20:25,2026-05-19,2026-05-21,26295.98,Card,Refund Pending,Refund Awaited,Mumbai,iOS,Electronics
ORD0002569,CUST000652,SELL0878,2026-06-09,14:56:39,2026-06-15,2026-06-17,41866.6,UPI,Delivered,,Delhi,Mobile Web,Beauty
ORD0002570,CUST000505,SELL0057,2026-05-30,18:22:21,2026-06-06,2026-06-06,14844.77,Wallet,Delivered,,Kolkata,Mobile Web,Furniture
ORD0002571,CUST000278,SELL0749,2026-05-16,22:48:52,2026-05-19,,58812.32, UPI ,Processing,Address Verification,Chennai,iOS,Appliances
ORD0002572,CUST000895,SELL0970,2026-06-03,18:45:01,2026-06-05,,36707.19,Cash on Delivery,Lost,Package Lost,Kochi,Android,Fashion
ORD0002573,CUST000218,SELL0873,2026-05-05,12:01:48,2026-05-07,,1160.28,Card,Processing,Address Verification,Bengaluru,Mobile Web,Grocery
ORD0002574,CUST000544,SELL0532,2026-06-05,05:23:52,2026-06-08,2026-06-10,41421.77,Wallet,Delivered,,Nagpur,Mobile Web,Sports
ORD0002575,CUST000241,SELL0931,2026-06-07,21:32:52,2026-06-13,2026-06-13,2455.36,Card,Delivered,,Pune,Web,Fashion
ORD0002576,CUST000980,SELL0219,2026-05-29,22:27:08,2026-06-02,,7527.68,UPI,PROCESSING,Address Verification,Delhi,Web,Sports
ORD0002577,CUST000552,SELL0460,2026-05-28,06:44:05,2026-06-01,2026-06-01,37300.55,Card,Delivered,,Bengaluru,Mobile Web,Home
ORD0001472,CUST000853,SELL0809,2026-06-02,06:08:06,2026-06-09,2026-06-09,19924.84,Bank Transfer,Delivered,,Noida,Mobile Web,Books
ORD0002579,CUST000715,SELL0789,2026-05-16,21:25:08,2026-05-21,2026-05-22,12834.0,Card,Delivered,,Ahmedabad,Android,Furniture
ORD0002580,CUST000613,SELL0448,2026-05-06,05:33:31,2026-05-12,2026-05-14,7394.59,Cash on Delivery,Delivered,,Delhi,Android,Electronics
ORD0002581,CUST000427,SELL0487,2026-05-26,13:49:54,2026-05-28,2026-06-02,64975.16,Card,Refund Pending,Payment Hold,Noida,Web,Mobiles
ORD0002582,CUST000446,SELL0271,2026-05-19,08:25:12,2026-05-21,2026-05-23,18979.15,Card,Refund Pending,Return Pickup Pending,Bengaluru,Android,Furniture
ORD0002583,CUST000755,SELL0555,2026-05-19,16:37:29,2026-05-21,2026-05-23,3259.65,Cash on Delivery,Delivered,,Noida,iOS,Beauty
ORD0002584,CUST000980,SELL0629,2026-05-25,16:29:59,2026-05-31,,29968.07,Bank Transfer,Processing,Warehouse Delay,Ahmedabad,Android,Mobiles
ORD0002585,CUST000026,SELL0411,2026-05-08,16:41:41,2026-05-11,2026-05-16,37675.71,Bank Transfer,Delayed,Seller Dispatch Delay,Chennai,Mobile Web,Mobiles
ORD0002586,CUST000956,SELL0021,2026-06-12,11:39:40,2026-06-16,,16762.62,Card,Lost,Package Lost,Jaipur,Android,Furniture
ORD0002587,CUST000319,SELL0846,2026-06-14,06:28:01,2026-06-16,2026-06-16,15046.65,Cash on Delivery,Delivered,,Chennai,Web,Furniture
ORD0002588,CUST000056,SELL0212,2026-05-26,21:56:43,2026-05-31,,44766.74,Cash on Delivery,Cancelled,Payment Failed,Coimbatore,Mobile Web,Electronics
ORD0002589,CUST000670,SELL0801,2026-05-31,23:15:32,2026-06-05,2026-06-05,40279.04,Card,Delivered,,Lucknow,Android,Fashion
ORD0002590,CUST000767,SELL0551,2026-05-13,08:14:38,2026-05-17,2026-05-26,50614.88,Wallet,Returned,Customer Return,Noida,Mobile Web,Fashion
ORD0002591,CUST001162,SELL0401,2026-05-08,19:35:11,2026-05-13,2026-05-13,34029.63,Wallet,Delivered,,Kolkata,Android,Furniture
ORD0002592,CUST000488,SELL0489,2026-05-11,10:31:07,2026-05-16,,51899.34,Card,Processing,Seller Dispatch Pending,Jaipur,Web,Beauty
ORD0002593,CUST000453,SELL0691,2026-06-07,04:48:16,2026-06-09,,24325.56,Cash on Delivery,Cancelled,Payment Failed,Nagpur,Mobile Web,Fashion
ORD0002594,CUST000887,SELL0599,2026-05-08,19:14:32,2026-05-11,2026-05-13,49909.83,Cash on Delivery,Returned,Customer Return,Kochi,Mobile Web,Beauty
ORD0002595,CUST000462,SELL0561,2026-06-06,05:20:22,2026-06-08,2026-06-08,19866.26,UPI,DELIVERED,,Bengaluru,iOS,Furniture
ORD0002596,CUST001073,SELL0448,2026-05-25,07:40:28,2026-05-27,2026-05-28,47628.18,Cash on Delivery,Delivered,,Chennai,Mobile Web,Electronics
ORD0002597,CUST001105,SELL0143,2026-05-12,12:45:55,2026-05-17,2026-05-17,35832.28,Cash on Delivery,Delivered,,Coimbatore,Web,Fashion
ORD0002598,CUST000635,SELL0342,2026-06-01,18:06:15,2026-06-03,2026-06-02,47454.99,Bank Transfer,Delivered,,Lucknow,Web,Beauty
ORD0002599,CUST001018,SELL0405,2026-05-31,02:56:04,2026-06-02,2026-06-04,62979.66,Wallet,Delayed,Address Issue,Kochi,iOS,Fashion
ORD0002600,CUST000845,SELL0972,2026-05-12,21:51:06,2026-05-14,,63786.63,Bank Transfer,Cancelled,Customer Cancelled,Delhi,Mobile Web,Sports
ORD0002601,CUST001069,SELL0346,2026-05-07,21:08:10,2026-05-09,2026-05-09,14621.35,Card,Delivered,,Lucknow,Mobile Web,Furniture
ORD0002602,CUST000995,SELL0643,2026-05-01,11:10:29,2026-05-05,2026-05-07,64060.61,Bank Transfer,Delayed,Seller Dispatch Delay,Jaipur,Mobile Web,Home
ORD0002603,CUST000696,SELL0079,2026-05-18,23:53:28,2026-05-21,2026-05-23,42507.64,Bank Transfer,Delivered,,Lucknow,Mobile Web,Beauty
ORD0002604,CUST000366,SELL0528,2026-05-03,03:23:02,2026-05-08,2026-05-15,14090.95,UPI,Delayed,Weather Delay,Coimbatore,Web,Appliances
ORD0002605,CUST000677,SELL0794,2026-05-15,08:25:24,2026-05-18,,46525.93,Card,Cancelled,Seller Cancelled,Ahmedabad,Android,Furniture
ORD0002606,CUST000148,SELL0965,2026-05-16,01:56:08,2026-05-19,,30418.94,UPI,PROCESSING,Warehouse Delay,Nagpur,iOS,Books
ORD0002607,CUST000388,SELL0100,2026-05-07,21:21:07,2026-05-12,2026-05-14,62745.94,UPI,Delivered,,Pune,Android,Sports
ORD0002608,CUST000213,SELL0739,2026-06-04,17:17:54,2026-06-08,2026-06-07,6583.96,Wallet,Delivered,,Jaipur,Mobile Web,Appliances
ORD0002609,CUST000944,SELL0572,2026-05-23,17:34:12,2026-05-25,2026-06-01,52194.99,UPI,Refund Pending,Payment Hold,Pune,iOS,Home
ORD0002610,CUST000434,SELL0074,2026-05-11,23:54:34,2026-05-18,2026-05-25,27760.85,Card,Delayed,Last Mile Capacity,Delhi,Mobile Web,Mobiles
ORD0002611,CUST000396,SELL0988,2026-05-30,14:58:56,2026-06-02,2026-06-01,64143.69,UPI,Delivered,,Bengaluru,Web,Furniture
ORD0002612,CUST000978,SELL0085,2026-05-08,17:11:30,2026-05-13,2026-05-13,15518.97,Cash on Delivery,Delivered,,Gurugram,Web,Grocery
ORD0002613,CUST001196,SELL0921,2026-06-14,22:44:32,2026-06-16,2026-06-21,43826.74,Card,Delayed,Weather Delay,Pune,Web,Grocery
ORD0002614,CUST000453,SELL0349,2026-06-09,18:27:06,2026-06-15,2026-06-14,40806.52,Bank Transfer,Delivered,,Delhi,Android,Fashion
ORD0002615,CUST001190,SELL0823,2026-05-22,17:29:43,2026-05-25,2026-05-25,511.39,UPI,Returned,Size Issue,Hyderabad,Android,Sports
ORD0002616,CUST000558,SELL0796,2026-06-06,05:06:37,2026-06-10,2026-06-10,55197.41,Cash on Delivery,Delivered,,Indore,Android,Grocery
ORD0002617,CUST000891,SELL0115,2026-06-11,03:26:56,2026-06-13,2026-06-13,14093.14,Card,Delivered,,Indore,Mobile Web,Appliances
ORD0002618,CUST001191,SELL0796,2026-06-11,10:03:26,2026-06-16,2026-06-19,18107.5,UPI,Returned,Wrong Item,Noida,Android,Grocery
ORD0002619,CUST001116,SELL0471,2026-05-14,23:15:25,2026-05-18,2026-05-26,2127.16,Bank Transfer, Returned ,Wrong Item,Jaipur,Android,Electronics
ORD0002620,CUST000060,SELL0305,2026-05-10,21:53:24,2026-05-13,2026-05-13,64039.21,Bank Transfer,Delivered,,Delhi,iOS,Fashion
ORD0002621,CUST000943,SELL0018,2026-06-13,01:09:15,2026-06-16,2026-06-16,63291.31,UPI,Delivered,,Ahmedabad,iOS,Beauty
ORD0002622,CUSTX972988,SELLX9968,2026-05-08,11:15:14,2026-05-14,2026-05-13,8523.37,Bank Transfer,Delivered,,Mumbai,Web,Books
ORD0002623,CUST000136,SELL0829,2026-05-24,09:09:06,2026-05-28,2026-06-01,18436.32,Wallet,Returned,Size Issue,Hyderabad,Mobile Web,Appliances
ORD0002624,CUST000135,SELL0888,2026-05-09,05:55:41,2026-05-14,,58828.5,Cash on Delivery,Cancelled,Seller Cancelled,Mumbai,Mobile Web,Home
ORD0002625,CUST000427,SELL0796,2026-06-02,18:36:41,2026-06-07,2026-06-06,4173.99,Card,Delivered,,Gurugram,Android,Grocery
ORD0002626,CUST000036,SELL0689,2026-06-06,22:39:43,2026-06-10,2026-06-10,47218.88,Wallet,Delivered,,Bengaluru,iOS,Books
ORD0002627,CUST000539,SELL0310,2026-05-10,11:39:54,2026-05-13,2026-05-14,4271.6,Bank Transfer,Returned,Size Issue,Nagpur,Android,Fashion
ORD0002628,CUST000666,SELL0350,2026-05-12,12:19:32,2026-05-17,,17133.7,Cash on Delivery,Processing,Address Verification,Gurugram,Mobile Web,Furniture
ORD0002629,CUST000627,SELL0948,2026-06-02,06:26:59,2026-06-08,2026-06-19,41957.06,Card,Delayed,Last Mile Capacity,Indore,Android,Home
ORD0002630,CUST000516,SELL0013,2026-05-25,21:39:58,2026-05-27,2026-05-27,48268.6,UPI,Delivered,,Nagpur,Android,Appliances
ORD0002631,CUST000615,SELL0324,2026-05-07,08:04:33,2026-05-11,2026-05-18,28193.36,Wallet,Refund Pending,Refund Awaited,Ahmedabad,Web,Fashion
ORD0002632,CUST000913,SELL0150,2026-06-01,01:43:44,2026-06-04,2026-06-02,8690.14,Cash on Delivery,Delivered,,Jaipur,Mobile Web,Books
ORD0002633,CUST000917,SELL0532,2026-05-09,14:06:15,2026-05-14,2026-05-14,50199.31,Card,Delivered,,Hyderabad,Web,Sports
ORD0002634,CUST000140,SELL0724,2026-05-04,11:38:59,2026-05-11,2026-05-11,64589.54,Cash on Delivery,Delivered,,Bengaluru,iOS,Grocery
ORD0002635,CUST000031,SELL0719,2026-05-12,23:45:16,2026-05-15,2026-05-14,27447.83,UPI,Delivered,,Lucknow,iOS,Beauty
ORD0002636,CUST000204,SELL0682,2026-05-28,10:24:07,2026-06-03,2026-06-13,1007.45,UPI,Delayed,Seller Dispatch Delay,Kochi,Android,Fashion
ORD0002637,CUST000975,SELL0856,2026-05-20,10:09:31,2026-05-26,2026-05-26,21681.85,UPI,Delivered,,Ahmedabad,Mobile Web,Grocery
ORD0002638,CUST000797,SELL0848,2026-05-02,18:34:43,2026-05-09,2026-05-07,40195.1,Cash on Delivery,Delivered,,Gurugram,Android,Electronics
ORD0002639,CUST000521,SELL0379,2026-05-29,07:47:21,2026-06-02,,16209.72,Bank Transfer,Cancelled,Seller Cancelled,Nagpur,Android,Sports
ORD0002640,CUST000205,SELL0627,2026-05-21,14:05:02,2026-05-23,,15831.85,Wallet,Processing,Seller Dispatch Pending,Coimbatore,Android,Mobiles
ORD0002641,CUST000298,SELL0660,2026-05-06,14:30:20,2026-05-11,,2715.65,UPI,Cancelled,Payment Failed,Kochi,Web,Books
ORD0002642,CUST000420,SELL0189,2026-05-03,13:42:43,2026-05-05,,27829.46,Cash on Delivery,Cancelled,Payment Failed,Mumbai,Android,Fashion
ORD0002643,CUST000625,SELL0637,2026-05-03,17:55:21,2026-05-05,2026-05-07,16082.27,Cash on Delivery,Delayed,Address Issue,Delhi,Android,Furniture
ORD0002644,CUST000488,SELL0657,2026-06-12,10:26:36,2026-06-15,2026-06-16,27845.88,CASH ON DELIVERY,Refund Pending,Refund Awaited,Noida,Mobile Web,Mobiles
ORD0002645,CUST000342,SELL0786,2026-05-28,17:06:48,2026-06-03,,54176.19,Bank Transfer,Processing,Seller Dispatch Pending,Pune,iOS,Grocery
ORD0002646,CUST000321,SELL0568,2026-06-03,00:26:30,2026-06-10,,3978.12,Wallet,Processing,Address Verification,Pune,iOS,Electronics
ORD0002647,CUST000946,SELL0055,2026-06-03,18:29:04,2026-06-09,,61568.59,Wallet,Processing,Warehouse Delay,Indore,Web,Sports
ORD0002648,CUST001067,SELL0999,2026-05-29,02:54:23,2026-06-03,,38057.22,Bank Transfer,Cancelled,Seller Cancelled,Chennai,iOS,Fashion
ORD0002649,CUST000713,SELL0347,2026-06-13,09:35:14,2026-06-19,2026-06-19,14217.34,UPI,Delivered,,Noida,Mobile Web,Grocery
ORD0002650,CUST000527,SELL0792,2026-06-07,06:44:52,2026-06-14,2026-06-15,43125.42,UPI,Refund Pending,Return Pickup Pending,Jaipur,Web,Books
ORD0002651,CUST000102,SELL0072,2026-05-18,17:37:11,2026-05-23,2026-05-23,62711.75,Bank Transfer,Delivered,, NOIDA ,Web,Home
ORD0002652,CUST000504,SELL0150,2026-05-29,03:40:06,2026-05-31,2026-06-08,32559.4,Wallet,Delayed,Weather Delay,Coimbatore,Android,Books
ORD0002653,CUST000194,SELL0323,2026-06-13,23:06:09,,2026-06-16,1268.55,Cash on Delivery,Delivered,,Coimbatore,Web,Electronics
ORD0002654,CUST000733,SELL0052,2026-05-14,18:23:40,2026-05-21,2026-05-21,27016.16,Card,Delivered,,Nagpur,Android,Home
ORD0002655,CUST000604,SELL0090,2026-05-11,11:32:02,2026-05-13,2026-05-13,31089.75,Bank Transfer,Delivered,,Mumbai,Android,Grocery
ORD0002656,CUST000473,SELL0683,2026-05-24,23:47:39,2026-05-28,2026-05-27,30192.99,Card,Delivered,,Delhi,Android,Books
ORD0002657,CUST000570,SELL0414,2026-06-01,07:38:15,2026-06-07,2026-06-15,42962.28,Card,Delayed,Weather Delay,Delhi,iOS,Beauty
ORD0002658,CUST000741,SELL0641,2026-05-24,12:07:11,2026-05-28,2026-06-01,63475.4,Wallet,Delayed,Weather Delay,Noida,Mobile Web,Electronics
ORD0002659,CUST000729,SELL0184,2026-06-06,09:45:40,2026-06-10,2026-06-17,49418.06,UPI,Delayed,Seller Dispatch Delay,Bengaluru,Web,Home
ORD0002660,CUST000519,SELL0528,2026-05-16,17:45:40,2026-05-19,2026-05-18,56800.18,Wallet,Delivered,,Noida,Web,Appliances
ORD0002661,CUST000366,SELL0152,2026-05-15,08:18:38,2026-05-20,2026-05-18,51396.41,UPI,Delivered,,Coimbatore,iOS,Furniture
ORD0002662,CUST000846,SELL0818,2026-05-03,20:18:52,2026-05-06,,13175.22,Cash on Delivery,Processing,Seller Dispatch Pending,Noida,Android,Grocery
ORD0002663,CUST000685,SELL0376,2026-05-18,16:22:51,2026-05-21,2026-05-21,51751.95,UPI,Delivered,,Gurugram,Mobile Web,Home
ORD0002664,CUST001172,SELL0803,2026-05-07,23:31:45,2026-05-09,2026-05-11,17916.64,UPI,Refund Pending,Payment Hold,Gurugram,Web,Fashion
ORD0002665,CUST000855,SELL0110,2026-05-05,19:41:07,2026-05-09,2026-05-09,15934.15,Card,Delivered,,Lucknow,iOS,Grocery
ORD0002666,CUST001130,SELL0157,2026-06-13,19:45:13,2026-06-16,2026-06-18,9301.28,Wallet,Delayed,Weather Delay, BENGALURU ,Web,Home
ORD0002667,CUST000664,SELL0873,2026-06-14,06:17:45,2026-06-20,,63704.23,Bank Transfer,Cancelled,Customer Cancelled,Hyderabad,Mobile Web,Grocery
ORD0002668,CUST000130,SELL0603,2026-05-30,09:41:16,2026-06-01,2026-06-01,29031.48,Wallet,Delivered,,Hyderabad,Web,Books
ORD0002669,CUST000655,SELL0609,2026-05-14,21:08:32,2026-05-17,2026-05-18,37716.41,UPI,Delivered,,Coimbatore,Web,Appliances
ORD0002670,CUST000848,SELL0918,2026-05-09,09:10:55,2026-05-11,2026-05-11,51657.45,Cash on Delivery,Delivered,,Kochi,iOS,Sports
ORD0002671,CUSTX943967,SELL0205,2026-06-12,19:12:33,2026-06-15,2026-06-16,36525.55,Cash on Delivery,Delivered,,Kochi,Android,Books
ORD0002672,CUST000732,SELL0338,2026-06-03,19:46:21,2026-06-09,2026-06-09,19876.82,Cash on Delivery,Delivered,,Hyderabad,Mobile Web,Beauty
ORD0002673,CUST000978,SELL0580,2026-05-01,09:34:17,2026-05-03,2026-05-04,30973.63,UPI,Delivered,,Jaipur,iOS,Beauty
ORD0002674,CUST000536,SELL0622,2026-05-15,22:54:33,2026-05-17,2026-05-19,48992.11,Bank Transfer,Delivered,,Bengaluru,Android,Appliances
ORD0002675,CUST000667,SELL0239,2026-05-28,19:58:59,2026-05-30,2026-05-28,53526.77,Cash on Delivery,Delivered,,Hyderabad,Android,Appliances
ORD0002676,CUST000689,SELL0055,2026-05-03,21:17:29,2026-05-09,,23881.32,Cash on Delivery,Processing,Address Verification,Noida,Mobile Web,Sports
ORD0002677,CUST001173,SELL0596,2026-05-31,12:34:37,2026-06-05,2026-06-07,61858.73,UPI,Delivered,,Mumbai,Web,Home
ORD0002678,CUST001150,SELL0585,2026-05-31,16:54:45,2026-06-04,2026-06-06,25141.45,Card,Refund Pending,Refund Awaited,Gurugram,iOS,Fashion
ORD0002679,CUST000084,SELL0077,2026-06-02,21:56:20,2026-06-08,2026-06-09,55699.56,Cash on Delivery,Delivered,,Delhi,iOS,Beauty
ORD0002680,CUST000778,SELL0607,2026-05-30,09:53:22,2026-06-05,2026-06-14,21209.24,Cash on Delivery,Returned,Wrong Item,Chennai,Web,Electronics
ORD0002681,CUST000015,SELL0235,2026-06-04,09:15:46,2026-06-08,2026-06-09,14463.65,Card,Delivered,,Bengaluru,iOS,Furniture
ORD0002682,CUSTX965122,SELL0771,2026-05-05,05:54:16,2026-05-08,2026-05-07,25555.19,Card,Delivered,,Indore,iOS,Furniture
ORD0002683,CUST000601,SELL0828,2026-05-03,14:43:12,2026-05-09,2026-05-09,21254.26,Cash on Delivery,Delivered,,Kolkata,iOS,Sports
ORD0002684,CUST000026,SELL0215,2026-05-13,21:53:16,2026-05-17,2026-05-16,41044.84,UPI,Delivered,,Delhi,Mobile Web,Grocery
ORD0002685,CUST000967,SELL0876,2026-05-02,07:50:00,2026-05-08,2026-05-08,39891.7,UPI,Delivered,,Gurugram,iOS,Sports
ORD0002686,CUST000582,SELL0462,2026-05-30,16:28:16,2026-06-02,2026-05-31,20480.42,Card,Delivered,,Ahmedabad,iOS,Furniture
ORD0002687,CUST000018,SELL0553,2026-05-03,04:43:19,2026-05-09,,23047.07,Cash on Delivery,Processing,Seller Dispatch Pending,Kochi,Android,Sports
ORD0002688,CUST000042,SELL0065,2026-05-28,15:46:25,2026-06-02,,50720.15,Card,Processing,Address Verification,Jaipur,Web,Grocery
ORD0002689,CUST001103,SELL0815,2026-06-07,15:25:32,2026-06-13,2026-06-13,58830.63,UPI,Delivered,,Jaipur,Web,Grocery
ORD0002690,CUST000677,SELL0497,2026-05-11,20:17:04,2026-05-16,2026-05-15,26665.91,Wallet,Delivered,,Chennai,Web,Home
ORD0002691,CUST001178,SELL0488,2026-06-10,18:13:14,2026-06-15,2026-06-14,12990.69,Bank Transfer,Delivered,,Pune,Mobile Web,Appliances
ORD0002692,CUST000709,SELL0029,2026-06-08,23:53:43,2026-06-14,2026-06-14,22597.88,Card,Delivered,,Delhi,Web,Furniture
ORD0002693,CUST001168,SELL0073,2026-05-03,06:27:29,2026-05-06,2026-05-12,47379.37,Card,Refund Pending,Return Pickup Pending,Hyderabad,Mobile Web,Furniture
ORD0002694,CUST000060,SELL0441,2026-05-07,23:55:52,2026-05-10,,14080.03,Bank Transfer,Cancelled,Seller Cancelled,Kochi,Web,Appliances
ORD0002695,CUST000792,SELL0335,2026-05-14,08:39:04,2026-05-17,2026-05-16,46850.74,UPI,Delivered,,Pune,Web,Grocery
ORD0002696,CUST000519,SELL0477,2026-05-26,20:41:07,2026-05-31,,29820.04,Card,Lost,Package Lost,Noida,Web,Sports
ORD0002697,CUST000458,SELL0312,2026-06-11,14:39:18,2026-06-17,2026-06-17,38347.16,Wallet,Delivered,,Jaipur,Web,Fashion
ORD0002698,CUST000671,SELL0683,2026-05-17,23:33:37,2026-05-24,2026-05-27,19614.96,Wallet,Delayed,Last Mile Capacity,Jaipur,Android,Books
ORD0002699,CUST000022,SELL0892,2026-05-31,03:43:46,2026-06-04,,20837.12,Cash on Delivery,Cancelled,Customer Cancelled,Lucknow,Android,Grocery
ORD0002700,CUST000466,SELL0138,2026-05-13,16:51:39,2026-05-18,2026-05-19,47971.79,Cash on Delivery,Delivered,,Kolkata,Android,Books
ORD0002701,CUST001097,SELL0760,2026-05-30,15:43:21,2026-06-01,2026-06-01,49533.46,UPI,Delivered,,Delhi,Android,Beauty
ORD0002702,CUST000019,SELL0922,2026-05-10,20:55:10,2026-05-17,2026-05-17,25655.2,Cash on Delivery,Delivered,,Chennai,iOS,Mobiles
ORD0002703,CUST000278,SELL0341,2026-05-26,15:06:32,2026-05-31,,49866.19,Card,Processing,Address Verification,Nagpur,Web,Fashion
ORD0002704,CUST000508,SELL0467,2026-05-15,03:38:52,2026-05-22,2026-05-28,57346.47,Wallet,Refund Pending,Return Pickup Pending,Coimbatore,Web,Mobiles
ORD0002705,CUST000619,SELL0872,2026-05-29,20:11:21,2026-06-03,2026-06-03,57127.87,Cash on Delivery,Delivered,,Gurugram,Mobile Web,Fashion
ORD0002706,CUST000085,SELL0606,2026-05-18,03:53:18,2026-05-20,,35605.33,Wallet,Processing,Warehouse Delay,Lucknow,Android,Appliances
ORD0002707,CUST000269,SELL0143,2026-05-08,03:33:08,2026-05-10,2026-05-11,25761.91,Card,Delivered,,Jaipur,Android,Fashion
ORD0002708,CUST000814,SELL0218,2026-05-04,17:19:17,2026-05-07,2026-05-07,29823.85,Bank Transfer,Delivered,,Coimbatore,Android,Fashion
ORD0002709,CUST000844,SELL0848,2026-05-07,03:22:49,2026-05-12,2026-05-14,12714.87,Bank Transfer,Refund Pending,Return Pickup Pending,Mumbai,Mobile Web,Electronics
ORD0002710,CUST000359,SELL0350,2026-06-03,11:30:20,2026-06-09,2026-06-09,29491.43,Card,Delivered,,Gurugram,Android,Furniture
ORD0002711,CUST000584,SELL0776,2026-06-03,12:26:25,2026-06-06,2026-06-09,14606.97,Wallet,returned,Damaged Item,Mumbai,Mobile Web,Grocery
ORD0002712,CUST000220,SELL0961,2026-05-03,00:23:51,2026-05-10,2026-05-10,45218.96, Cash on Delivery ,Delivered,,Mumbai,Web,Electronics
ORD0002713,CUST000237,SELL0076,2026-05-04,22:57:36,2026-05-10,2026-05-09,2262.59,UPI,Delivered,,Gurugram,Web,Beauty
ORD0002714,CUST001129,SELL0930,2026-05-01,17:41:54,2026-05-04,2026-05-05,35190.69,Cash on Delivery,Refund Pending,Return Pickup Pending,Indore,Web,Fashion
ORD0002715,CUST000137,SELL0553,2026-05-22,20:17:32,2026-05-26,2026-06-01,10123.28,UPI,Delayed,Weather Delay,Delhi,Web,Sports
ORD0002716,CUST000211,SELL0848,2026-05-15,08:32:28,2026-05-20,2026-05-21,18707.63,Wallet,Delivered,,Gurugram,Android,Electronics
ORD0002717,CUST001198,SELL0838,2026-05-08,14:53:56,2026-05-13,2026-05-16,24555.11,Wallet,Returned,Wrong Item,Mumbai,Mobile Web,Beauty
ORD0002718,CUST001091,SELL0637,2026-06-07,15:35:22,2026-06-14,2026-06-14,28189.62,Bank Transfer,Delivered,,Gurugram,Web,Furniture
ORD0002719,CUST000068,SELL0012,2026-05-10,01:52:46,2026-05-13,2026-05-14,19577.95,UPI,Delivered,,Mumbai,Android,Fashion
ORD0002720,CUST000300,SELL0413,2026-06-10,07:27:11,2026-06-12,2026-06-14,11355.23,UPI, Delivered ,,Jaipur,Mobile Web,Grocery
ORD0002721,CUST000376,SELL0284,2026-06-11,13:11:08,2026-06-17,2026-06-17,7762.95,UPI,Delivered,,Pune,Mobile Web,Mobiles
ORD0002722,CUST000197,SELL0859,2026-05-28,06:42:59,2026-06-02,2026-06-06,38453.59, Bank Transfer ,Delayed,Address Issue,Mumbai,Mobile Web,Home
ORD0002723,CUST001172,SELL0694,2026-05-28,01:54:45,2026-06-03,2026-06-08,48850.51,Wallet,Refund Pending,Refund Awaited,Delhi,iOS,Fashion
ORD0002724,CUST000507,SELL0112,2026-05-28,20:59:02,2026-06-04,2026-06-05,39360.66,Card,Delivered,,Coimbatore,Mobile Web,Sports
ORD0002725,CUST000820,SELL0188,2026-05-05,06:13:45,2026-05-09,2026-05-09,18659.24,Cash on Delivery,Delivered,,Gurugram,iOS,Sports
ORD0002726,CUST001119,SELL0639,2026-05-07,06:28:43,2026-05-12,2026-05-15,52676.63,UPI,Delayed,Seller Dispatch Delay,Lucknow,Android,Sports
ORD0002727,CUST000941,SELL0156,2026-05-25,13:22:01,2026-05-29,2026-06-01,42855.29,Wallet,Returned,Size Issue,Chennai,iOS,Furniture
ORD0002728,CUST000929,SELL0019,2026-05-21,11:03:54,2026-05-25,2026-06-01,46543.59,Wallet,Returned,Wrong Item,Indore,Mobile Web,Books
ORD0002729,CUST000370,SELL0635,2026-05-01,22:32:46,2026-05-03,2026-05-03,24256.18,Cash on Delivery,Delivered,,Pune,Web,Furniture
ORD0002730,CUST001034,SELL0728,2026-05-06,14:37:01,2026-05-11,2026-05-09,31943.54,Cash on Delivery,Delivered,,Mumbai,Android,Fashion
ORD0002731,CUST000393,SELL0921,2026-06-05,21:48:31,2026-06-08,2026-06-08,35977.99,Wallet,Delivered,, MUMBAI ,Web,Grocery
ORD0002732,CUST000220,SELL0351,2026-05-02,12:24:01,2026-05-05,2026-05-08,26033.37,Card,Delayed,Seller Dispatch Delay,Noida,Android,Electronics
ORD0002733,CUST000544,SELL0135,2026-05-17,23:20:15,2026-05-23,,26674.47,Wallet,Processing,Address Verification,Lucknow,iOS,Grocery
ORD0002734,CUST000776,SELL0525,2026-06-01,04:30:13,2026-06-07,2026-06-12,2306.8,UPI,Refund Pending,Refund Awaited,Delhi,Mobile Web,Sports
ORD0002735,CUST000320,SELL0100,2026-05-09,17:57:03,2026-05-12,,60870.11,Bank Transfer,Processing,Seller Dispatch Pending,Kochi,Web,Sports
ORD0002736,CUST000374,SELL0559,2026-05-14,21:40:48,2026-05-19,2026-05-18,31435.79,Bank Transfer,Delivered,,Noida,Web,Mobiles
ORD0002737,CUST001145,SELL0838,2026-05-18,07:55:39,2026-05-24,2026-05-23,15165.82,UPI,Delivered,,Lucknow,Mobile Web,Beauty
ORD0002738,CUST000080,SELL0373,2026-05-02,04:34:26,2026-05-04,2026-05-04,33927.33,Cash on Delivery,Delivered,,Hyderabad,Android,Furniture
ORD0002739,CUST000328,SELL0670,2026-05-16,20:40:28,2026-05-23,,12796.09,Card,Processing,Warehouse Delay,Nagpur,Android,Electronics
ORD0002740,CUST000566,SELL0280,2026-05-24,01:04:52,2026-05-29,2026-06-04,54505.35,UPI,Delayed,Courier Delay, NAGPUR ,Web,Mobiles
ORD0002741,CUST000068,SELL0404,2026-05-18,04:07:56,2026-05-20,2026-05-29,57361.68,UPI,Returned,Size Issue,Kochi,iOS,Mobiles
ORD0002742,CUST000208,SELL0397,2026-05-10,23:40:09,2026-05-13,2026-05-19,21687.89,Cash on Delivery,Delayed,Weather Delay,Pune,Mobile Web,Appliances
ORD0002743,CUST000314,SELL0657,2026-06-08,07:11:36,2026-06-12,,36602.22,UPI,Processing,Address Verification,Hyderabad,Mobile Web,Mobiles
ORD0002744,CUST000573,SELL0554,2026-05-11,05:27:10,2026-05-16,,55400.4,Wallet,Cancelled,Payment Failed,Pune,iOS,Sports
ORD0002745,CUST000539,SELL0009,2026-06-01,02:10:45,2026-06-07,2026-06-08,27779.14,Card,Delivered,,Coimbatore,iOS,Electronics
ORD0002746,CUST000670,SELL0881,2026-05-05,21:04:54,2026-05-10,2026-05-16,18368.4,Bank Transfer,Delayed,Weather Delay,Kolkata,iOS,Electronics
ORD0002747,CUST001199,SELL0444,2026-06-06,10:46:42,2026-06-10,,14634.17,UPI,Processing,Seller Dispatch Pending,Delhi,iOS,Home
ORD0002748,CUST000680,SELL0766,2026-05-20,21:12:27,2026-05-24,2026-05-24,41636.96,Wallet,Delivered,,Indore,Mobile Web,Books
ORD0002749,CUST000931,SELL0987,2026-06-03,20:21:46,2026-06-08,2026-06-07,57479.39,Bank Transfer,Delivered,,Coimbatore,iOS,Mobiles
ORD0002750,CUST000704,SELL0917,2026-05-05,10:36:27,2026-05-08,,5961.26,Bank Transfer,processing,Seller Dispatch Pending,Hyderabad,Android,Home
ORD0002751,CUST000486,SELL0502,2026-06-01,21:43:32,2026-06-04,2026-06-04,32384.83,Wallet,Delivered,,Hyderabad,Android,Home
ORD0002752,CUST001136,SELL0762,2026-05-10,16:27:55,,,15687.97,UPI,Processing,Address Verification,Kolkata,Android,Mobiles
ORD0002753,CUST000238,SELL0753,2026-06-06,15:10:40,2026-06-08,2026-06-07,28290.1,Wallet,Delivered,,Nagpur,Web,Grocery
ORD0002754,CUST000089,SELL0252,2026-05-05,01:23:54,2026-05-12,,57151.43,Cash on Delivery,Processing,Warehouse Delay,Delhi,Mobile Web,Appliances
ORD0002755,CUST000680,SELL0829,2026-05-19,12:59:14,2026-05-21,2026-05-20,49465.33,Cash on Delivery,Delivered,, AHMEDABAD ,Mobile Web,Appliances
ORD0002756,CUST000324,SELL0311,2026-05-24,03:23:26,2026-05-28,2026-05-27,32537.32,Bank Transfer,Delivered,,Gurugram,iOS,Fashion
ORD0002757,CUST000386,SELL0709,2026-05-18,07:49:31,2026-05-24,2026-05-25,49402.87,UPI,Delivered,,Mumbai,iOS,Books
ORD0002758,CUST000725,SELL0915,2026-05-12,22:55:37,2026-05-18,2026-05-18,10694.9,Cash on Delivery,Delivered,,Mumbai,iOS,Sports
ORD0002759,CUST000734,SELL0815,2026-05-08,20:38:49,2026-05-13,,7892.03,Cash on Delivery,Cancelled,Seller Cancelled,Ahmedabad,iOS,Grocery
ORD0002760,CUST000707,SELL0221,2026-05-25,10:23:42,2026-05-30,2026-06-08,12540.47,UPI,Returned,Damaged Item,Nagpur,Android,Sports
ORD0002761,CUST000908,SELL0253,2026-05-13,20:30:51,2026-05-18,2026-05-16,25957.16,UPI,Delivered,,Coimbatore,Mobile Web,Beauty
ORD0002762,CUST000761,SELL0148,2026-06-02,18:22:22,2026-06-08,2026-06-08,31814.45,Card,Delivered,,Coimbatore,Mobile Web,Home
ORD0002763,CUST000736,SELL0901,2026-05-22,11:40:17,2026-05-29,2026-05-29,2120.94,UPI,Delivered,,Kochi,iOS,Sports
ORD0002764,CUST000200,SELL0273,2026-06-06,19:41:12,2026-06-10,2026-06-15,31082.75,Bank Transfer,Delayed,Last Mile Capacity,Mumbai,Mobile Web,Fashion
ORD0002765,CUST001078,SELL0911,2026-05-06,06:34:58,2026-05-09,2026-05-11,37414.77,UPI,Delayed,Weather Delay,Nagpur,Mobile Web,Books
ORD0002766,CUST000097,SELL0202,2026-06-14,00:18:05,2026-06-21,2026-06-21,8998.66,Card,Delivered,,Indore,Mobile Web,Appliances
ORD0002767,CUST000318,SELL0267,2026-05-11,06:55:48,2026-05-16,2026-05-14,42781.54,Cash on Delivery,Delivered,,Nagpur,iOS,Sports
ORD0002768,CUST000605,SELL0130,2026-05-23,17:56:26,2026-05-29,2026-05-28,55258.52,UPI,Delivered,,Gurugram,iOS,Mobiles
ORD0002769,CUST000085,SELL0235,2026-06-02,04:43:22,2026-06-07,2026-06-10,8406.67,UPI,Delayed,Weather Delay,Mumbai,Mobile Web,Furniture
ORD0002770,CUST000313,SELL0466,2026-06-04,22:51:33,2026-06-11,2026-06-11,46449.95,Wallet,Delivered,,Pune,Web,Books
ORD0002771,CUST000777,SELL0792,2026-05-04,13:39:10,2026-05-11,2026-05-16,31349.95,Card,Delayed,Address Issue,Noida,iOS,Books
ORD0002772,CUST000795,SELL0629,2026-05-07,19:13:35,2026-05-14,2026-05-13,21043.51,UPI,Delivered,,Chennai,Web,Mobiles
ORD0002773,CUSTX989711,SELL0631,2026-05-27,11:41:11,2026-06-03,2026-06-03,16520.94,Bank Transfer,Delivered,,Bengaluru,Mobile Web,Appliances
ORD0002774,CUST000958,SELL0255,2026-05-11,09:10:41,2026-05-13,2026-05-19,37677.73,Cash on Delivery,Refund Pending,Payment Hold,Kolkata,Mobile Web,Grocery
ORD0002775,CUST000933,SELL0184,2026-05-29,08:10:14,2026-06-02,2026-06-12,52943.53,UPI,Delayed,Last Mile Capacity,Gurugram,Web,Home
ORD0002776,CUST001129,SELL0577,2026-06-06,04:28:52,2026-06-11,2026-06-12,1009.17,Card,Returned,Wrong Item,Gurugram,Android,Sports
ORD0002777,CUST000105,SELL0861,2026-05-12,12:20:36,2026-05-16,2026-05-22,29991.6,Wallet,Returned,Damaged Item,Hyderabad,Android,Books
ORD0002778,CUST000617,SELL0408,2026-05-11,01:27:05,2026-05-17,2026-05-19,24414.46,Bank Transfer,Delivered,,Bengaluru,Android,Fashion
ORD0002779,CUST000332,SELL0841,2026-06-08,11:10:38,2026-06-11,2026-06-09,54699.53,Wallet,Delivered,,Nagpur,Web,Furniture
ORD0002780,CUST000276,SELL0199,2026-05-04,14:20:35,2026-05-11,2026-05-11,50786.92,Card,Delivered,,Indore,Web,Fashion
ORD0002781,CUST000719,SELL0119,2026-05-09,22:59:10,2026-05-15,2026-05-15,50653.6,Cash on Delivery,Delivered,,Kolkata,Android,Fashion
ORD0002782,CUST000481,SELL0843,2026-05-27,14:04:59,2026-05-29,2026-05-29,4005.32,UPI,Delivered,,Pune,Web,Electronics
ORD0002783,CUST000948,SELL0190,2026-05-24,04:37:25,2026-05-28,,45204.75,UPI,Cancelled,Customer Cancelled,Nagpur,Web,Fashion
ORD0002784,CUST000513,SELL0020,2026-06-08,08:47:21,2026-06-11,2026-06-11,6691.06,Bank Transfer,Delivered,,Delhi,Web,Appliances
ORD0002785,CUST000207,SELL0056,2026-06-12,13:46:08,2026-06-15,2026-06-14,45885.27,Cash on Delivery,Delivered,,Hyderabad,iOS,Books
ORD0002786,CUST001007,SELL0439,2026-05-30,18:41:34,2026-06-06,2026-06-06,38248.69,UPI,Delivered,,Nagpur,Mobile Web,Books
ORD0002787,CUST000495,SELL0588,2026-06-10,02:16:15,2026-06-14,2026-06-14,45566.69,UPI,Delivered,,Kolkata,Mobile Web,Appliances
ORD0002788,CUST001091,SELL0792,2026-05-04,13:17:36,2026-05-08,2026-05-08,41823.79,Cash on Delivery,Delivered,,Nagpur,Mobile Web,Books
ORD0002789,CUST000486,SELL0712,2026-05-27,08:04:57,2026-06-03,,25339.99,Card, Cancelled ,Seller Cancelled,Noida,Android,Sports
ORD0002790,CUST000789,SELL0798,2026-05-09,03:28:54,2026-05-12,,1176.65,UPI,Lost,Package Lost, COIMBATORE ,iOS,Books
ORD0002791,CUST000821,SELL0943,2026-06-09,20:24:27,2026-06-14,,49909.88,Cash on Delivery,Processing,Seller Dispatch Pending,Hyderabad,Web,Furniture
ORD0002792,CUST000110,SELL0505,2026-05-03,02:44:31,2026-05-06,2026-05-06,39700.78,Cash on Delivery,Delivered,,Hyderabad,Web,Grocery
ORD0002793,CUST000735,SELL0924,2026-05-03,11:12:25,2026-05-08,2026-05-09,27928.98,Wallet,Delivered,,Indore,iOS,Grocery
ORD0002794,CUST001075,SELL0781,2026-05-19,02:44:00,2026-05-24,,45238.28,Cash on Delivery,Processing,Address Verification,Chennai,iOS,Mobiles
ORD0002795,CUST001171,SELL0391,2026-05-29,09:13:09,2026-06-05,2026-06-09,32037.95,UPI,Delayed,Seller Dispatch Delay,Kolkata,Android,Books
ORD0002796,CUST001124,SELL0090,2026-06-07,12:00:31,2026-06-14,2026-06-12,13238.87,Bank Transfer,delivered,,Lucknow,Web,Grocery
ORD0002797,CUST000497,SELL0278,2026-05-10,22:46:18,2026-05-15,2026-05-13,43524.97,Card,Delivered,,Hyderabad,iOS,Appliances
ORD0002798,CUST000774,SELL0791,2026-05-19,19:18:38,2026-05-22,2026-05-30,25269.96,Wallet,Delayed,Seller Dispatch Delay,Chennai,iOS,Furniture
ORD0002799,CUST001152,SELL0423,2026-06-11,14:33:30,2026-06-16,2026-06-15,44698.48,Wallet,Delivered,,Kolkata,Web,Furniture
ORD0002800,CUST000392,SELL0793,2026-05-30,04:14:18,2026-06-05,2026-06-10,60390.91,UPI,Returned,Damaged Item,Chennai,Android,Mobiles
ORD0002801,CUST000279,SELL0853,2026-05-15,17:58:47,2026-05-20,2026-05-23,56785.29,Card,Delayed,Address Issue,Delhi,Mobile Web,Beauty
ORD0002802,CUST000972,SELL0788,2026-05-22,05:19:48,2026-05-29,2026-05-29,48713.95,Wallet,Delivered,,Indore,Android,Home
ORD0002803,CUST001148,SELL0053,2026-06-10,21:16:40,2026-06-13,2026-06-13,20921.43,Cash on Delivery,Delivered,,Jaipur,Android,Sports
ORD0002804,CUST000804,SELL0393,2026-05-18,22:40:35,2026-05-25,,30478.64,Card,Processing,Warehouse Delay,Kochi,Android,Appliances
ORD0002805,CUST000548,SELL0748,2026-06-12,23:39:34,2026-06-16,2026-06-18,40321.63,Cash on Delivery,Refund Pending,Payment Hold,Noida,Web,Fashion
ORD0002806,CUST000739,SELLX9789,2026-05-04,22:33:42,2026-05-06,2026-05-12,27931.12,Bank Transfer,Delayed,Seller Dispatch Delay,Kochi,iOS,Beauty
ORD0002807,CUST000209,SELL0766,2026-05-30,03:19:30,2026-06-02,2026-06-03,37664.08,Card,Delivered,,Ahmedabad,Mobile Web,Books
ORD0002808,CUST000319,SELL0275,2026-05-11,08:12:28,2026-05-17,2026-05-17,57266.67,Card,Delivered,,Hyderabad,iOS,Home
ORD0002809,CUST000900,SELL0510,2026-06-01,18:18:52,2026-06-05,2026-06-05,32100.04,UPI,Returned,Customer Return,Lucknow,Web,Books
ORD0002810,CUST000603,SELL0665,2026-05-27,11:24:19,2026-05-29,2026-06-06,46232.66,Cash on Delivery,Returned,Damaged Item,Coimbatore,Web,Fashion
ORD0002811,CUST000725,SELL0822,2026-05-16,19:47:11,2026-05-20,2026-05-21,27513.89,Card,Delivered,, BENGALURU ,Mobile Web,Home
ORD0002812,CUST000208,SELL0901,2026-05-15,11:01:18,2026-05-17,2026-05-16,23999.54,Cash on Delivery,Delivered,,Kochi,iOS,Sports
ORD0002813,CUST000356,SELL0617,2026-05-18,03:35:15,2026-05-25,,56830.56,Bank Transfer,Processing,Seller Dispatch Pending,Noida,Web,Electronics
ORD0002814,CUST000666,SELL0024,2026-05-25,04:00:52,2026-05-29,2026-05-29,33802.06,Bank Transfer,Delivered,,Bengaluru,Web,Fashion
ORD0002815,CUST001080,SELL0371,2026-06-10,10:05:59,2026-06-13,2026-06-13,51882.07,UPI,Delivered,,Gurugram,Web,Sports
ORD0002816,CUST000258,SELL0312,2026-05-23,14:38:05,2026-05-25,2026-05-25,51577.87,UPI,Delivered,,Noida,iOS,Fashion
ORD0002817,CUST000514,SELL0649,2026-06-08,20:41:12,2026-06-10,2026-06-12,9636.07,Wallet,Returned,Damaged Item,Indore,iOS,Fashion
ORD0002818,CUST000539,SELL0486,2026-05-07,02:20:56,2026-05-12,2026-05-14,29925.88,Wallet,Delayed,Last Mile Capacity,Kolkata,Mobile Web,Home
ORD0002819,CUST001143,SELL0408,2026-05-09,01:09:14,2026-05-14,2026-05-14,46210.85,Bank Transfer,Delivered,,Kochi,iOS,Fashion
ORD0002820,CUST000278,SELL0826,2026-06-05,07:32:45,2026-06-09,,59968.15,Cash on Delivery,Processing,Address Verification,Kochi,Web,Grocery
ORD0002821,CUST000085,SELL0296,2026-06-05,01:08:49,2026-06-08,2026-06-08,25910.06,Bank Transfer,Returned,Size Issue,Pune,iOS,Mobiles
ORD0002822,CUST000962,SELL0455,2026-05-12,06:49:11,2026-05-16,2026-05-15,2561.42,Wallet,Delivered,,Lucknow,Web,Beauty
ORD0002823,CUST000361,SELL0445,2026-06-12,09:31:12,2026-06-15,2026-06-13,38618.62,Bank Transfer,Delivered,,Chennai,Mobile Web,Home
ORD0002824,CUST001079,SELL0350,2026-05-28,13:50:18,2026-05-31,,15988.75,Wallet,Cancelled,Seller Cancelled,Delhi,Mobile Web,Furniture
ORD0002825,CUST000113,SELL0137,2026-05-06,13:22:29,2026-05-11,,12900.18,Cash on Delivery,Cancelled,Seller Cancelled,Ahmedabad,Web,Mobiles
ORD0002826,CUST000817,SELL0398,2026-06-12,11:37:59,2026-06-18,2026-06-18,36994.59,Card,Delivered,,Mumbai,Web,Appliances
ORD0002827,CUST000737,SELL0873,2026-06-02,09:13:51,2026-06-04,2026-06-06,50736.0,Card,Returned,Customer Return,Gurugram,Web,Grocery
ORD0002828,CUST000619,SELL0283,2026-05-26,15:19:14,2026-05-29,2026-05-31,43733.55,Wallet,Delivered,,Hyderabad,iOS,Home
ORD0002829,CUST000766,SELL0946,2026-05-29,19:53:44,2026-06-03,2026-06-03,42388.12,Card,Delivered,,Jaipur,Android,Home
ORD0001356,CUST001007,SELL0220,2026-06-07,07:52:54,2026-06-12,2026-06-12,3706.27,Cash on Delivery,Delivered,,Delhi,Android,Books
ORD0002831,CUST000459,SELL0029,2026-05-24,23:24:44,2026-05-30,2026-05-30,15796.7,Bank Transfer,Delivered,,Mumbai,Android,Furniture
ORD0002832,CUST000999,SELL0873,2026-05-10,13:55:16,2026-05-14,2026-05-12,42481.43,Cash on Delivery,Delivered,,Gurugram,Web,Grocery
ORD0002833,CUST000767,SELL0937,2026-05-05,15:17:20,2026-05-08,2026-05-08,11793.05,Bank Transfer,Delivered,,Noida,Web,Electronics
ORD0002834,CUST000833,SELL0972,2026-05-09,08:59:26,2026-05-15,2026-05-15,33336.91,UPI,Delivered,,Nagpur,Web,Sports
ORD0002835,CUST000253,SELL0534,2026-05-23,04:49:22,2026-05-27,2026-05-27,10931.81,Wallet,Delivered,,Nagpur,iOS,Home
ORD0002836,CUST001104,SELL0401,2026-05-17,19:30:57,2026-05-23,2026-05-22,6841.32,Bank Transfer,Delivered,,Bengaluru,iOS,Furniture
ORD0002837,CUST000805,SELL0860,2026-06-11,23:57:11,2026-06-17,2026-06-17,24159.83,Card,delivered,,Delhi,Android,Electronics
ORD0002838,CUST000332,SELL0483,2026-05-30,14:08:23,2026-06-03,2026-06-04,28071.04,Card,Delivered,,Pune,Web,Appliances
ORD0002839,CUST000153,SELL0277,2026-05-08,04:17:26,2026-05-12,2026-05-13,34383.05,Bank Transfer,Delivered,,Noida,Web,Beauty
ORD0002840,CUST000364,SELL0076,2026-05-18,17:09:54,2026-05-20,,48581.16,Cash on Delivery,Cancelled,Seller Cancelled,Nagpur,Web,Beauty
ORD0002841,CUST000813,SELL0131,2026-05-28,14:23:47,2026-06-04,,39753.78,Card,PROCESSING,Seller Dispatch Pending,Chennai,Web,Fashion
ORD0002842,CUST000331,SELL0491,2026-05-24,01:34:05,2026-05-26,2026-05-26,1579.57,UPI,Delivered,,Jaipur,Mobile Web,Beauty
ORD0002843,CUST000121,SELL0871,2026-06-02,11:23:59,2026-06-04,2026-06-04,34417.04,Bank Transfer,Delivered,,Kochi,iOS,Grocery
ORD0002844,CUST000869,SELL0243,2026-05-24,10:22:40,2026-05-29,2026-06-01,4573.14,Cash on Delivery,Returned,Wrong Item,Delhi,Mobile Web,Mobiles
ORD0002845,CUST000434,SELL0483,2026-05-11,06:47:10,2026-05-13,,64802.01,Card,Cancelled,Payment Failed,Chennai,Web,Appliances
ORD0002846,CUST000219,SELL0892,2026-06-13,03:10:05,2026-06-16,,11820.08,Wallet,Cancelled,Payment Failed,Chennai,Android,Grocery
ORD0002847,CUST000936,SELL0655,2026-05-21,18:46:05,2026-05-24,2026-06-03,45092.13,Wallet,Delayed,Last Mile Capacity,Coimbatore,Web,Mobiles
ORD0002848,CUST001101,SELL0256,2026-05-31,20:10:03,2026-06-03,2026-06-03,59966.66,Wallet,Returned,Wrong Item,Ahmedabad,Android,Furniture
ORD0002849,CUST000897,SELL0557,2026-05-15,14:16:32,2026-05-18,2026-05-18,64667.89,Wallet,Delivered,,Jaipur,Android,Books
ORD0002850,CUST000712,SELL0225,2026-05-25,08:33:23,2026-05-30,2026-06-09,34236.7,Cash on Delivery,Delayed,Courier Delay,Delhi,Android,Fashion
ORD0002851,CUST000820,SELL0811,2026-05-21,16:44:35,2026-05-26,2026-05-26,60367.52,UPI,Delivered,,Chennai,Mobile Web,Furniture
ORD0002852,CUST001155,SELL0871,2026-05-06,10:31:30,2026-05-10,2026-05-17,527.31,Wallet,Returned,Wrong Item,Mumbai,Mobile Web,Grocery
ORD0002853,CUST001153,SELL0155,2026-05-15,13:27:09,2026-05-19,2026-05-19,44582.14,UPI,delivered,,Nagpur,Mobile Web,Furniture
ORD0002854,CUST000838,SELL0995,2026-05-24,16:14:19,2026-05-27,2026-05-28,6389.08,UPI,Delivered,,Coimbatore,iOS,Books
ORD0002855,CUST000095,SELL0409,2026-06-06,10:31:36,2026-06-10,2026-06-09,38374.89,Card,Delivered,, CHENNAI ,Web,Home
ORD0002856,CUST000864,SELL0843,2026-05-15,11:14:32,2026-05-21,,43195.49,Cash on Delivery,Processing,Address Verification,Kochi,Web,Electronics
ORD0002857,CUST000672,SELL0801,2026-05-21,17:48:23,2026-05-26,2026-05-26,13348.61,Card,Delivered,,Delhi,iOS,Fashion
ORD0002858,CUST001182,SELL0018,2026-05-22,06:56:09,2026-05-25,2026-06-03,23789.54,UPI,Returned,Damaged Item,Nagpur,iOS,Beauty
ORD0002859,CUST000953,SELL0897,2026-06-12,17:16:55,2026-06-17,,42876.6,Card,Cancelled,Customer Cancelled,Mumbai,Web,Home
ORD0002860,CUST000307,SELL0738,2026-06-02,07:01:15,2026-06-04,2026-06-11,19877.54,Wallet,Delayed,Address Issue,Mumbai,Web,Appliances
ORD0002861,CUST001046,SELL0857,2026-05-13,04:31:21,2026-05-15,,25292.5,Bank Transfer,Processing,Seller Dispatch Pending,Bengaluru,iOS,Beauty
ORD0002862,CUST000979,SELL0674,2026-05-24,08:14:04,2026-05-30,2026-05-29,6587.45, Wallet ,Delivered,,Mumbai,iOS,Sports
ORD0002863,CUST000905,SELL0899,2026-06-08,22:11:51,2026-06-15,2026-06-15,47047.38,Cash on Delivery,Delivered,,Noida,Mobile Web,Books
ORD0002864,CUST000916,SELL0395,2026-05-25,08:10:58,2026-05-29,2026-05-29,35620.9,Cash on Delivery,Delivered,,Pune,iOS,Fashion
ORD0002865,CUST000097,SELL0621,2026-05-27,08:22:43,2026-06-02,,36201.16,UPI,Cancelled,Payment Failed,Kochi,Web,Fashion
ORD0002866,CUST000396,SELL0029,2026-06-03,13:00:44,2026-06-08,2026-06-11,18740.27,Wallet,Delayed,Seller Dispatch Delay,Ahmedabad,Mobile Web,Furniture
ORD0002867,CUST000027,SELL0941,2026-06-07,23:09:14,2026-06-09,,47273.5,Bank Transfer,Processing,Address Verification,Chennai,Mobile Web,Mobiles
ORD0002868,CUST001065,SELL0784,2026-05-13,02:20:28,2026-05-17,2026-05-17,29352.73,Bank Transfer,Delivered,,Lucknow,Web,Electronics
ORD0002869,CUST000123,SELL0631,2026-05-27,23:04:17,2026-06-01,2026-06-01,20694.34,UPI,Delivered,,Coimbatore,Web,Appliances
ORD0002870,CUST000803,SELL0044,2026-06-10,21:59:29,2026-31-05,2026-06-12,7336.36,Wallet,Delivered,,Bengaluru,Mobile Web,Books
ORD0002871,CUST000020,SELL0185,2026-06-11,23:39:45,2026-06-17,,32582.41,Wallet,Processing,Seller Dispatch Pending,Hyderabad,Web,Beauty
ORD0002872,CUST000403,SELL0294,2026-06-08,15:58:27,2026-06-12,2026-06-16,5127.76,Card,Returned,Wrong Item,Bengaluru,Mobile Web,Home
ORD0002873,CUST000591,SELL0751,2026-05-23,18:29:07,2026-05-25,2026-05-26,19776.54,Bank Transfer,Delivered,,Jaipur,Web,Books
ORD0002874,CUST000301,SELL0268,2026-05-11,11:51:49,2026-05-13,2026-05-13,62867.57,Bank Transfer,Delivered,,Kochi,Mobile Web,Mobiles
ORD0002875,CUST000753,SELL0281,2026-05-14,14:57:22,2026-05-19,2026-05-27,18200.57,Wallet,Delayed,Courier Delay,Bengaluru,Android,Appliances
ORD0002876,CUST000965,SELL0808,2026-05-23,10:39:00,2026-05-30,2026-05-28,25324.04,UPI,Delivered,,Delhi,Web,Sports
ORD0002877,CUST000094,SELL0559,2026-05-30,09:57:41,2026-06-06,2026-06-10,32475.52,Card,Refund Pending,Return Pickup Pending,Hyderabad,Web,Mobiles
ORD0002878,CUST000062,SELL0084,2026-06-14,20:30:29,2026-06-21,,59747.43,UPI,Processing,Warehouse Delay,Nagpur,iOS,Appliances
ORD0002879,CUST001078,SELL0760,2026-05-15,18:41:58,2026-05-20,2026-05-19,44679.03,Card,Delivered,, DELHI ,Web,Beauty
ORD0002880,CUST000235,SELL0772,2026-06-12,11:59:10,2026-06-17,2026-06-20,49268.74,Bank Transfer,Returned,Size Issue,Indore,Web,Sports
ORD0002881,CUST000207,SELL0721,2026-05-18,10:01:15,2026-05-21,,61869.91,Wallet, Processing ,Warehouse Delay,Gurugram,Web,Books
ORD0002882,CUST000875,SELL0869,2026-05-05,21:39:49,2026-05-09,2026-05-09,,UPI,Delivered,,Delhi,Android,Beauty
ORD0002883,CUST000035,SELL0223,2026-06-05,19:33:08,2026-06-12,2026-06-11,19233.52,UPI,Delivered,,Hyderabad,iOS,Sports
ORD0002884,CUST000061,SELL0554,2026-05-26,11:22:40,2026-06-02,2026-06-13,51970.19,Bank Transfer,Delayed,Weather Delay,Indore,iOS,Sports
ORD0002885,CUST000446,SELL0893,2026-05-17,05:32:59,2026-05-20,2026-05-24,35200.51,Bank Transfer,Delayed,Weather Delay,Gurugram,Web,Furniture
ORD0002886,CUST001133,SELL0038,2026-06-10,06:34:50,2026-06-17,2026-06-23,35879.12,Bank Transfer,Delayed,Last Mile Capacity,Indore,iOS,Home
ORD0002887,CUST000445,SELL0419,2026-05-12,00:55:53,2026-05-19,2026-05-19,21517.8,Cash on Delivery,Delivered,,Noida,Mobile Web,Home
ORD0002888,CUST000923,SELL0675,2026-06-08,22:12:37,2026-06-12,2026-06-11,47165.27,Wallet,Delivered,,Kolkata,iOS,Grocery
ORD0002889,CUST001068,SELL0120,2026-05-06,18:27:44,2026-05-08,2026-05-17,42760.27,Wallet,Returned,Customer Return,Indore,iOS,Mobiles
ORD0002890,CUST000712,SELL0998,2026-05-08,09:17:58,2026-05-14,2026-05-13,19517.24,Bank Transfer,Delivered,,Nagpur,iOS,Electronics
ORD0000905,CUST000487,SELL0223,2026-06-06,16:39:39,2026-06-12,2026-06-12,23300.47,UPI,Delivered,,Delhi,iOS,Sports
ORD0002892,CUST000444,SELL0850,2026-05-29,20:19:57,2026-06-03,2026-06-03,61807.2,UPI,Delivered,,Gurugram,iOS,Sports
ORD0002893,CUST000146,SELL0552,2026-06-03,10:57:33,2026-06-10,2026-06-14,53701.13,Bank Transfer,Returned,Customer Return,Kochi,Web,Appliances
ORD0002894,CUST001193,SELL0077,2026-06-05,03:07:34,2026-06-08,2026-06-07,23584.99,Wallet,Delivered,,Gurugram,Web,Beauty
ORD0002895,CUST000803,SELL0109,2026-06-11,11:04:43,2026-06-17,2026-06-16,19609.19,Cash on Delivery,Delivered,,Kochi,Mobile Web,Grocery
ORD0002896,CUST000823,SELL0120,2026-06-08,02:55:13,2026-06-11,2026-06-12,41049.74,Bank Transfer,Delivered,,Mumbai,Mobile Web,Mobiles
ORD0002897,CUST001012,SELL0890,2026-05-29,14:38:31,2026-06-02,,11731.2,Card,Processing,Seller Dispatch Pending,Gurugram,Android,Fashion
ORD0002898,CUST000939,SELL0003,2026-05-09,19:00:54,2026-05-13,2026-05-14,28773.87,Card,Delivered,,Lucknow,Web,Home
ORD0002899,CUST000018,SELL0366,2026-06-09,05:59:41,2026-06-13,2026-06-12,50279.89,UPI,Delivered,,Indore,Mobile Web,Books
ORD0002900,CUST000684,SELL0689,2026-05-29,16:25:36,2026-06-05,,64958.37,UPI,Cancelled,Customer Cancelled,Pune,Web,Books
ORD0002901,CUST000003,SELL0681,2026-05-12,03:22:19,2026-05-14,,24496.13,Card,Cancelled,Customer Cancelled,Mumbai,Mobile Web,Electronics
ORD0002902,CUST000706,SELL0713,2026-06-11,11:50:03,2026-06-14,,15926.92,Cash on Delivery,Processing,Address Verification,Mumbai,iOS,Furniture
ORD0002903,CUST001122,SELL0763,2026-06-10,12:34:28,2026-06-13,2026-06-22,36928.53,Wallet,Delayed,Seller Dispatch Delay,Indore,iOS,Books
ORD0002904,CUST000094,SELL0251,2026-05-25,06:07:02,2026-06-01,2026-06-03,43504.8,wallet,Refund Pending,Return Pickup Pending,Noida,Web,Furniture
ORD0002905,CUST000738,SELL0054,2026-05-14,10:53:02,2026-05-20,2026-05-19,44158.82,UPI,Delivered,,Noida,iOS,Books
ORD0002906,CUST000751,SELL0875,2026-05-02,03:34:59,2026-05-06,2026-05-06,51255.79,Card,Delivered,,Indore,Web,Sports
ORD0002907,CUST000205,SELL0750,2026-06-13,16:46:21,2026-06-17,2026-06-17,55578.04,Wallet,Delivered,,Kolkata,iOS,Home
ORD0002908,CUSTX982447,SELL0611,2026-05-03,05:56:17,2026-05-09,,12687.78,Cash on Delivery,Cancelled,Seller Cancelled,Hyderabad,Android,Books
ORD0002909,CUST000614,SELL0696,2026-06-04,11:32:57,2026-06-06,2026-06-05,14312.57,Card,Delivered,,Delhi,iOS,Sports
ORD0002910,CUST000745,SELL0917,2026-05-31,16:30:42,2026-06-04,2026-06-09,14479.21,Cash on Delivery,Returned,Customer Return,Delhi,Mobile Web,Home
ORD0002911,CUST001173,SELL0875,2026-05-22,14:05:06,2026-05-27,2026-05-27,59406.55,UPI,Delivered,,Lucknow,iOS,Sports
ORD0002912,CUST000665,SELL0155,2026-05-09,14:15:26,2026-05-14,2026-05-20,18045.08,Wallet,Delayed,Last Mile Capacity,Delhi,Android,Furniture
ORD0002913,CUST000403,SELL0273,2026-05-01,21:28:53,2026-05-07,2026-05-12,48620.98,Wallet,Returned,Size Issue,Mumbai,Android,Fashion
ORD0002914,CUST000466,SELL0074,2026-05-14,20:46:58,2026-05-19,2026-05-23,16179.38,Bank Transfer,Delayed,Courier Delay,Delhi,iOS,Mobiles
ORD0002915,CUST000465,SELL0724,2026-05-06,22:13:19,2026-05-13,2026-05-23,54735.78,Wallet,Delayed,Last Mile Capacity,Mumbai,Web,Grocery
ORD0002916,CUST000545,SELL0864,2026-06-02,17:11:51,2026-06-04,2026-06-06,18923.61,Bank Transfer,Delivered,,Lucknow,Android,Mobiles
ORD0002917,CUST000824,SELL0043,2026-05-28,22:58:47,2026-05-31,2026-06-04,48427.72,UPI,Returned,Size Issue,Lucknow,Web,Furniture
ORD0002918,CUST000059,SELL0219,2026-05-11,01:17:07,2026-05-16,,18289.59,Bank Transfer,Cancelled,Payment Failed,Ahmedabad,Android,Sports
ORD0002919,CUST000756,SELL0401,2026-06-07,00:50:05,2026-06-11,2026-06-10,28111.69,Card,Delivered,,Noida,Mobile Web,Furniture
ORD0002920,CUST000019,SELL0889,2026-05-19,05:43:05,2026-05-26,2026-05-25,4117.63,Bank Transfer,Delivered,,Chennai,Mobile Web,Beauty
ORD0002921,CUST001042,SELL0938,2026-06-11,18:55:50,2026-06-15,2026-06-14,19747.52,Card,Delivered,,Pune,Mobile Web,Home
ORD0002922,CUST000479,SELL0477,2026-05-09,20:13:45,2026-05-15,2026-05-15,503.93,Wallet,Delivered,,Delhi,iOS,Sports
ORD0002923,CUST000167,SELL0946,2026-05-15,18:52:11,2026-05-18,2026-05-17,25215.61,UPI,Delivered,,Jaipur,Android,Home
ORD0002924,CUST000721,SELL0074,2026-06-13,06:39:01,2026-06-19,2026-06-22,33233.94,Cash on Delivery,Delayed,Seller Dispatch Delay,Kolkata,iOS,Mobiles
ORD0002925,CUST001123,SELL0771,2026-05-21,11:17:18,2026-05-23,2026-05-23,7410.61,Bank Transfer,Delivered,,Noida,Mobile Web,Furniture
ORD0002926,CUST000955,SELL0688,2026-05-03,13:41:48,2026-05-09,2026-05-07,33596.93,Card,Delivered,,Jaipur,iOS,Electronics
ORD0002927,CUSTX986034,SELL0456,2026-05-14,22:48:39,2026-05-21,,6743.33,Wallet,Cancelled,Customer Cancelled,Chennai,Web,Electronics
ORD0002928,CUST000907,SELL0976,2026-05-01,04:52:31,2026-05-03,2026-05-03,48855.57, Card ,Delivered,,Gurugram,Web,Books
ORD0002929,CUST000579,SELL0488,2026-06-02,20:44:30,2026-06-06,2026-06-08,31824.23,Card,Delivered,,Nagpur,Mobile Web,Appliances
ORD0002930,CUST000416,SELL0691,2026-05-18,14:26:35,2026-05-23,2026-05-23,3723.16,Bank Transfer,Delivered,,Pune,iOS,Fashion
ORD0002931,CUST000923,SELL0480,2026-05-07,10:44:32,2026-05-11,2026-05-12,43075.49,Bank Transfer,Delivered,,Indore,iOS,Fashion
ORD0002932,CUST001003,SELL0575,2026-06-05,06:43:43,2026-06-10,2026-06-13,42765.44,Cash on Delivery,Returned,Customer Return,Kochi,Mobile Web,Mobiles
ORD0002933,CUST000215,SELL0352,2026-05-01,02:13:52,2026-05-03,2026-05-05,53101.2,Cash on Delivery,Delivered,,Noida,Web,Grocery
ORD0002934,CUST000676,SELL0106,2026-05-31,04:01:19,2026-06-04,,33640.73,Cash on Delivery,Cancelled,Payment Failed,Indore,Android,Electronics
ORD0002935,CUST000805,SELL0643,2026-05-31,10:09:16,2026-06-06,2026-06-09,18883.09,Bank Transfer,Refund Pending,Refund Awaited,Noida,iOS,Home
ORD0002936,CUST000048,SELL0739,2026-06-08,21:36:17,2026-06-13,2026-06-14,22245.2,Bank Transfer,Delivered,,Bengaluru,Mobile Web,Appliances
ORD0002937,CUST000375,SELL0338,2026-06-07,12:48:55,2026-06-09,2026-06-09,5527.98,Wallet,Delivered,,Mumbai,Web,Beauty
ORD0002938,CUST000912,SELL0370,2026-05-11,16:53:56,2026-05-17,2026-05-16,28755.6,Bank Transfer,Delivered,,Kolkata,Android,Books
ORD0002939,CUST000799,SELL0821,2026-06-06,12:03:44,2026-06-13,2026-06-13,20194.71,Card,Delivered,,Chennai,Web,Mobiles
ORD0002940,CUST000490,SELL0649,2026-05-01,12:25:08,2026-05-03,,57745.02,Bank Transfer,Lost,Package Lost,Delhi,Mobile Web,Fashion
ORD0002941,CUST000034,SELL0021,2026-05-14,19:03:49,2026-05-20,2026-05-20,43650.01,Wallet,Delivered,,Kochi,Android,Furniture
ORD0002942,CUST001059,SELL0848,2026-05-26,18:43:44,2026-05-31,2026-05-31,25169.38,Cash on Delivery,Delivered,,Gurugram,iOS,Electronics
ORD0002943,CUST000643,SELL0788,2026-05-20,23:20:41,2026-05-27,2026-05-27,1255.75,UPI,Delivered,,Ahmedabad,Mobile Web,Home
ORD0002944,CUST000846,SELL0339,2026-06-07,23:47:47,2026-06-14,2026-06-14,32349.15,Card,Delivered,,Jaipur,Mobile Web,Appliances
ORD0002945,CUST000515,SELL0613,2026-05-15,20:59:04,2026-05-21,,33227.65,Bank Transfer,Lost,Package Lost,Chennai,Mobile Web,Grocery
ORD0002946,CUST001016,SELL0676,2026-05-21,06:45:05,2026-05-23,2026-06-02,17105.68,Bank Transfer,Delayed,Last Mile Capacity,Delhi,iOS,Mobiles
ORD0002947,CUST000569,SELL0477,2026-05-26,21:20:26,2026-05-29,,970.04,Card,Processing,Address Verification,Lucknow,Mobile Web,Sports
ORD0002948,CUST001141,SELL0305,2026-05-17,22:51:09,2026-05-22,,61355.86,Card,Cancelled,Seller Cancelled,Delhi,Web,Fashion
ORD0002949,CUST001000,SELL0323,2026-05-24,19:54:17,2026-05-27,2026-05-29,12480.39,Card,Delivered,,Ahmedabad,iOS,Electronics
ORD0002950,CUST001142,SELL0478,2026-05-11,05:43:58,2026-05-17,,49629.22,UPI,Processing,Warehouse Delay,Coimbatore,Web,Beauty
ORD0002951,CUST000149,SELL0211,2026-05-12,10:29:39,2026-05-19,,20058.42,Bank Transfer,Cancelled,Payment Failed,Noida,Web,Beauty
ORD0002952,CUST000800,SELL0028,2026-05-24,11:36:31,2026-05-26,2026-05-27,61453.02,UPI,Delivered,,Jaipur,iOS,Furniture
ORD0002953,CUST000520,SELL0237,2026-05-13,05:45:12,2026-05-18,,38142.17,Wallet,Cancelled,Seller Cancelled,Pune,Android,Mobiles
ORD0002954,CUST000868,SELL0537,2026-05-30,23:17:03,2026-06-05,2026-06-05,63180.3,Bank Transfer,Delivered,,Bengaluru,iOS,Appliances
ORD0002955,CUST000349,SELL0904,2026-05-16,16:48:07,2026-05-23,2026-05-22,16879.76,Bank Transfer,Delivered,,Lucknow,Mobile Web,Home
ORD0002956,CUST000772,SELL0161,2026-06-03,09:20:57,2026-06-06,,32873.09,Bank Transfer,Cancelled,Seller Cancelled,Noida,Web,Electronics
ORD0002957,CUST000632,SELL0794,2026-05-25,16:20:18,2026-05-28,2026-06-05,41946.11,Card,Delayed,Courier Delay,Kolkata,Android,Furniture
ORD0002958,CUST000733,SELL0728,2026-06-08,04:52:24,2026-06-15,2026-06-13,43002.15,UPI,Delivered,,Jaipur,iOS,Fashion
ORD0002959,CUST000022,SELL0220,2026-06-04,07:14:58,2026-06-10,2026-06-10,20142.95,Card,Delivered,,Bengaluru,Android,Books
ORD0002960,CUST000790,SELL0689,2026-05-20,14:49:05,2026-05-26,2026-05-26,2513.33,Wallet,Delivered,,Bengaluru,Android,Books
ORD0002961,CUST000083,SELL0364,2026-05-05,10:57:48,2026-05-07,2026-05-07,31272.01,UPI,Delivered,,Kochi,iOS,Sports
ORD0002962,CUST000804,SELL0345,2026-05-28,01:49:24,2026-06-02,2026-06-09,25292.8,Cash on Delivery,Returned,Size Issue,Kolkata,Web,Furniture
ORD0002963,CUST000030,SELL0410,2026-05-14,15:57:39,2026-05-20,2026-05-20,34892.66,Wallet,Delivered,,Pune,Android,Home
ORD0002964,CUST000950,SELL0372,2026-05-07,01:14:51,2026-05-10,,17564.07,Wallet,Cancelled,Seller Cancelled,Noida,Web,Appliances
ORD0002965,CUST000629,SELL0572,2026-05-30,02:08:25,2026-06-01,2026-06-01,54669.06,Wallet,Delivered,,Noida,Web,Home
ORD0002966,CUST000671,SELL0831,2026-05-14,07:23:11,2026-05-16,2026-05-17,11642.29,Cash on Delivery,Delivered,,Hyderabad,Web,Electronics
ORD0000198,CUST001127,SELL0949,2026-05-30,18:26:33,2026-06-03,2026-06-09,33787.04,UPI,Delayed,Seller Dispatch Delay,Kolkata,Web,Electronics
ORD0002968,CUST000309,SELL0634,2026-05-24,22:49:51,2026-05-29,2026-05-29,53070.47,UPI,Delivered,,Hyderabad,Android,Grocery
ORD0002969,CUST001026,SELL0878,2026-05-27,02:53:30,2026-06-01,2026-06-03,4012.88,Wallet,Returned,Size Issue,Chennai,iOS,Beauty
ORD0002970,CUST000301,SELL0598,2026-05-26,16:26:15,2026-05-28,2026-05-29,10728.41,Cash on Delivery,Delivered,,Lucknow,Web,Sports
ORD0002971,CUST000003,SELL0764,2026-06-02,10:50:39,2026-06-06,2026-06-06,47781.55,Wallet,Delivered,,Kochi,Web,Electronics
ORD0002972,CUST000412,SELL0821,2026-06-07,01:52:13,2026-06-13,2026-06-15,14273.63,Wallet,Delivered,,Delhi,Web,Mobiles
ORD0002973,CUST000005,SELLX9688,2026-06-01,14:52:48,2026-06-04,,23553.83,Bank Transfer,Cancelled,Customer Cancelled,Hyderabad,iOS,Books
ORD0002974,CUST000132,SELL0894,2026-05-27,05:40:12,2026-06-01,2026-06-01,3655.79,Card,Delivered,,Jaipur,Android,Furniture
ORD0002975,CUST000518,SELL0702,2026-05-25,10:32:24,2026-05-29,2026-05-27,11287.09,Card,Delivered,,Noida,Android,Sports
ORD0002976,CUST000660,SELL0193,2026-06-09,15:27:30,2026-06-14,2026-06-13,16713.87,Bank Transfer,Delivered,,Ahmedabad,iOS,Sports
ORD0002977,CUST000307,SELL0183,2026-05-09,15:51:27,2026-05-14,2026-05-18,25841.96,Cash on Delivery,Refund Pending,Payment Hold,Nagpur,Mobile Web,Home
ORD0002978,CUST000062,SELL0577,2026-06-08,04:12:55,2026-06-13,,52501.66,UPI,Processing,Address Verification,Pune,Web,Sports
ORD0002979,CUST000100,SELL0834,2026-06-14,10:05:43,2026-06-19,2026-06-18,15373.54,Wallet,Delivered,,Indore,Mobile Web,Furniture
ORD0002980,CUST000369,SELL0375,2026-05-23,08:58:09,2026-05-30,2026-05-30,62712.27,Bank Transfer,Delivered,,Mumbai,Android,Grocery
ORD0002981,CUST001051,SELL0334,2026-05-04,10:00:19,2026-05-09,,908.96,Cash on Delivery,Processing,Seller Dispatch Pending,Gurugram,iOS,Books
ORD0002982,CUST000515,SELLX9633,2026-06-09,08:38:13,2026-06-16,2026-06-24,39444.11,Cash on Delivery,Returned,Size Issue,Kolkata,Web,Home
ORD0002983,CUST000315,SELL0210,2026-06-13,10:49:43,2026-06-16,2026-06-16,11226.05,Cash on Delivery,Delivered,,Delhi,iOS,Appliances
ORD0002984,CUST000923,SELL0893,2026-05-18,11:28:04,2026-05-23,2026-05-23,41769.74,Card,Delivered,,Chennai,Mobile Web,Furniture
ORD0002985,CUST000324,SELL0807,2026-06-09,08:37:57,2026-06-15,2026-06-17,48585.37,Cash on Delivery,Delayed,Courier Delay,Nagpur,iOS,Books
ORD0002986,CUST000642,SELL0858,2026-05-28,09:08:19,2026-05-30,2026-05-30,60958.07,Wallet,Delivered,,Jaipur,iOS,Home
ORD0002987,CUST000625,SELL0717,2026-05-27,00:36:38,2026-05-29,,48699.25,Cash on Delivery,Processing,Warehouse Delay,Kochi,Mobile Web,Fashion
ORD0002988,CUST000421,SELL0696,2026-05-09,20:23:49,2026-05-11,2026-05-11,8527.4,UPI,Delivered,,Kochi,Web,Sports
ORD0002989,CUST000256,SELL0686,2026-05-03,23:00:23,2026-05-10,2026-05-15,25936.58,Bank Transfer,Delayed,Courier Delay,Kochi,Web,Beauty
ORD0002990,CUST000262,SELL0222,2026-06-10,14:39:55,2026-06-13,2026-06-13,49494.45,Bank Transfer,Delivered,,Bengaluru,iOS,Fashion
ORD0002991,CUST000431,SELL0606,2026-05-27,22:14:01,2026-05-29,2026-05-30,51870.23,UPI,Delivered,,Bengaluru,Android,Appliances
ORD0002992,CUST000115,SELL0500,2026-05-10,16:52:04,2026-05-15,,32862.32,Cash on Delivery,Cancelled,Customer Cancelled,Jaipur,Web,Fashion
ORD0002993,CUST000777,SELL0084,2026-05-28,19:10:00,2026-06-01,2026-06-01,41791.14,Wallet,Delivered,,Delhi,iOS,Appliances
ORD0002994,CUST000594,SELL0336,2026-06-05,19:42:20,2026-06-07,2026-06-07,17530.57,UPI,Delivered,,Kochi,iOS,Sports
ORD0002995,CUST000812,SELL0668,2026-05-05,17:31:41,2026-05-08,,51839.16,Wallet,Processing,Address Verification,Kochi,Mobile Web,Furniture
ORD0002996,CUST001033,SELL0644,2026-05-11,05:21:28,2026-05-14,2026-05-18,25534.46,UPI,delayed,Address Issue,Mumbai,iOS,Grocery
ORD0002997,CUST000969,SELL0108,2026-05-10,16:31:36,2026-05-13,2026-05-13,53381.57,Bank Transfer,Delivered,,Noida,Web,Mobiles
ORD0002998,CUST001069,SELL0752,2026-05-18,13:35:48,2026-05-25,2026-05-25,6377.96,Card,Delivered,,Pune,Android,Home
ORD0002999,CUST000592,SELL0985,2026-05-08,06:39:59,2026-05-15,2026-05-22,56361.86,Bank Transfer,Refund Pending,Return Pickup Pending,Ahmedabad,iOS,Electronics
ORD0003000,CUST000473,SELL0489,2026-06-06,04:55:17,2026-06-09,2026-06-07,9217.58,Cash on Delivery,Delivered,,Pune,iOS,Beauty
ORD0003001,CUST000572,SELL0801,2026-06-11,14:57:07,2026-06-18,2026-06-27,7599.85,Card,Delayed,Courier Delay,Kochi,Android,Fashion
ORD0003002,CUST000342,SELL0347,2026-05-24,14:37:58,2026-05-26,,36380.34,Card,cancelled,Customer Cancelled,Kochi,iOS,Grocery
ORD0003003,CUST000078,SELL0405,2026-05-19,11:55:29,2026-05-21,2026-05-19,54286.75,UPI,Delivered,,Mumbai,Web,Fashion
ORD0003004,CUST000538,SELL0079,2026-05-07,03:13:59,2026-05-11,,4731.71, Cash on Delivery ,Lost,Package Lost,Bengaluru,Web,Beauty
ORD0003005,CUST000265,SELL0481,2026-05-23,02:23:06,2026-05-28,2026-05-28,27927.64,Bank Transfer,Delivered,,Kolkata,iOS,Mobiles
ORD0003006,CUST000357,SELL0221,2026-05-14,16:51:44,2026-05-19,2026-05-20,64740.72,Bank Transfer,Delivered,,Pune,Android,Sports
ORD0003007,CUST000484,SELL0463,2026-05-07,05:31:45,2026-05-11,,32090.58,Wallet,Processing,Warehouse Delay,Coimbatore,Web,Beauty
ORD0003008,CUST000071,SELL0222,2026-05-13,14:25:09,2026-05-18,2026-05-18,23635.63,Wallet,Delivered,,Bengaluru,Web,Fashion
ORD0003009,CUST000281,SELL0692,2026-06-13,05:07:16,2026-06-16,2026-06-23,4381.85,UPI,Returned,Size Issue,Jaipur,iOS,Fashion
ORD0003010,CUST000610,SELL0200,2026-06-01,01:52:34,2026-06-08,2026-06-08,39558.12,Wallet,Delivered,,Delhi,iOS,Books
ORD0003011,CUST000436,SELL0617,2026-06-07,08:52:38,2026-06-10,2026-06-11,48714.09,Cash on Delivery,Returned,Damaged Item,Noida,Web,Electronics
ORD0003012,CUST000498,SELL0783,2026-06-03,03:59:08,2026-06-05,,46843.14,Cash on Delivery,Processing,Address Verification,Chennai,Mobile Web,Books
ORD0003013,CUST000418,SELL0324,2026-06-02,13:38:36,2026-06-08,,28311.96,UPI,Processing,Warehouse Delay,Chennai,Android,Fashion
ORD0003014,CUST000339,SELL0580,2026-05-18,13:42:49,2026-05-23,2026-05-22,50024.47,Cash on Delivery,Delivered,,Pune,Web,Beauty
ORD0003015,CUST000388,SELL0573,2026-05-18,09:29:33,2026-05-23,2026-05-29,46754.25,Bank Transfer,Refund Pending,Refund Awaited,Mumbai,Android,Fashion
ORD0003016,CUST000666,SELL0426,2026-06-06,22:34:19,2026-06-10,2026-06-15,58626.26,UPI,Delayed,Weather Delay,Coimbatore,iOS,Grocery
ORD0003017,CUST000573,SELL0040,2026-05-30,08:47:13,2026-06-02,2026-05-31,43280.29,UPI,Delivered,,Noida,Android,Grocery
ORD0003018,CUST000019,SELL0881,2026-06-12,01:11:43,2026-06-17,,27670.95,UPI,Cancelled,Customer Cancelled, GURUGRAM ,Web,Electronics
ORD0003019,CUST000584,SELL0585,2026-05-08,14:01:13,2026-05-11,2026-05-11,61627.32,Card,Delivered,,Hyderabad,Web,Fashion
ORD0003020,CUST000295,SELL0316,2026-05-11,07:44:27,2026-05-14,2026-05-14,22149.1,Wallet,Delivered,,Jaipur,iOS,Grocery
ORD0003021,CUST001121,SELL0904,2026-05-10,07:27:36,2026-05-14,2026-05-13,57049.25,Bank Transfer,Delivered,,Mumbai,Android,Home
ORD0003022,CUST000664,SELL0283,2026-05-11,10:13:32,2026-05-16,2026-05-16,8200.53,Cash on Delivery,Delivered,,Coimbatore,Web,Home
ORD0003023,CUST000949,SELL0603,2026-05-11,21:18:10,2026-05-18,2026-05-17,19161.89,Card,Delivered,,Jaipur,Mobile Web,Books
ORD0003024,CUST000624,SELL0276,2026-05-26,14:46:34,2026-06-02,2026-06-03,59126.44,Card,RETURNED,Size Issue,Gurugram,Web,Electronics
ORD0003025,CUST000749,SELL0907,2026-05-26,21:12:50,2026-05-28,2026-05-28,47424.4,Card,Delivered,,Delhi,Web,Beauty
ORD0003026,CUST000584,SELL0887,2026-06-12,22:57:44,2026-06-15,2026-06-15,40223.9,Wallet,Delivered,,Delhi,Web,Fashion
ORD0003027,CUST000854,SELL0385,2026-06-01,18:01:14,2026-06-08,2026-06-08,14575.73, Bank Transfer ,Delivered,,Gurugram,iOS,Mobiles
ORD0003028,CUST000294,SELL0191,2026-05-31,08:14:31,2026-06-02,2026-06-02,34327.89,UPI,Delivered,,Indore,Android,Mobiles
ORD0003029,CUST000362,SELL0475,2026-06-01,23:42:47,2026-06-07,2026-06-05,3067.95,Bank Transfer,Delivered,,Pune,Mobile Web,Electronics
ORD0003030,CUST000136,SELL0341,2026-05-20,16:50:19,2026-05-26,2026-05-24,38619.84,UPI,Delivered,,Chennai,Mobile Web,Fashion
ORD0003031,CUST000804,SELL0536,2026-05-28,20:58:56,2026-05-31,2026-05-30,19552.58,Bank Transfer,Delivered,,Nagpur,Web,Electronics
ORD0003032,CUST001098,SELL0704,2026-06-04,01:50:22,2026-06-10,2026-06-09,3030.09, UPI ,Delivered,,Nagpur,Web,Sports
ORD0003033,CUST000736,SELL0569,2026-05-19,10:09:50,2026-05-24,,16531.9,Card,Processing,Warehouse Delay,Ahmedabad,iOS,Mobiles
ORD0003034,CUST000828,SELL0702,2026-06-05,02:45:01,2026-06-12,2026-06-16,31249.89,Card,Delayed,Address Issue,Kolkata,Android,Sports
ORD0003035,CUST000738,SELL0966,2026-05-16,02:42:21,2026-05-22,2026-05-29,61447.28,Card,Delayed,Last Mile Capacity,Lucknow,Mobile Web,Furniture
ORD0003036,CUST000295,SELL0475,2026-05-07,09:23:46,2026-05-11,2026-05-13,1035.78,Cash on Delivery,Delayed,Courier Delay,Pune,iOS,Electronics
ORD0003037,CUST000734,SELL0839,2026-05-23,08:42:29,2026-05-28,,15538.35,Cash on Delivery,Cancelled,Customer Cancelled,Coimbatore,Android,Beauty
ORD0003038,CUST000849,SELL0311,2026-06-13,02:38:36,2026-06-20,2026-06-20,38762.34,Wallet,Delivered,, DELHI ,Web,Fashion
ORD0003039,CUST000909,SELL0635,2026-05-29,11:04:05,2026-06-02,,33023.83,Cash on Delivery,Cancelled,Seller Cancelled,Ahmedabad,Web,Furniture
ORD0003040,CUST000713,SELL0526,2026-05-20,09:38:09,2026-05-23,2026-05-22,51143.95,UPI,Delivered,,Pune,Web,Beauty
ORD0003041,CUST000455,SELL0677,2026-06-09,15:15:46,2026-06-14,2026-06-14,5423.19,UPI,Delivered,,Ahmedabad,Android,Furniture
ORD0003042,CUST000866,SELL0897,2026-06-02,11:53:49,2026-06-06,2026-06-11,52227.51,Bank Transfer,Refund Pending,Payment Hold,Hyderabad,Web,Home
ORD0003043,CUST001131,SELL0640,2026-05-12,19:38:22,2026-05-16,2026-05-15,63526.49,UPI,Delivered,,Kolkata,Android,Sports
ORD0003044,CUST001016,SELL0995,2026-06-09,15:24:45,2026-06-12,2026-06-11,51683.47,Bank Transfer,Delivered,,Noida,Mobile Web,Books
ORD0003045,CUST000685,SELL0311,2026-06-07,02:59:18,2026-06-09,2026-06-11,26465.15,Card,Returned,Wrong Item,Indore,iOS,Fashion
ORD0003046,CUST000411,SELL0886,2026-06-14,18:04:32,2026-06-17,2026-06-17,2481.97,Wallet,Delivered,,Pune,Web,Books
ORD0003047,CUST000408,SELL0786,2026-06-11,05:46:06,2026-06-13,2026-06-13,26212.94,Cash on Delivery,Delivered,,Coimbatore,Mobile Web,Grocery
ORD0003048,CUST000189,SELL0267,2026-06-08,10:50:11,2026-06-10,2026-06-16,47083.6,Card,Delayed,Courier Delay,Kolkata,Mobile Web,Sports
ORD0003049,CUST000261,SELL0657,2026-05-06,22:54:27,2026-05-08,2026-05-07,20530.68,UPI,Delivered,,Pune,Android,Mobiles
ORD0003050,CUST000612,SELL0515,2026-06-09,08:17:53,2026-06-12,2026-06-12,42777.82,Bank Transfer,Delivered,,Ahmedabad,Android,Sports
ORD0003051,CUST000835,SELL0202,2026-05-03,16:56:38,2026-05-06,2026-05-06,45213.62,UPI,Delivered,,Gurugram,Web,Appliances
ORD0003052,CUST000718,SELL0104,2026-06-09,23:55:44,2026-06-16,2026-06-15,51124.93,Cash on Delivery,Delivered,,Mumbai,Android,Grocery
ORD0003053,CUST000984,SELL0123,2026-05-14,05:42:42,2026-05-17,2026-05-16,14427.38,Card,Delivered,,Delhi,Android,Furniture
ORD0003054,CUST000107,SELL0222,2026-05-10,05:10:54,2026-05-14,2026-05-15,56550.0,Bank Transfer,Refund Pending,Return Pickup Pending,Lucknow,iOS,Fashion
ORD0003055,CUST000540,SELL0945,2026-05-14,20:43:21,2026-05-21,2026-05-22,36458.82,UPI,Delivered,,Kochi,Mobile Web,Beauty
ORD0003056,CUST000636,SELL0296,2026-05-21,06:36:17,2026-05-27,2026-05-28,10727.83,Wallet,Delivered,,Coimbatore,Android,Mobiles
ORD0003057,CUST001125,SELL0199,2026-05-13,15:36:07,2026-05-17,,55055.32,Wallet,Cancelled,Customer Cancelled,Bengaluru,Mobile Web,Fashion
ORD0003058,CUST000637,SELL0016,2026-05-23,01:36:30,2026-05-29,2026-06-09,23478.83,Cash on Delivery,Delayed,Seller Dispatch Delay,Nagpur,iOS,Sports
ORD0003059,CUST000461,SELL0006,2026-05-01,14:35:28,2026-05-08,,26871.36,Cash on Delivery,Cancelled,Customer Cancelled,Ahmedabad,iOS,Books
ORD0003060,CUST000914,SELL0041,2026-05-03,19:54:18,2026-05-09,2026-05-20,57759.72,Card,Delayed,Weather Delay,Kochi,Android,Grocery
ORD0003061,CUST000887,SELL0187,2026-05-27,01:47:08,2026-06-03,2026-06-04,54210.43,Wallet,Refund Pending,Payment Hold,Coimbatore,iOS,Home
ORD0003062,CUSTX957045,SELL0519,2026-05-27,17:04:34,2026-05-29,2026-05-28,41417.59,Bank Transfer,Delivered,,Nagpur,iOS,Books
ORD0003063,CUST000286,SELL0974,2026-06-14,14:12:20,2026-06-16,2026-06-16,32509.64,Card,Delivered,,Jaipur,Mobile Web,Books
ORD0003064,CUST000256,SELL0500,2026-06-09,02:07:29,2026-06-13,2026-06-12,41190.63,Wallet,Delivered,,Coimbatore,Android,Fashion
ORD0003065,CUST000366,SELL0518,2026-05-16,09:24:50,2026-05-21,2026-05-25,27297.84,UPI,Refund Pending,Refund Awaited,Noida,iOS,Fashion
ORD0003066,CUST000404,SELL0241,2026-05-28,05:56:41,2026-06-01,2026-06-03,46387.82,Cash on Delivery,Refund Pending,Payment Hold,Mumbai,Web,Sports
ORD0003067,CUST000485,SELL0218,2026-05-24,15:23:25,2026-05-27,2026-05-28,22164.07,Card,Returned,Damaged Item,Pune,Mobile Web,Fashion
ORD0003068,CUST001129,SELL0417,2026-05-29,00:16:50,2026-06-02,2026-06-01,56343.37,Bank Transfer,Delivered,,Gurugram,Web,Beauty
ORD0003069,CUST000710,SELL0909,2026-05-22,04:18:43,2026-05-28,2026-05-27,21358.34,Cash on Delivery,Delivered,,Bengaluru,Web,Fashion
ORD0003070,CUST000179,SELL0876,2026-06-10,14:56:16,2026-06-16,2026-06-15,34432.34,Cash on Delivery,Delivered,,Kolkata,Web,Sports
ORD0003071,CUST000354,SELL0103,2026-05-13,21:50:57,2026-05-15,,6451.39,Bank Transfer,Cancelled,Payment Failed,Gurugram,Android,Books
ORD0003072,CUST000485,SELLX9180,2026-05-11,12:10:37,2026-05-14,,40609.0,Card,Processing,Warehouse Delay,Hyderabad,iOS,Beauty
ORD0003073,CUST000744,SELL0571,2026-05-12,23:38:44,2026-05-17,2026-05-24,23975.86,Cash on Delivery,Returned,Wrong Item,Ahmedabad,Mobile Web,Beauty
ORD0003074,CUST001137,SELL0622,2026-06-07,16:33:01,2026-06-14,2026-06-14,35333.75,UPI,Delivered,,Indore,Android,Appliances
ORD0003075,CUST000880,SELL0679,2026-05-01,00:14:12,2026-05-06,2026-05-09,23106.72,UPI,Delayed,Seller Dispatch Delay,Kochi,iOS,Furniture
ORD0003076,CUST000500,SELL0393,2026-06-10,20:40:10,2026-06-12,2026-06-17,45659.75,Wallet,Returned,Wrong Item,Noida,Mobile Web,Appliances
ORD0003077,CUST000189,SELL0212,2026-06-07,01:49:50,2026-06-14,,41102.15, Wallet ,Cancelled,Customer Cancelled,Lucknow,Android,Electronics
ORD0003078,CUST000348,SELL0144,2026-05-01,22:04:00,2026-05-08,2026-05-19,13719.86,UPI,Delayed,Address Issue,Gurugram,Web,Grocery
ORD0003079,CUST000412,SELL0432,2026-05-30,18:41:27,2026-06-04,2026-06-02,36158.11,Cash on Delivery,Delivered,, KOCHI ,Mobile Web,Appliances
ORD0003080,CUST000493,SELL0657,2026-05-24,19:20:40,2026-05-29,,19791.31,UPI,Cancelled,Payment Failed,Hyderabad,iOS,Mobiles
ORD0003081,CUST000898,SELL0175,2026-05-09,23:35:15,2026-05-13,2026-05-14,49939.27,Bank Transfer,Delivered,,Ahmedabad,Android,Fashion
ORD0003082,CUST001134,SELL0611,2026-06-11,23:13:18,2026-06-14,2026-06-16,12529.12,Bank Transfer,Refund Pending,Payment Hold, CHENNAI ,Mobile Web,Books
ORD0003083,CUST000926,SELL0939,2026-05-09,05:35:00,2026-05-13,2026-05-18,32106.54,UPI,Delayed,Weather Delay,Lucknow,Web,Fashion
ORD0003084,CUST000535,SELL0903,2026-05-03,16:12:53,2026-05-05,2026-05-05,53616.97,Cash on Delivery,Delivered,,Pune,Android,Mobiles
ORD0003085,CUST000423,SELL0957,2026-05-16,07:45:26,2026-05-20,2026-05-21,10251.65, Bank Transfer ,Delivered,,Ahmedabad,Mobile Web,Mobiles
ORD0003086,CUST001092,SELL0510,2026-06-14,13:39:59,2026-06-18,2026-06-17,44796.69,Card,Delivered,,Jaipur,Android,Books
ORD0003087,CUST000772,SELL0608,2026-05-05,01:55:41,2026-05-08,2026-05-08,10684.11,Bank Transfer,Delivered,,Jaipur,Android,Fashion
ORD0003088,CUST000207,SELL0273,2026-05-15,00:29:46,2026-05-20,2026-05-24,42915.41,UPI,Refund Pending,Refund Awaited,Indore,Web,Fashion
ORD0003089,CUST000192,SELL0055,2026-05-13,00:54:15,2026-05-20,2026-05-20,53637.54,UPI,Delivered,,Indore,Web,Sports
ORD0003090,CUST001041,SELL0877,2026-05-15,22:34:52,2026-05-22,2026-05-20,23437.9,Cash on Delivery,Delivered,,Lucknow,Web,Books
ORD0003091,CUST000237,SELL0919,2026-06-11,07:35:46,2026-06-16,2026-06-16,23104.67,CARD,Delivered,,Hyderabad,Web,Electronics
ORD0003092,CUST000107,SELL0290,2026-06-09,10:36:37,2026-06-12,2026-06-13,20722.96,Wallet,Delivered,,Kolkata,Web,Home
ORD0003093,CUST000757,SELL0458,2026-06-01,04:02:49,2026-06-03,2026-06-05,24272.33,UPI,Delivered,,Indore,Web,Appliances
ORD0003094,CUST000656,SELL0451,2026-06-07,08:18:07,2026-06-10,2026-06-10,43357.57,Wallet,Delivered,,Pune,Mobile Web,Books
ORD0003095,CUST001022,SELL0512,2026-05-22,03:38:43,2026-05-27,2026-05-27,63298.36,Card,Delivered,,Delhi,Mobile Web,Beauty
ORD0003096,CUST000821,SELL0695,2026-05-09,14:04:39,2026-05-13,2026-05-13,52959.62,Wallet,Delivered,,Indore,Mobile Web,Mobiles
ORD0003097,CUST000275,SELL0639,2026-06-11,16:42:59,2026-06-16,2026-06-15,18330.69,Cash on Delivery,Delivered,,Coimbatore,Mobile Web,Sports
ORD0003098,CUST000616,SELL0390,2026-05-23,01:00:30,2026-05-30,,60234.06,Wallet,Lost,Package Lost,Chennai,iOS,Mobiles
ORD0003099,CUST000819,SELL0589,2026-05-08,17:27:08,2026-05-11,2026-05-11,15810.95,UPI,Delivered,,Chennai,iOS,Electronics
ORD0003100,CUST000198,SELL0772,2026-05-03,12:25:14,2026-05-10,2026-05-14,23083.89,UPI,Delayed,Courier Delay,Gurugram,Android,Sports
ORD0003101,CUST001101,SELL0545,2026-05-24,04:34:28,2026-05-30,2026-06-05,42281.95,UPI,Delayed,Seller Dispatch Delay,Hyderabad,Android,Sports
ORD0003102,CUST001138,SELL0460,2026-06-07,19:11:33,2026-06-14,2026-06-14,18576.9,Cash on Delivery,Delivered,,Kochi,Android,Home
ORD0003103,CUST000682,SELL0741,2026-06-07,18:39:54,2026-06-14,,46470.31,Cash on Delivery,Processing,Warehouse Delay,Lucknow,Android,Home
ORD0003104,CUST000822,SELL0164,2026-05-25,22:22:14,2026-05-27,2026-05-28,45966.08,Card,Delivered,,Noida,Android,Sports
ORD0003105,CUST000287,SELL0482,2026-05-27,04:23:42,2026-06-03,,32422.29,Card,Processing,Address Verification,Jaipur,iOS,Sports
ORD0003106,CUST001165,SELL0694,2026-06-10,02:42:15,2026-06-12,2026-06-10,29603.86,Bank Transfer,Delivered,,Coimbatore,iOS,Fashion
ORD0003107,CUST000852,SELL0338,2026-05-28,09:55:41,2026-06-02,,8243.92,Bank Transfer,Cancelled,Payment Failed,Lucknow,Web,Beauty
ORD0003108,CUST000326,SELL0704,2026-05-21,20:38:14,2026-05-24,,42437.71,UPI,Cancelled,Payment Failed,Chennai,Mobile Web,Sports
ORD0003109,CUST000134,SELL0016,2026-05-26,16:04:29,2026-06-01,2026-06-05,41543.8,UPI,Returned,Damaged Item,Indore,Mobile Web,Sports
ORD0003110,CUST000457,SELL0154,2026-05-28,08:14:57,2026-06-04,2026-06-02,63750.36,Cash on Delivery,Delivered,,Kolkata,Mobile Web,Mobiles
ORD0003111,CUST000734,SELL0936,2026-05-02,12:21:10,2026-05-09,2026-05-13,18765.13,UPI,Refund Pending,Refund Awaited,Indore,Mobile Web,Grocery
ORD0003112,CUST000825,SELL0198,2026-06-12,06:44:46,2026-06-15,2026-06-13,11944.94,Card,Delivered,,Lucknow,Web,Furniture
ORD0003113,CUST000976,SELL0077,2026-06-09,21:01:56,2026-06-12,2026-06-19,16241.13,Bank Transfer,Refund Pending,Refund Awaited,Delhi,Android,Beauty
ORD0003114,CUST000656,SELL0466,2026-05-01,16:13:27,2026-05-06,,7008.71,UPI,Cancelled,Customer Cancelled,Coimbatore,Web,Books
ORD0003115,CUST000305,SELL0150,2026-06-12,00:09:32,2026-06-14,2026-06-13,6864.29,Wallet,Delivered,,Jaipur,iOS,Books
ORD0003116,CUST000720,SELL0013,2026-05-02,09:58:17,2026-05-06,2026-05-05,54105.75,UPI,Delivered,,Nagpur,iOS,Appliances
ORD0003117,CUST000620,SELL0124,2026-05-04,18:07:37,2026-05-08,2026-05-06,61466.73,Bank Transfer,Delivered,,Coimbatore,iOS,Beauty
ORD0003118,CUST000733,SELL0442,2026-05-07,18:37:16,2026-05-12,2026-05-19,5291.75,Card,Refund_Pending,Return Pickup Pending,Nagpur,Web,Mobiles
ORD0003119,CUST000086,SELL0613,2026-06-08,01:40:00,2026-06-12,2026-06-12,59658.07,Card,Delivered,,Ahmedabad,Web,Grocery
ORD0003120,CUST000910,SELL0198,2026-05-07,01:06:10,2026-05-13,,47167.21,Bank Transfer,Lost,Package Lost,Lucknow,Mobile Web,Furniture
ORD0003121,CUST000102,SELL0858,2026-06-14,15:45:46,2026-06-20,2026-06-21,59217.61,Card,Returned,Size Issue,Noida,iOS,Home
ORD0003122,CUST001072,SELL0295,2026-06-13,17:40:29,2026-06-20,2026-06-25,11186.72,Card,Delayed,Weather Delay,Jaipur,iOS,Appliances
ORD0003123,CUST000821,SELL0732,2026-05-13,01:12:33,2026-05-18,2026-05-18,36175.43,Wallet,Delivered,,Jaipur,Web,Grocery
ORD0003124,CUST000100,SELL0950,2026-05-16,20:47:25,2026-05-22,2026-05-23,5488.2,Bank Transfer,Delivered,,Lucknow,iOS,Grocery
ORD0003125,CUST001068,SELL0104,2026-05-04,03:47:50,2026-05-10,2026-05-14,7475.75,Card,Delayed,Address Issue,Chennai,Android,Grocery
ORD0003126,CUST000989,SELL0131,2026-06-02,05:17:55,2026-06-09,,62721.23,Card,Cancelled,Customer Cancelled,Pune,Android,Fashion
ORD0003127,CUST000381,SELL0964,2026-06-03,18:41:16,2026-06-07,2026-06-08,28261.83,Cash on Delivery,Delivered,,Coimbatore,Web,Home
ORD0003128,CUST000151,SELL0986,2026-05-07,17:19:16,2026-05-09,2026-05-10,32206.92,UPI,Delivered,,Nagpur,Android,Electronics
ORD0003129,CUST000991,SELL0935,2026-06-08,14:38:07,2026-06-12,2026-06-11,38343.57,Card,Delivered,,Bengaluru,Android,Appliances
ORD0003130,CUST000176,SELL0558,2026-06-04,11:59:09,2026-06-06,2026-06-06,58219.13,UPI,Delivered,,Noida,iOS,Grocery
ORD0003131,CUST001101,SELL0271,2026-05-04,15:12:03,2026-05-11,2026-05-16,20056.49,Bank Transfer,Returned,Size Issue,Nagpur,Android,Furniture
ORD0003132,CUST000046,SELL0047,2026-05-12,03:55:49,2026-05-18,2026-05-18,20667.85,Cash on Delivery,Delivered,,Chennai,Android,Mobiles
ORD0003133,CUST000545,SELL0774,2026-05-31,02:09:02,2026-06-06,2026-06-09,2777.57,Wallet,Refund Pending,Payment Hold,Kolkata,iOS,Books
ORD0003134,CUST000993,SELL0623,2026-05-02,19:18:37,2026-05-09,2026-05-11,26598.06,Wallet,Refund Pending,Return Pickup Pending,Delhi,Mobile Web,Beauty
ORD0003135,CUST000645,SELL0265,2026-05-14,09:01:39,2026-05-21,,64144.0,Card,Cancelled,Payment Failed,Kolkata,Android,Fashion
ORD0003136,CUST000783,SELL0868,2026-06-03,05:34:29,2026-06-08,2026-06-09,17507.31,Cash on Delivery,Delivered,,Kolkata,Android,Grocery
ORD0003137,CUST001143,SELL0433,2026-06-03,15:50:41,2026-06-10,2026-06-10,42740.1,Wallet,Delivered,,Mumbai,iOS,Mobiles
ORD0003138,CUST000095,SELL0082,2026-06-04,11:40:15,2026-06-09,2026-06-19,10465.02,CARD,Delayed,Last Mile Capacity,Bengaluru,Android,Appliances
ORD0003139,CUST000822,SELL0340,2026-05-22,14:10:07,2026-05-25,2026-05-23,46915.24,Bank Transfer,Delivered,,Pune,Android,Sports
ORD0003140,CUST000426,SELL0284,2026-06-12,04:16:24,2026-06-14,2026-06-13,9690.98,Wallet,Delivered,,Noida,Android,Mobiles
ORD0003141,CUST000231,SELL0547,2026-05-15,04:25:44,2026-05-17,2026-05-17,47231.25,Card,Delivered,,Bengaluru,Android,Electronics
ORD0003142,CUST001083,SELL0990,2026-06-12,02:55:50,2026-06-16,2026-06-24,47063.27,Card,Delayed,Weather Delay,Delhi,Web,Home
ORD0003143,CUST000088,SELL0248,2026-05-19,06:39:05,2026-05-24,2026-05-23,31330.18,Card,Delivered,,Delhi,iOS,Grocery
ORD0003144,CUST001118,SELL0652,2026-05-06,05:14:04,2026-05-08,2026-05-08,28660.5,Wallet,Delivered,,Delhi,Web,Mobiles
ORD0003145,CUST000017,SELL0972,2026-06-14,11:25:16,2026-06-20,,18220.81,Wallet,Cancelled,Seller Cancelled,Coimbatore,Android,Sports
ORD0003146,CUST000273,SELL0969,2026-06-12,00:26:42,2026-06-17,,43688.68,Card,Processing,Seller Dispatch Pending,Gurugram,Android,Sports
ORD0003147,CUST000367,SELL0209,2026-05-07,03:45:29,2026-05-13,2026-05-13,21606.78,Bank Transfer,Delivered,,Chennai,iOS,Mobiles
ORD0003148,CUST000260,SELL0861,2026-05-20,11:38:32,2026-05-26,2026-05-26,3919.44,Bank Transfer,Delivered,,Ahmedabad,Mobile Web,Books
ORD0003149,CUST000270,SELL0438,2026-05-06,13:32:07,2026-05-09,2026-05-09,1628.9,Wallet,Delivered,,Bengaluru,Mobile Web,Books
ORD0003150,CUST000918,SELL0721,2026-06-02,14:43:08,2026-06-09,2026-06-16,22217.5,Card,Refund Pending,Return Pickup Pending,Chennai,Web,Books
ORD0003151,CUST000006,SELL0631,2026-05-06,22:27:18,2026-05-11,2026-05-15,35605.44,Card,Refund Pending,Refund Awaited,Delhi,iOS,Appliances
ORD0003152,CUST000495,SELL0739,2026-05-29,08:30:02,2026-05-31,,34546.98,Wallet,Lost,Package Lost,Hyderabad,Android,Appliances
ORD0003153,CUST000447,SELL0723,2026-06-04,22:14:36,2026-06-08,2026-06-08,11870.78,Card,Delivered,,Indore,iOS,Books
ORD0003154,CUST000785,SELL0614,2026-06-13,05:24:34,2026-06-19,,63921.04,Card,Cancelled,Payment Failed,Bengaluru,Android,Home
ORD0003155,CUST000881,SELL0733,2026-05-04,16:01:42,2026-05-09,2026-05-11,43453.31,Card,Delivered,,Mumbai,Mobile Web,Appliances
ORD0003156,CUSTX907190,SELL0916,2026-05-16,21:19:37,2026-05-20,2026-05-19,38091.98,Cash on Delivery,Delivered,,Lucknow,Web,Home
ORD0003157,CUSTX963085,SELL0063,2026-05-20,16:03:22,2026-05-24,2026-05-22,57793.11,UPI,Delivered,,Delhi,iOS,Furniture
ORD0003158,CUST000898,SELL0548,2026-05-08,13:27:25,2026-05-11,2026-05-12,27910.07,UPI,Delivered,,Gurugram,Web,Sports
ORD0003159,CUST000100,SELL0414,2026-05-19,04:23:55,2026-05-26,2026-05-25,10275.37,Card,Delivered,,Ahmedabad,iOS,Beauty
ORD0003160,CUST001080,SELL0195,2026-05-08,18:38:54,2026-05-14,2026-05-13,64572.28,Wallet,Delivered,,Ahmedabad,Web,Fashion
ORD0003161,CUST000953,SELL0338,2026-06-05,06:07:34,2026-06-08,2026-06-15,19643.75,Wallet,Refund Pending,Refund Awaited,Indore,Mobile Web,Beauty
ORD0003162,CUST000594,SELL0824,2026-05-23,01:24:12,2026-05-27,2026-05-27,14092.53,Bank Transfer,Delivered,,Coimbatore,iOS,Home
ORD0003163,CUST000224,SELL0277,2026-05-20,08:17:57,2026-05-26,2026-05-26,2456.24,UPI,Delivered,, INDORE ,Android,Beauty
ORD0003164,CUST000031,SELL0357,2026-05-29,13:18:13,2026-06-04,2026-06-15,49082.51,UPI,Delayed,Weather Delay,Nagpur,iOS,Beauty
ORD0003165,CUST000032,SELL0234,2026-06-09,12:52:59,2026-06-16,,22717.94,Cash on Delivery,Cancelled,Seller Cancelled,Indore,Android,Home
ORD0003166,CUST000685,SELL0954,2026-06-01,23:20:52,2026-06-03,2026-06-03,29522.39,UPI,Delivered,,Indore,Web,Furniture
ORD0003167,CUST000434,SELL0263,2026-05-13,05:07:45,2026-05-17,2026-05-17,62041.29,UPI,Delivered,,Kochi,Web,Home
ORD0003168,CUST000608,SELL0612,2026-05-18,03:08:29,2026-05-24,2026-05-24,56235.15,Bank Transfer,Delivered,,Noida,Mobile Web,Appliances
ORD0003169,CUST000820,SELL0714,2026-05-28,13:42:05,2026-05-31,2026-05-29,28548.47,UPI,Delivered,,Pune,Web,Appliances
ORD0003170,CUST000419,SELL0763,2026-06-10,05:21:12,2026-06-15,2026-06-15,16068.12,Cash on Delivery,Returned,Damaged Item,Gurugram,Android,Books
ORD0003171,CUST000805,SELL0532,2026-06-07,00:35:07,2026-06-14,,31714.8,Wallet,Processing,Warehouse Delay,Bengaluru,Web,Sports
ORD0003172,CUST000199,SELL0920,2026-06-12,15:33:36,2026-06-15,,47783.27,Card,Processing,Seller Dispatch Pending,Indore,iOS,Appliances
ORD0003173,CUST001161,SELL0297,2026-06-03,11:41:38,2026-06-09,2026-06-14,997.72,UPI,Delayed,Weather Delay,Kolkata,Web,Appliances
ORD0003174,CUST000279,SELL0298,2026-05-03,20:53:07,2026-05-07,2026-05-07,21228.54,Cash on Delivery,Delivered,,Kochi,iOS,Beauty
ORD0003175,CUST000938,SELL0842,2026-05-21,15:49:02,2026-05-28,2026-05-28,52415.41,Card,Delivered,,Coimbatore,Android,Beauty
ORD0003176,CUST000543,SELL0210,2026-05-24,21:23:58,2026-05-30,2026-05-30,63972.17,Cash on Delivery,Delivered,,Coimbatore,iOS,Appliances
ORD0003177,CUST000048,SELL0804,2026-06-08,03:14:20,2026-06-14,2026-06-13,835.5,Card,Delivered,,Noida,Android,Home
ORD0003178,CUST000014,SELL0636,2026-05-18,06:54:39,2026-05-20,2026-05-26,20864.78,UPI,Delayed,Address Issue,Bengaluru,Android,Appliances
ORD0003179,CUST001145,SELL0390,2026-05-03,17:13:58,2026-05-05,2026-05-05,52646.73,Wallet,Delivered,,Chennai,Mobile Web,Mobiles
ORD0003180,CUST000646,SELL0384,2026-05-12,08:43:04,2026-05-14,,39269.62,Bank Transfer,Processing,Seller Dispatch Pending,Nagpur,Mobile Web,Fashion
ORD0003181,CUST000741,SELL0997,2026-06-13,17:16:16,2026-06-20,2026-06-28,5517.72,Card,Returned,Wrong Item,Pune,Web,Electronics
ORD0003182,CUST000888,SELL0142,2026-05-24,11:09:31,2026-05-28,2026-05-27,14973.5,Bank Transfer,Delivered,,Kolkata,Web,Furniture
ORD0003183,CUST000430,SELL0497,2026-05-29,15:34:41,2026-06-02,2026-06-08,25434.39,Cash on Delivery,Delayed,Weather Delay,Gurugram,Android,Home
ORD0003184,CUST000052,SELL0256,2026-05-23,05:31:02,2026-05-29,,58699.87,Wallet,Cancelled,Customer Cancelled,Gurugram,Mobile Web,Furniture
ORD0001352,CUST000097,SELL0435,2026-05-16,13:43:17,2026-05-23,2026-05-25,55914.34,Bank Transfer,Delivered,,Jaipur,Web,Sports
ORD0003186,CUST000647,SELL0809,2026-05-26,15:23:19,2026-05-31,,24833.46,Wallet,Lost,Package Lost,Mumbai,Android,Books
ORD0003187,CUST000829,SELL0213,2026-06-02,09:38:42,2026-06-09,,25625.23,Cash on Delivery,Cancelled,Payment Failed,Ahmedabad,Mobile Web,Mobiles
ORD0003188,CUST000047,SELL0304,2026-05-13,07:10:01,2026-05-16,2026-05-16,45203.97,UPI,Delivered,,Pune,Mobile Web,Electronics
ORD0003189,CUST000237,SELL0747,2026-05-17,18:17:38,2026-05-22,2026-05-23,61630.84,UPI,Delivered,,Chennai,Web,Appliances
ORD0003190,CUST000136,SELL0325,2026-06-07,03:44:50,2026-06-14,,29167.53,Wallet,Cancelled,Customer Cancelled,Kochi,iOS,Fashion
ORD0003191,CUST001087,SELL0577,2026-05-05,10:14:52,2026-05-10,2026-05-10,55229.03,Cash on Delivery,Delivered,,Lucknow,Mobile Web,Sports
ORD0003192,CUST000028,SELL0142,2026-05-29,17:32:17,2026-06-03,2026-06-07,26528.51,Card,Refund Pending,Payment Hold,Chennai,iOS,Furniture
ORD0003193,CUST000316,SELL0556,2026-06-12,19:48:26,2026-06-19,2026-06-19,58725.71,Card,Delivered,,Lucknow,Android,Beauty
ORD0003194,CUST000167,SELL0750,2026-05-29,10:35:19,2026-06-01,2026-06-11,10176.72,Wallet,Delayed,Courier Delay,Pune,iOS,Home
ORD0003195,CUST000563,SELL0560,2026-05-29,23:34:21,2026-05-31,2026-06-02,33104.52,Cash on Delivery,Delivered,,Ahmedabad,Web,Beauty
ORD0003196,CUST001041,SELL0606,2026-05-15,19:36:39,2026-05-21,2026-05-22,27808.55,Bank Transfer,Delivered,,Mumbai,Mobile Web,Appliances
ORD0003197,CUST000039,SELL0125,2026-06-04,04:39:48,2026-06-08,,10715.32,Wallet,Cancelled,Customer Cancelled,Gurugram,Web,Furniture
ORD0003198,CUST000717,SELL0787,2026-05-05,11:33:38,2026-05-09,,15766.72,Card,Processing,Warehouse Delay,Chennai,Mobile Web,Sports
ORD0003199,CUST000635,SELL0830,2026-05-29,05:17:46,2026-05-31,,1902.05,UPI,Processing,Warehouse Delay,Indore,iOS,Books
ORD0003200,CUST000757,SELL0472,2026-05-03,02:22:28,2026-05-09,,3560.9,Card,Processing,Seller Dispatch Pending,Chennai,Mobile Web,Appliances
ORD0003201,CUST000249,SELL0290,2026-06-07,11:04:46,2026-06-10,2026-06-09,36392.7,Cash on Delivery,Delivered,,Hyderabad,Mobile Web,Home
ORD0003202,CUST000548,SELL0501,2026-05-03,08:46:12,2026-05-10,2026-05-10,64858.9,UPI,Delivered,,Noida,Web,Appliances
ORD0003203,CUST000302,SELL0637,2026-05-29,20:27:00,2026-06-02,2026-06-01,56029.68,Card,Delivered,,Jaipur,Android,Furniture
ORD0003204,CUST000863,SELL0487,2026-05-05,06:07:02,2026-05-11,,50011.46,UPI,Processing,Seller Dispatch Pending,Kolkata,iOS,Mobiles
ORD0003205,CUST000607,SELL0061,2026-06-05,09:55:42,2026-06-08,2026-06-11,18026.68,UPI,Returned,Damaged Item,Indore,Mobile Web,Grocery
ORD0003206,CUST001075,SELL0731,2026-05-02,21:11:09,2026-05-08,2026-05-10,27292.88,Wallet,Delivered,,Gurugram,Android,Furniture
ORD0003207,CUST000665,SELL0881,2026-05-24,02:13:01,2026-05-29,2026-05-28,26967.56,Bank Transfer,Delivered,,Ahmedabad,Web,Electronics
ORD0003208,CUST000720,SELL0053,2026-05-08,21:43:56,2026-05-15,2026-05-14,16789.27,Bank Transfer,DELIVERED,,Delhi,Mobile Web,Sports
ORD0003209,CUST000110,SELL0225,2026-05-07,17:55:07,2026-05-14,2026-05-12,12889.5,Cash on Delivery,Delivered,,Kochi,iOS,Fashion
ORD0003210,CUST001081,SELL0338,2026-06-03,13:07:43,2026-06-10,2026-06-10,25126.81,Card,Delivered,,Ahmedabad,Web,Beauty
ORD0003211,CUST000860,SELL0707,2026-06-12,10:59:38,2026-06-17,2026-06-20,6844.24,Wallet,Refund Pending,Payment Hold,Noida,Android,Electronics
ORD0003212,CUST000711,SELL0655,2026-05-10,04:54:26,2026-05-16,2026-05-16,44680.62,Bank Transfer,Delivered,,Pune,Mobile Web,Mobiles
ORD0003213,CUST000870,SELL0843,2026-06-09,09:42:40,2026-06-13,,14786.99,Cash on Delivery,Cancelled,Customer Cancelled,Coimbatore,Android,Electronics
ORD0003214,CUST001061,SELL0368,2026-06-06,15:42:44,2026-06-11,2026-06-11,46091.14,Wallet,Delivered,,Nagpur,Mobile Web,Fashion
ORD0003215,CUST000523,SELL0087,2026-05-12,11:16:14,2026-05-17,2026-05-18,10336.96,Wallet,Delivered,,Coimbatore,Android,Fashion
ORD0003216,CUST000646,SELL0108,2026-05-26,19:04:01,2026-05-29,,19777.55,Cash on Delivery,Cancelled,Customer Cancelled,Delhi,Web,Mobiles
ORD0003217,CUST000729,SELL0525,2026-05-29,23:17:59,2026-06-01,2026-06-01,17461.17,Cash on Delivery,Delivered,,Mumbai,iOS,Sports
ORD0003218,CUST000020,SELL0344,2026-06-11,02:02:58,2026-06-18,2026-06-18,23361.2,Cash on Delivery,Delivered,,Hyderabad,Mobile Web,Books
ORD0003219,CUST000315,SELL0018,2026-05-26,02:02:34,2026-05-31,2026-05-31,26410.69,Card,Delivered,,Gurugram,Android,Beauty
ORD0003220,CUST000108,SELL0340,2026-05-16,08:54:22,2026-05-23,2026-06-01,34135.4,UPI,Returned,Wrong Item,Mumbai,Android,Sports
ORD0003221,CUST000029,SELL0765,2026-06-08,01:06:57,2026-06-10,2026-06-11,23005.91,Bank Transfer,Delivered,,Nagpur,Web,Furniture
ORD0003222,CUST000805,SELL0648,2026-05-31,18:29:19,2026-06-05,2026-06-05,5265.74,Bank Transfer,Delivered,,Lucknow,Android,Home
ORD0003223,CUST000777,SELL0153,2026-05-16,09:50:16,2026-05-18,2026-05-18,29709.03,UPI,Delivered,,Mumbai,Mobile Web,Grocery
ORD0003224,CUST000403,SELL0395,2026-05-24,23:13:12,2026-05-28,2026-06-02,57420.55,Wallet,Delayed,Weather Delay,Jaipur,Web,Fashion
ORD0003225,CUST000754,SELL0459,2026-05-15,04:16:44,2026-05-20,2026-05-20,61258.64,Cash on Delivery,Delivered,,Chennai,iOS,Furniture
ORD0003226,CUST000961,SELL0718,2026-05-23,18:14:28,2026-05-25,2026-05-29,34514.58,Wallet,Refund Pending,Refund Awaited,Kolkata,Web,Sports
ORD0003227,CUST001133,SELL0265,2026-06-10,18:51:24,2026-06-17,2026-06-18,60226.45,Bank Transfer,Refund Pending,Refund Awaited,Lucknow,Android,Fashion
ORD0003228,CUST000247,SELL0391,2026-06-06,17:11:33,2026-06-12,2026-06-21,39691.79,cash on delivery,Delayed,Weather Delay,Delhi,Android,Books
ORD0003229,CUST000384,SELL0776,2026-05-21,11:37:33,2026-05-24,2026-05-23,58343.5,Bank Transfer,Delivered,,Nagpur,Mobile Web,Grocery
ORD0003230,CUST000075,SELL0932,2026-05-16,05:05:08,2026-05-21,2026-05-22,17303.55,Wallet,DELIVERED,,Pune,Android,Books
ORD0003231,CUST000202,SELL0826,2026-05-22,15:08:47,2026-05-26,2026-05-28,7514.27,Card,Delivered,,Pune,iOS,Grocery
ORD0003232,CUST000739,SELL0419,2026-05-14,22:41:38,2026-05-21,2026-05-20,17754.5,Card,Delivered,,Mumbai,Web,Home
ORD0003233,CUST000466,SELL0984,2026-05-06,20:45:59,2026-05-10,2026-05-08,3703.63,Bank Transfer,Delivered,,Mumbai,Mobile Web,Fashion
ORD0003234,CUST000224,SELL0010,2026-05-23,18:43:43,2026-05-29,2026-05-28,20286.49,Card,Delivered,,Hyderabad,Web,Grocery
ORD0003235,CUST000201,SELL0634,2026-06-09,13:28:42,2026-06-12,2026-06-14,49782.56,Cash on Delivery,Delivered,,Chennai,iOS,Grocery
ORD0003236,CUST000316,SELL0599,2026-06-02,00:42:55,2026-06-04,2026-06-02,54542.18,Wallet,Delivered,,Delhi,iOS,Beauty
ORD0003237,CUST000001,SELL0809,2026-05-18,10:29:19,2026-05-21,2026-05-30,26849.01,Cash on Delivery,Delayed,Seller Dispatch Delay,Noida,Android,Books
ORD0003238,CUST000595,SELL0293,2026-05-13,19:56:48,2026-05-19,,23118.86,UPI,Lost,Package Lost,Kolkata,Android,Appliances
ORD0003239,CUST000281,SELL0736,2026-05-26,19:12:21,2026-06-02,2026-06-01,34403.05,Cash on Delivery,Delivered,,Bengaluru,iOS,Mobiles
ORD0003240,CUST000897,SELL0357,2026-05-30,14:25:37,2026-06-02,2026-05-31,44762.86,UPI,Delivered,,Lucknow,Web,Beauty
ORD0003241,CUST000092,SELL0612,2026-05-16,10:50:35,2026-05-21,2026-05-22,4439.1,Cash on Delivery,Delivered,,Hyderabad,Android,Appliances
ORD0003242,CUST000378,SELL0486,2026-05-06,09:19:37,2026-05-10,,2213.62,Cash on Delivery,Cancelled,Customer Cancelled,Noida,Web,Home
ORD0003243,CUST001070,SELL0325,2026-06-09,06:05:53,2026-06-16,,32504.76,Wallet,Processing,Address Verification,Lucknow,Web,Fashion
ORD0003244,CUST000989,SELL0361,2026-05-16,18:18:39,2026-05-21,2026-05-20,28165.71,Cash on Delivery,Delivered,,Nagpur,Web,Home
ORD0003245,CUST000874,SELL0009,2026-05-03,13:02:49,2026-05-07,,1762.29,Wallet,Processing,Warehouse Delay,Kolkata,iOS,Electronics
ORD0003246,CUST000007,SELL0137,2026-05-18,03:57:47,2026-05-22,,22871.87,Cash on Delivery,Cancelled,Seller Cancelled,Noida,Mobile Web,Mobiles
ORD0003247,CUST001117,SELL0339,2026-05-17,08:40:28,2026-05-20,2026-05-19,56364.28,Bank Transfer,Delivered,,Noida,iOS,Appliances
ORD0003248,CUST001176,SELL0209,2026-05-18,14:10:30,2026-05-22,2026-05-23,20173.78,Bank Transfer,Delivered,,Hyderabad,Web,Mobiles
ORD0003249,CUST000192,SELL0318,2026-05-20,20:23:03,2026-05-26,,59526.4,Bank Transfer,Processing,Address Verification,Jaipur,iOS,Sports
ORD0003250,CUST000394,SELL0076,2026-05-20,10:39:25,2026-05-26,,43227.46,Wallet,Processing,Seller Dispatch Pending,Nagpur,iOS,Beauty
ORD0003251,CUST000995,SELL0889,2026-05-03,15:14:30,2026-05-10,2026-05-10,29887.26,Bank Transfer,Delivered,,Jaipur,Web,Beauty
ORD0003252,CUST000325,SELL0900,2026-05-04,15:46:23,2026-05-06,2026-05-15,53877.62,UPI,Returned,Customer Return,Hyderabad,Android,Grocery
ORD0003253,CUST001101,SELL0404,2026-06-01,06:21:57,2026-06-05,2026-06-09,30901.21,UPI,Delayed,Address Issue,Mumbai,Web,Mobiles
ORD0003254,CUST000676,SELL0681,2026-05-29,12:43:45,2026-06-03,2026-06-01,35361.1,Bank Transfer,Delivered,,Nagpur,Web,Electronics
ORD0003255,CUST000620,SELL0384,2026-05-20,09:56:20,2026-05-26,2026-05-26,25337.87,Wallet, Delivered ,,Gurugram,iOS,Fashion
ORD0000590,CUST001050,SELL0709,2026-05-20,19:17:02,2026-05-24,2026-05-24,19384.12,Bank Transfer,Delivered,,Chennai,Android,Books
ORD0003257,CUST000812,SELL0428,2026-05-05,03:21:11,2026-05-09,2026-05-10,29913.99,Wallet,Delivered,,Mumbai,Mobile Web,Fashion
ORD0003258,CUST000721,SELL0135,2026-06-07,14:15:38,2026-06-14,2026-06-23,14347.25,Bank Transfer,Delayed,Weather Delay,Kochi,Web,Grocery
ORD0003259,CUST000472,SELL0211,2026-06-05,18:46:08,2026-06-12,,63031.63,Bank Transfer,Processing,Warehouse Delay,Jaipur,Mobile Web,Beauty
ORD0003260,CUST000172,SELL0300,2026-05-02,07:58:05,2026-05-06,,1778.03,Card,Processing,Seller Dispatch Pending,Delhi,Android,Home
ORD0003261,CUST000284,SELL0861,2026-05-13,01:26:47,2026-05-18,,10031.27,UPI,Cancelled,Customer Cancelled,Kolkata,Android,Books
ORD0003262,CUST000284,SELL0547,2026-06-02,10:05:06,2026-06-06,,8339.13,UPI,Cancelled,Payment Failed,Kolkata,iOS,Electronics
ORD0003263,CUST001047,SELL0805,2026-05-05,01:02:13,2026-05-07,2026-05-14,53003.96,Wallet,Refund Pending,Return Pickup Pending,Hyderabad,iOS,Beauty
ORD0003264,CUST000230,SELL0221,2026-05-30,10:51:17,2026-06-05,2026-06-04,61893.11,Wallet,Delivered,,Indore,iOS,Sports
ORD0003265,CUST001072,SELL0478,2026-06-14,10:24:22,2026-06-20,,6671.69,Cash on Delivery,Processing,Warehouse Delay,Indore,Mobile Web,Beauty
ORD0003266,CUST000122,SELL0338,2026-05-09,15:27:34,2026-05-13,2026-05-19,38275.92,Cash on Delivery,Delayed,Weather Delay,Mumbai,Web,Beauty
ORD0003267,CUST000177,SELL0380,2026-06-14,19:45:11,2026-06-18,,27247.19,Cash on Delivery,cancelled,Customer Cancelled,Gurugram,Mobile Web,Grocery
ORD0003268,CUST000811,SELL0718,2026-06-07,14:08:26,2026-06-12,2026-06-11,27419.8,cash on delivery,Delivered,,Lucknow,Web,Sports
ORD0003269,CUST000364,SELL0030,2026-05-19,08:19:51,2026-05-21,2026-05-21,64991.35,UPI,Delivered,,Ahmedabad,Web,Home
ORD0003270,CUST000073,SELL0793,2026-06-05,15:35:30,2026-06-11,2026-06-12,44530.17,Cash on Delivery,Refund Pending,Return Pickup Pending,Indore,iOS,Mobiles
ORD0003271,CUST000989,SELL0595,2026-06-10,10:57:23,2026-06-17,2026-06-19,63405.81,Card,Delivered,,Nagpur,Android,Sports
ORD0003272,CUST000913,SELL0217,2026-06-11,11:17:12,2026-06-18,,29263.89,Wallet,Lost,Package Lost,Chennai,iOS,Mobiles
ORD0003273,CUST000069,SELL0925,2026-05-12,04:25:00,2026-05-18,2026-05-19,52564.1,Card,Delivered,,Chennai,Web,Furniture
ORD0003274,CUST000698,SELL0911,2026-05-22,21:08:39,2026-05-25,2026-05-26,32920.14,Wallet,Delivered,,Pune,iOS,Books
ORD0003275,CUST000871,SELL0833,2026-05-26,01:40:04,2026-05-30,,23962.53,Wallet,Processing,Warehouse Delay,Mumbai,Mobile Web,Home
ORD0003276,CUST001124,SELL0552,2026-05-04,21:23:00,2026-05-11,2026-05-11,8990.04,UPI,Delivered,,Nagpur,iOS,Appliances
ORD0003277,CUST000030,SELL0466,2026-05-25,16:34:01,2026-05-31,,52024.96,Bank Transfer,Processing,Warehouse Delay,Nagpur,Web,Books
ORD0003278,CUST000666,SELL0950,2026-06-13,13:24:07,2026-06-20,2026-06-24,10201.44,Card,Returned,Damaged Item,Kolkata,Mobile Web,Grocery
ORD0003279,CUST000488,SELL0541,2026-05-19,12:28:33,2026-05-21,,63978.76,Wallet,Cancelled,Seller Cancelled,Jaipur,Web,Furniture
ORD0003280,CUST000635,SELL0083,2026-05-30,07:52:33,2026-06-04,2026-06-06,51070.41,Wallet,Delivered,,Delhi,iOS,Fashion
ORD0003281,CUST000148,SELL0894,2026-06-04,16:22:10,2026-06-08,,38556.34,Cash on Delivery,Lost,Package Lost,Pune,Mobile Web,Furniture
ORD0003282,CUST000052,SELL0548,2026-05-26,17:32:02,2026-05-28,2026-05-28,63104.59,Cash on Delivery,Delivered,,Coimbatore,iOS,Sports
ORD0003283,CUST000800,SELL0534,2026-05-28,10:24:23,2026-06-01,2026-05-31,20903.5,Bank Transfer,Delivered,,Bengaluru,Web,Home
ORD0003284,CUST000284,SELL0790,2026-06-13,10:28:27,2026-06-19,,13069.63,UPI, Cancelled ,Payment Failed,Coimbatore,Web,Books
ORD0003285,CUST001060,SELL0184,2026-05-03,16:18:03,2026-05-10,2026-05-11,9531.66,Cash on Delivery,Returned,Size Issue,Lucknow,Mobile Web,Home
ORD0003286,CUST000179,SELL0027,2026-05-20,00:12:08,2026-05-24,2026-05-30,44586.97,Wallet,Returned,Size Issue,Kochi,Web,Appliances
ORD0003287,CUST000471,SELL0943,2026-05-03,15:26:15,2026-05-06,2026-05-15,22361.37,Card,Delayed,Courier Delay,Kochi,Web,Furniture
ORD0003288,CUST000707,SELL0811,2026-05-22,07:06:33,2026-05-27,2026-05-26,29161.27,Cash on Delivery,Delivered,,Bengaluru,Web,Furniture
ORD0003289,CUST000400,SELL0751,2026-06-10,10:23:08,2026-06-12,2026-06-13,8620.16,Card,Delivered,,Mumbai,iOS,Books
ORD0003290,CUST000406,SELL0532,2026-05-06,11:08:15,2026-05-11,2026-05-11,24897.11,Bank Transfer,Delivered,,Pune,Mobile Web,Sports
ORD0003291,CUST000280,SELL0662,2026-05-03,20:13:06,2026-05-09,,38860.76,Card,Processing,Seller Dispatch Pending,Noida,iOS,Mobiles
ORD0003292,CUST000334,SELL0152,2026-05-17,00:51:20,2026-05-24,2026-05-24,34925.26,Wallet,Delivered,,Jaipur,Mobile Web,Furniture
ORD0003293,CUST000044,SELL0855,2026-05-14,18:04:13,2026-05-19,,19618.86,Cash on Delivery,Processing,Seller Dispatch Pending,Kochi,Mobile Web,Fashion
ORD0003294,CUST000950,SELL0566,2026-06-08,21:16:49,2026-06-15,2026-06-15,49550.23,Bank Transfer,Delivered,,Jaipur,iOS,Sports
ORD0003295,CUST001161,SELL0074,2026-05-01,00:02:06,2026-05-05,2026-05-05,38287.37,Card,Delivered,,Gurugram,Web,Mobiles
ORD0003296,CUST000872,SELL0857,2026-05-12,01:24:16,2026-05-19,,20171.33,Cash on Delivery,Cancelled,Payment Failed,Pune,Web,Beauty
ORD0003297,CUST000512,SELL0010,2026-06-14,11:51:01,2026-06-21,2026-06-22,17652.6,UPI,Delivered,,Mumbai,Web,Grocery
ORD0003298,CUST000238,SELL0426,2026-05-24,21:37:11,2026-05-31,2026-05-30,20138.65,Wallet,Delivered,,Nagpur,Web,Grocery
ORD0003299,CUST000961,SELL0152,2026-05-10,15:15:26,2026-05-14,,4371.34,Cash on Delivery,Cancelled,Payment Failed,Pune,Web,Furniture
ORD0003300,CUST000323,SELL0957,2026-05-09,12:02:41,2026-05-12,,21178.84,Cash on Delivery,Processing,Warehouse Delay,Chennai,Web,Mobiles
ORD0003301,CUST000801,SELL0900,2026-06-10,06:15:34,2026-06-12,2026-06-17,22868.85,UPI,Returned,Damaged Item,Ahmedabad,Android,Grocery
ORD0003302,CUST001145,SELL0457,2026-05-01,11:26:44,2026-05-03,2026-05-03,36223.57,Wallet,Delivered,,Kochi,iOS,Grocery
ORD0003303,CUST000581,SELL0559,2026-05-07,16:08:18,2026-05-10,2026-05-10,39834.01,Wallet,Delivered,,Noida,iOS,Mobiles
ORD0003304,CUST000357,SELL0930,2026-06-06,16:51:48,2026-06-13,2026-06-12,64671.25,Bank Transfer,Delivered,,Ahmedabad,iOS,Fashion
ORD0003305,CUST000009,SELL0674,2026-05-09,19:47:57,2026-05-11,2026-05-11,7051.24,Cash on Delivery,Delivered,,Lucknow,iOS,Sports
ORD0003306,CUST000767,SELL0671,2026-05-06,04:49:14,2026-05-11,,48183.67,BANK TRANSFER, Processing ,Warehouse Delay,Kolkata,Web,Appliances
ORD0003307,CUST000879,SELL0571,2026-06-07,00:39:15,2026-06-13,2026-06-12,50948.52,Cash on Delivery,Delivered,,Hyderabad,iOS,Beauty
ORD0003308,CUST000746,SELL0496,2026-06-04,11:11:49,2026-06-09,2026-06-10,477.95,Wallet,Refund Pending,Return Pickup Pending,Chennai,Android,Furniture
ORD0003309,CUST000451,SELL0423,2026-05-24,10:43:03,2026-05-29,2026-05-29,14396.8,Card,Delivered,,Chennai,iOS,Furniture
ORD0003310,CUST001003,SELL0050,2026-05-20,12:28:57,2026-05-22,2026-05-23,20162.89,UPI,Delivered,,Jaipur,Android,Books
ORD0003311,CUST001146,SELL0093,2026-05-25,23:49:47,2026-05-31,2026-06-08,5133.68,Cash on Delivery,Returned,Wrong Item,Nagpur,Android,Electronics
ORD0003312,CUST001051,SELL0640,2026-06-07,05:57:50,2026-06-10,2026-06-09,23947.36,Card,Delivered,,Delhi,Mobile Web,Sports
ORD0003313,CUST000310,SELL0001,2026-05-31,17:36:54,2026-06-03,,29768.43,Cash on Delivery,Cancelled,Payment Failed,Kochi,Web,Electronics
ORD0003314,CUST001039,SELL0002,2026-05-13,16:03:51,2026-05-16,2026-05-20,12881.54,Bank Transfer,Refund Pending,Payment Hold,Jaipur,Android,Beauty
ORD0003315,CUST000994,SELL0269,2026-05-31,14:33:23,2026-06-02,,17508.81,Card,Processing,Warehouse Delay,Lucknow,iOS,Mobiles
ORD0003316,CUST000941,SELL0439,2026-05-05,08:04:48,2026-05-07,2026-05-07,60731.53,Wallet,Delivered,,Lucknow,Web,Books
ORD0003317,CUST001030,SELL0819,2026-06-04,19:32:04,2026-06-06,,56749.91,Bank Transfer,Processing,Warehouse Delay,Coimbatore,Mobile Web,Home
ORD0003318,CUST000145,SELL0573,2026-05-17,15:15:11,2026-05-21,2026-05-20,14468.43,Bank Transfer,Delivered,,Chennai,Web,Fashion
ORD0003319,CUST000593,SELL0696,2026-05-08,15:10:36,2026-05-12,2026-05-19,3411.6,Wallet,Returned,Wrong Item,Jaipur,Android,Sports
ORD0003320,CUST001003,SELL0953,2026-06-06,16:11:24,2026-06-10,2026-06-13,27858.39,UPI,Refund Pending,Payment Hold,Jaipur,Mobile Web,Books
ORD0003321,CUST000690,SELL0065,2026-05-29,05:33:56,2026-06-02,2026-06-11,42067.66,Bank Transfer,Delayed,Courier Delay,Noida,Mobile Web,Grocery
ORD0003322,CUST000811,SELL0964,2026-06-01,20:24:01,2026-06-08,2026-06-11,9366.43,Cash on Delivery,Refund Pending,Refund Awaited,Nagpur,Android,Home
ORD0003323,CUST000536,SELL0654,2026-05-08,08:36:49,2026-05-10,2026-05-10,50537.42,Wallet,Delivered,,Lucknow,iOS,Books
ORD0003324,CUST000175,SELL0707,2026-05-26,09:16:59,2026-06-01,2026-05-30,1865.21,Bank Transfer,Delivered,,Kolkata,Web,Electronics
ORD0003325,CUST000052,SELL0878,2026-05-28,15:41:57,2026-06-02,2026-06-01,19774.44,Bank Transfer,Delivered,,Jaipur,Android,Beauty
ORD0003326,CUST000679,SELL0649,2026-05-21,01:47:19,2026-05-27,,10341.58,Card,Processing,Warehouse Delay,Chennai,iOS,Fashion
ORD0003327,CUST000762,SELL0736,2026-05-26,12:59:12,2026-06-01,2026-06-08,52112.81,Wallet,Returned,Damaged Item,Ahmedabad,Web,Mobiles
ORD0003328,CUST000034,SELL0731,2026-05-24,02:06:30,2026-05-28,2026-05-29,61154.19,Cash on Delivery,Delivered,,Delhi,Android,Furniture
ORD0003329,CUST000009,SELL0355,2026-05-17,06:05:00,2026-05-23,2026-05-22,40509.23,Cash on Delivery,Delivered,,Jaipur,Android,Home
ORD0003330,CUST000375,SELL0331,2026-05-21,22:46:24,2026-05-23,2026-06-02,19346.28,UPI,Delayed,Address Issue,Kolkata,Mobile Web,Grocery
ORD0003331,CUST000650,SELL0022,2026-05-09,02:24:07,2026-05-13,2026-05-22,49230.64,Bank Transfer,Delayed,Weather Delay,Coimbatore,iOS,Sports
ORD0003332,CUST000691,SELL0575,2026-05-28,19:47:07,2026-05-31,2026-06-04,30994.39,UPI,Returned,Wrong Item,Delhi,Mobile Web,Mobiles
ORD0003333,CUST000572,SELL0225,2026-06-09,10:22:52,2026-06-14,2026-06-17,14337.62,Wallet,Delayed,Courier Delay,Kochi,Android,Fashion
ORD0003334,CUST000821,SELL0349,2026-05-25,17:54:24,2026-05-31,2026-05-31,63303.68,UPI,Delivered,,Gurugram,Mobile Web,Fashion
ORD0003335,CUST000401,SELL0509,2026-06-05,19:45:20,2026-06-12,2026-06-11,59962.38,Bank Transfer,Delivered,,Kochi,iOS,Beauty
ORD0003336,CUST000083,SELL0251,2026-06-07,03:34:24,2026-06-12,2026-06-18,34417.82,Wallet,Delayed,Last Mile Capacity,Nagpur,iOS,Furniture
ORD0003337,CUST000815,SELL0950,2026-05-02,13:04:25,2026-05-04,2026-05-04,19943.07,Wallet,Delivered,, JAIPUR ,iOS,Grocery
ORD0003338,CUST001154,SELL0968,2026-05-13,13:32:21,2026-05-19,2026-05-19,55182.63,Cash on Delivery,Delivered,,Bengaluru,Web,Sports
ORD0003339,CUST001048,SELL0019,2026-05-24,08:14:11,2026-05-29,,62186.79,Bank Transfer,Cancelled,Payment Failed,Ahmedabad,iOS,Books
ORD0003340,CUST000360,SELL0350,2026-05-02,13:09:03,2026-05-06,2026-05-07,54136.61,Cash on Delivery,Delivered,,Bengaluru,Web,Furniture
ORD0003341,CUST000928,SELL0746,2026-06-14,13:59:51,2026-06-21,2026-06-23,46480.45,Wallet,Delayed,Weather Delay,Pune,Mobile Web,Grocery
ORD0003342,CUST000484,SELL0508,2026-05-19,09:20:36,2026-05-22,2026-05-22,16996.34,Cash on Delivery,Delivered,,Nagpur,Mobile Web,Fashion
ORD0003343,CUST000367,SELL0810,2026-05-14,18:32:24,2026-05-19,2026-05-22,18148.1,Wallet,Delayed,Last Mile Capacity,Nagpur,Android,Furniture
ORD0003344,CUST000497,SELL0270,2026-05-11,09:54:16,2026-05-14,2026-05-13,44395.08,UPI,Delivered,,Lucknow,Web,Electronics
ORD0003345,CUST001082,SELL0534,2026-05-20,16:48:48,2026-05-23,2026-05-25,21216.27,Wallet,Refund Pending,Payment Hold,Lucknow,iOS,Home
ORD0003346,CUST000030,SELL0114,2026-06-05,18:32:25,2026-06-07,,36525.8,Wallet,Lost,Package Lost,Kochi,iOS,Beauty
ORD0003347,CUST000261,SELL0675,2026-05-11,11:45:16,2026-05-14,2026-05-15,60516.21,UPI,Refund Pending,Payment Hold,Lucknow,iOS,Grocery
ORD0003348,CUST001059,SELL0064,2026-05-03,10:50:59,2026-05-07,2026-05-07,62875.02,Cash on Delivery,Returned,Customer Return,Lucknow,Mobile Web,Appliances
ORD0003349,CUST000670,SELL0782,2026-06-12,10:41:55,2026-06-16,2026-06-21,39839.79,UPI,Refund Pending,Payment Hold,Ahmedabad,iOS,Sports
ORD0003350,CUST000600,SELL0110,2026-06-08,13:55:13,2026-06-10,2026-06-10,29895.69,Wallet,Delivered,,Noida,Android,Grocery
ORD0003351,CUST001183,SELL0601,2026-06-03,15:12:33,2026-06-05,2026-06-04,6385.41,UPI,Delivered,,Jaipur,Android,Appliances
ORD0003352,CUST000367,SELL0689,2026-05-05,01:45:39,2026-05-12,2026-05-14,8895.54,Bank Transfer,Delivered,,Nagpur,iOS,Books
ORD0003353,CUST000335,SELL0593,2026-05-20,18:50:05,2026-05-23,2026-05-25,43713.64,Wallet,Delayed,Weather Delay,Lucknow,Mobile Web,Beauty
ORD0003354,CUST000192,SELL0481,2026-06-11,12:34:10,2026-06-13,2026-06-22,1297.89,Bank Transfer, Delayed ,Courier Delay,Kochi,Mobile Web,Mobiles
ORD0003355,CUST000114,SELL0644,2026-05-13,03:55:52,2026-05-17,2026-05-16,40478.5,Wallet,Delivered,,Delhi,Android,Grocery
ORD0003356,CUST000662,SELL0094,2026-05-19,17:43:20,2026-05-21,2026-05-21,38406.37,Cash on Delivery,Delivered,,Pune,Web,Sports
ORD0003357,CUST000012,SELL0245,2026-06-13,00:10:41,2026-06-17,2026-06-20,53849.6,Cash on Delivery,Delayed,Courier Delay,Noida,Mobile Web,Appliances
ORD0003358,CUST001023,SELL0870,2026-05-24,14:24:15,2026-05-30,2026-05-30,36340.5,Card,Delivered,,Pune,Android,Mobiles
ORD0003359,CUST000249,SELL0747,2026-06-11,17:01:20,2026-06-18,2026-06-17,31734.5,Card,Delivered,,Kolkata,Android,Appliances
ORD0003360,CUST000699,SELL0970,2026-05-30,03:55:26,2026-06-02,,41400.53,Bank Transfer,Processing,Seller Dispatch Pending,Mumbai,Mobile Web,Fashion
ORD0003361,CUST000447,SELL0416,2026-05-28,07:14:01,2026-06-03,2026-06-03,32750.72,Card,Delivered,,Chennai,Mobile Web,Sports
ORD0003362,CUST000475,SELL0833,2026-05-20,19:54:29,2026-05-24,2026-05-27,8619.43,Bank Transfer,Delayed,Last Mile Capacity,Nagpur,Mobile Web,Home
ORD0003363,CUST000038,SELL0646,2026-05-21,13:13:21,2026-05-27,2026-05-27,56745.28,Card,DELIVERED,,Ahmedabad,Mobile Web,Books
ORD0003364,CUST000937,SELL0723,2026-05-23,05:13:53,2026-05-25,2026-05-27,19723.71,Card,Delivered,,Pune,Web,Books
ORD0003365,CUST000263,SELL0365,2026-06-09,16:28:56,2026-06-15,2026-06-15,46446.54,Card,Delivered,,Kochi,iOS,Beauty
ORD0003366,CUST000892,SELL0250,2026-05-07,19:24:34,2026-05-11,,32780.45,Bank Transfer,Processing,Warehouse Delay,Noida,iOS,Fashion
ORD0003367,CUST000295,SELL0347,2026-06-08,13:59:40,2026-06-15,2026-06-17,59728.69,Wallet,Delivered,,Delhi,Mobile Web,Grocery
ORD0003368,CUST000600,SELL0216,2026-05-21,11:03:07,2026-05-26,2026-05-26,12326.49,Card,Delivered,,Mumbai,Mobile Web,Fashion
ORD0003369,CUST001113,SELL0088,2026-06-05,21:59:13,2026-06-10,2026-06-09,62494.45,Cash on Delivery,Delivered,,Indore,Mobile Web,Books
ORD0003370,CUST000747,SELL0209,2026-05-28,13:21:09,2026-06-02,2026-06-01,25893.28,Wallet,Delivered,,Indore,iOS,Mobiles
ORD0003371,CUST000057,SELL0559,2026-06-03,21:09:22,2026-06-10,2026-06-10,14620.07,Card,Delivered,,Lucknow,Mobile Web,Mobiles
ORD0003372,CUST000408,SELL0130,2026-06-07,17:10:25,2026-06-12,2026-06-11,35895.09,UPI,Delivered,,Gurugram,Web,Mobiles
ORD0003373,CUST000532,SELL0495,2026-06-12,22:55:31,2026-06-19,,19787.46,Wallet,Lost,Package Lost,Kolkata,Mobile Web,Fashion
ORD0003374,CUST000308,SELL0149,2026-05-31,20:30:48,2026-06-02,2026-06-03,24032.6,UPI,Delivered,,Mumbai,Android,Fashion
ORD0003375,CUST000898,SELL0445,2026-05-26,19:34:46,2026-06-02,2026-06-02,12494.73,Card,Delivered,,Chennai,Mobile Web,Home
ORD0003376,CUST000595,SELL0401,2026-06-14,13:12:19,2026-06-21,2026-06-26,61884.87,Cash on Delivery,Refund Pending,Refund Awaited,Delhi,Web,Furniture
ORD0003377,CUST000496,SELL0367,2026-05-27,18:59:49,2026-05-29,2026-05-28,58726.52,Cash on Delivery,Delivered,,Jaipur,Android,Home
ORD0003378,CUST000999,SELL0259,2026-05-23,03:17:43,2026-05-26,,40235.12,Card,Processing,Seller Dispatch Pending, MUMBAI ,Mobile Web,Books
ORD0003379,CUST000102,SELL0805,2026-05-02,20:57:53,2026-05-05,2026-05-10,64630.06,Bank Transfer,Delayed,Address Issue,Ahmedabad,Mobile Web,Beauty
ORD0003380,CUSTX903985,SELL0792,2026-05-08,03:38:26,2026-05-13,2026-05-16,553.99,Card,Delayed,Weather Delay,Kolkata,Android,Books
ORD0003381,CUST000968,SELL0933,2026-06-08,15:00:14,2026-06-10,2026-06-13,33447.62,UPI,Delayed,Courier Delay,Indore,Mobile Web,Electronics
ORD0003382,CUST001072,SELL0544,2026-05-16,15:13:30,2026-05-23,2026-05-23,12619.31,Cash on Delivery,Delivered,,Bengaluru,Mobile Web,Beauty
ORD0003383,CUST000453,SELL0066,2026-05-08,15:02:20,2026-05-14,2026-05-14,23532.51,Wallet,Delivered,,Lucknow,Mobile Web,Books
ORD0003384,CUST001088,SELL0609,2026-05-14,17:36:53,2026-05-19,2026-05-29,46983.11,Card,Delayed,Last Mile Capacity,Nagpur,iOS,Appliances
ORD0003385,CUST000669,SELL0371,2026-05-11,01:09:39,2026-05-15,2026-05-15,43483.42,Wallet,Delivered,,Chennai,Web,Sports
ORD0003386,CUST000179,SELL0335,2026-05-27,17:10:35,2026-05-31,2026-06-11,4848.36,Card,Delayed,Courier Delay,Delhi,Mobile Web,Grocery
ORD0003387,CUST000961,SELL0044,2026-06-09,03:16:24,2026-06-16,2026-06-16,59383.41,Wallet,Delivered,,Delhi,Web,Books
ORD0003388,CUST000384,SELL0269,2026-05-09,00:48:30,2026-05-15,2026-05-21,37385.17,CASH ON DELIVERY,Refund Pending,Return Pickup Pending,Indore,Mobile Web,Mobiles
ORD0003389,CUST000764,SELL0695,2026-05-27,21:42:28,2026-06-03,2026-06-03,43425.6,Cash on Delivery,Delivered,,Kolkata,iOS,Mobiles
ORD0003390,CUST001100,SELL0746,2026-06-09,04:43:14,2026-06-14,2026-06-24,30311.3,Cash on Delivery,Delayed,Last Mile Capacity,Ahmedabad,iOS,Grocery
ORD0003391,CUST000918,SELL0105,2026-05-15,06:23:40,2026-05-21,2026-05-25,0.0,UPI,Refund Pending,Refund Awaited,Delhi,Web,Home
ORD0003392,CUST000189,SELL0133,2026-06-01,10:36:41,2026-06-03,2026-06-02,18871.24,Wallet,Delivered,,Ahmedabad,Mobile Web,Sports
ORD0003393,CUST000287,SELL0758,2026-06-09,18:42:07,2026-06-16,2026-06-14,43666.18,Cash on Delivery,Delivered,,Pune,Web,Sports
ORD0003394,CUST000337,SELL0126,2026-05-10,16:05:36,2026-05-13,2026-05-16,7239.33,Wallet,Returned,Customer Return,Noida,Web,Books
ORD0003395,CUST000744,SELL0945,2026-05-23,14:23:23,2026-05-30,2026-05-30,26193.73,Wallet,Delivered,,Gurugram,Mobile Web,Beauty
ORD0003396,CUST000857,SELL0062,2026-05-31,05:30:40,2026-06-04,2026-06-03,26759.33,Wallet,Delivered,,Delhi,Web,Electronics
ORD0003397,CUST000821,SELL0846,2026-06-09,10:36:16,2026-06-16,,44881.58,Wallet,Processing,Address Verification,Hyderabad,Android,Furniture
ORD0003398,CUST001196,SELL0799,2026-05-20,05:50:01,2026-05-27,,6933.56,Wallet,Lost,Package Lost,Chennai,Web,Appliances
ORD0003399,CUST000149,SELL0818,2026-05-22,01:54:03,2026-05-29,2026-05-29,22246.29,Cash on Delivery,Delivered,,Coimbatore,Android,Grocery
ORD0003400,CUST001037,SELL0040,2026-05-13,21:05:33,2026-05-19,2026-05-18,34665.79,Card,Delivered,,Gurugram,iOS,Grocery
ORD0003401,CUST001021,SELL0846,2026-05-20,16:40:20,2026-05-22,2026-05-22,29034.96,Bank Transfer,Delivered,,Ahmedabad,Android,Furniture
ORD0003402,CUST001121,SELL0276,2026-05-26,06:27:49,2026-05-29,2026-05-31,46405.84,Card,Refund Pending,Return Pickup Pending,Mumbai,Mobile Web,Electronics
ORD0003403,CUST000146,SELL0996,2026-05-09,06:20:50,2026-05-14,2026-05-13,60938.81,Bank Transfer,Delivered,,Jaipur,Android,Beauty
ORD0003404,CUST000032,SELL0997,2026-05-29,03:06:25,2026-06-02,2026-06-03,1996.63,Cash on Delivery,Delivered,,Delhi,Android,Electronics
ORD0003405,CUST000058,SELL0386,2026-06-07,21:47:17,2026-06-09,,35299.9,Wallet,Processing,Seller Dispatch Pending,Coimbatore,iOS,Sports
ORD0003406,CUST000623,SELL0996,2026-06-08,20:34:14,2026-06-11,2026-06-12,59609.03,Wallet,Returned,Customer Return,Indore,iOS,Beauty
ORD0003407,CUST001127,SELL0185,2026-05-15,21:01:28,2026-05-22,2026-05-24,34526.59,Bank Transfer,Refund Pending,Payment Hold,Pune,Web,Beauty
ORD0003408,CUST000187,SELL0929,2026-06-13,20:22:13,2026-06-19,2026-06-19,17472.93,Bank Transfer, Delivered ,,Hyderabad,Android,Mobiles
ORD0003409,CUST000032,SELL0286,2026-05-23,17:53:03,2026-05-26,2026-05-26,20590.91,Cash on Delivery,Delivered,,Hyderabad,Web,Grocery
ORD0003410,CUST001056,SELL0486,2026-06-13,17:23:09,2026-06-20,,43389.58,Bank Transfer,Cancelled,Seller Cancelled,Delhi,iOS,Home
ORD0003411,CUST000144,SELL0881,2026-05-14,10:34:25,2026-05-17,2026-05-25,24847.28,Bank Transfer,Returned,Wrong Item,Pune,iOS,Electronics
ORD0003412,CUST000199,SELL0215,2026-05-03,12:51:51,2026-05-10,,18819.96,Wallet,Cancelled,Seller Cancelled,Nagpur,Web,Grocery
ORD0003413,CUST000870,SELL0742,2026-05-08,17:38:45,2026-05-11,2026-05-15,14328.75,Card,Returned,Size Issue,Gurugram,Web,Beauty
ORD0003414,CUST000206,SELL0364,2026-06-06,11:28:02,2026-06-10,2026-06-11,59262.15,Card,Delivered,,Bengaluru,Mobile Web,Sports
ORD0003415,CUST000433,SELL0584,2026-05-28,01:41:25,2026-05-30,,31165.42,UPI,Cancelled,Seller Cancelled,Delhi,Mobile Web,Appliances
ORD0003416,CUST000172,SELL0413,2026-05-11,00:03:17,2026-05-17,,34158.57,UPI,Processing,Address Verification,Bengaluru,Mobile Web,Grocery
ORD0003417,CUST000919,SELL0386,2026-06-08,23:49:31,2026-06-14,2026-06-23,54160.96,Card,Delayed,Last Mile Capacity,Hyderabad,Android,Sports
ORD0003418,CUST000610,SELL0071,2026-05-17,18:41:13,2026-05-20,2026-05-22,22391.41,card,Delivered,,Kochi,Android,Mobiles
ORD0003419,CUST000683,SELL0746,2026-06-01,23:00:58,2026-06-06,2026-06-08,3425.42,Bank Transfer,Refund Pending,Refund Awaited,Delhi,Web,Grocery
ORD0003420,CUST000170,SELL0475,2026-05-28,23:01:58,2026-06-02,,4513.89,Wallet,Cancelled,Seller Cancelled,Kochi,Mobile Web,Electronics
ORD0003421,CUST000273,SELL0640,2026-05-15,05:04:35,2026-05-18,,4431.12,Bank Transfer,Processing,Warehouse Delay,Chennai,Web,Sports
ORD0003422,CUST000682,SELL0676,2026-05-10,18:21:11,2026-05-13,2026-05-14,6542.84,UPI,Delivered,,Hyderabad,Mobile Web,Mobiles
ORD0003423,CUST000722,SELL0886,2026-05-26,21:43:35,2026-06-02,,40180.98,UPI,Processing,Address Verification, KOCHI ,Mobile Web,Books
ORD0003424,CUST000119,SELL0613,2026-06-08,01:26:43,2026-06-13,,21006.7,Card,Cancelled,Payment Failed,Hyderabad,iOS,Grocery
ORD0003425,CUST001110,SELL0922,2026-05-31,11:36:36,2026-06-07,2026-06-09,41596.37,Card,Refund Pending,Payment Hold,Mumbai,Android,Mobiles
ORD0003426,CUST000384,SELL0209,2026-06-05,15:53:25,2026-06-08,2026-06-14,32302.42,Cash on Delivery,Returned,Wrong Item, JAIPUR ,Mobile Web,Mobiles
ORD0003427,CUST000268,SELL0536,2026-05-14,06:21:44,2026-05-19,2026-05-20,28680.71,Bank Transfer,Refund Pending,Return Pickup Pending,Delhi,Web,Electronics
ORD0003428,CUST000080,SELL0849,2026-05-22,11:39:11,2026-05-27,2026-05-28,50604.37,Wallet,Delivered,, NAGPUR ,iOS,Home
ORD0003429,CUST000867,SELL0091,2026-06-11,15:16:09,2026-06-16,2026-06-15,12458.51,Bank Transfer,DELIVERED,,Coimbatore,Mobile Web,Mobiles
ORD0003430,CUST001061,SELL0605,2026-06-10,03:20:33,2026-06-17,,33897.69,UPI,Cancelled,Payment Failed,Nagpur,Web,Grocery
ORD0003431,CUSTX908213,SELL0856,2026-05-12,04:45:49,2026-05-17,2026-05-18,28616.19,Bank Transfer,Delivered,,Jaipur,Web,Grocery
ORD0003432,CUST000255,SELL0192,2026-05-23,09:56:43,2026-05-28,,59844.15,Bank Transfer,Cancelled,Seller Cancelled,Noida,Web,Beauty
ORD0003433,CUST000291,SELL0761,2026-05-09,12:44:21,2026-05-12,2026-05-12,21862.98,UPI,Delivered,,Lucknow,Android,Home
ORD0003434,CUST000798,SELL0877,2026-05-03,05:45:46,2026-05-08,2026-05-08,7356.44,Cash on Delivery,Delivered,,Nagpur,Mobile Web,Books
ORD0003435,CUST000214,SELL0011,2026-05-17,22:15:36,2026-05-19,,64561.68,Bank Transfer,Processing,Warehouse Delay,Ahmedabad,Web,Sports
ORD0003436,CUST000413,SELL0900,2026-05-06,04:33:17,2026-05-10,2026-05-08,40126.11,Cash on Delivery,Delivered,,Indore,iOS,Grocery
ORD0003437,CUST000747,SELL0144,2026-06-10,15:56:20,2026-06-15,,14155.74,Card,Cancelled,Customer Cancelled,Pune,iOS,Grocery
ORD0003438,CUST000275,SELL0627,2026-06-02,11:02:28,2026-06-05,2026-06-05,14821.86,Wallet,Delivered,,Kochi,Android,Mobiles
ORD0003439,CUST001078,SELL0419,2026-06-11,16:12:14,2026-06-13,2026-06-20,19900.04,Wallet,Refund Pending,Payment Hold,Ahmedabad,Web,Home
ORD0003440,CUST001044,SELL0054,2026-05-20,16:24:41,2026-05-23,2026-05-22,54405.74,Card,Delivered,,Pune,iOS,Books
ORD0003441,CUST000743,SELL0062,2026-06-09,16:37:35,2026-06-16,2026-06-25,11005.86,Card,Delayed,Last Mile Capacity,Noida,Mobile Web,Electronics
ORD0003442,CUST000938,SELL0222,2026-05-26,21:13:20,2026-05-30,2026-05-31,5035.52,UPI,Delivered,,Kochi,iOS,Fashion
ORD0003443,CUST000650,SELL0368,2026-05-18,23:51:19,2026-05-25,2026-05-24,13577.05,Wallet,Delivered,,Coimbatore,iOS,Fashion
ORD0003444,CUST000231,SELL0590,2026-06-05,09:29:04,2026-06-07,,32442.11,Card,Processing,Seller Dispatch Pending,Pune,iOS,Furniture
ORD0003445,CUST000255,SELL0742,2026-05-15,06:22:50,2026-05-22,2026-05-21,57345.23,Card,Delivered,,Chennai,Mobile Web,Beauty
ORD0003446,CUST001145,SELL0778,2026-05-23,16:35:18,2026-05-26,2026-06-01,25041.08,Bank Transfer,Refund Pending,Refund Awaited,Indore,Web,Beauty
ORD0003447,CUST000128,SELL0719,2026-05-19,00:10:45,2026-05-22,2026-05-22,62937.26,Wallet,Delivered,,Kochi,Web,Beauty
ORD0003448,CUST000673,SELL0759,2026-06-08,07:39:15,2026-06-13,,16949.57,UPI,Cancelled,Customer Cancelled,Noida,Android,Sports
ORD0003449,CUST000495,SELL0848,2026-05-06,08:09:07,2026-05-13,2026-05-14,62268.04,Cash on Delivery,Delivered,,Noida,Android,Electronics
ORD0003450,CUST000411,SELL0972,2026-05-22,06:52:29,2026-05-25,,2819.09,UPI,Cancelled,Payment Failed,Pune,iOS,Sports
ORD0003451,CUST000386,SELL0956,2026-05-12,20:07:50,2026-05-15,,62768.18,UPI,Processing,Warehouse Delay,Jaipur,Web,Furniture
ORD0003452,CUST000166,SELL0931,2026-06-12,09:35:49,2026-06-18,2026-06-17,30263.73,Card,Delivered,,Gurugram,Web,Fashion
ORD0003453,CUST000895,SELL0523,2026-05-30,08:36:08,2026-06-02,2026-06-09,47209.38,Cash on Delivery,Refund Pending,Return Pickup Pending,Chennai,Android,Sports
ORD0003454,CUST000385,SELL0475,2026-06-01,11:04:32,2026-06-08,2026-06-10,38985.12,UPI,Returned,Damaged Item,Mumbai,Mobile Web,Electronics
ORD0003455,CUST000338,SELL0972,2026-05-22,03:49:56,2026-05-25,2026-05-30,55743.04,Bank Transfer,Delayed,Courier Delay,Kolkata,Mobile Web,Sports
ORD0003456,CUST000437,SELL0849,2026-05-16,12:25:12,2026-05-20,2026-05-28,57101.39,Card,Delayed,Seller Dispatch Delay,Kolkata,Web,Home
ORD0003457,CUST000726,SELL0401,2026-05-02,19:08:18,2026-05-08,,49991.75,Cash on Delivery,Processing,Address Verification,Kochi,Android,Furniture
ORD0003458,CUST000573,SELL0899,2026-06-13,01:05:58,2026-06-15,,51707.88,UPI,Processing,Warehouse Delay,Pune,Android,Books
ORD0003459,CUST000378,SELL0899,2026-05-10,21:59:14,2026-05-12,2026-05-12,8915.45,BANK TRANSFER,Delivered,,Mumbai,Android,Books
ORD0003460,CUST000339,SELL0892,2026-06-11,15:02:37,2026-06-13,2026-06-14,27479.9,Card,Delivered,,Delhi,Mobile Web,Grocery
ORD0003461,CUST000591,SELL0494,2026-05-12,08:28:28,2026-05-19,2026-05-25,53551.03,Cash on Delivery,Delayed,Last Mile Capacity,Lucknow,iOS,Beauty
ORD0003462,CUST000044,SELL0762,2026-06-11,20:01:57,2026-06-18,2026-06-20,23401.45,Cash on Delivery,Delivered,,Gurugram,Web,Mobiles
ORD0003463,CUST000332,SELLX9835,2026-05-30,05:24:34,2026-06-04,2026-06-09,38328.91,Wallet,Returned,Customer Return,Indore,Android,Grocery
ORD0003464,CUST000584,SELL0956,2026-05-16,22:03:18,2026-05-19,2026-05-18,30013.99,UPI,Delivered,,Hyderabad,iOS,Furniture
ORD0003465,CUST000599,SELL0512,2026-05-25,23:21:37,2026-05-29,,7780.76,Wallet,Cancelled,Seller Cancelled,Delhi,Web,Beauty
ORD0003466,CUST000185,SELL0966,2026-06-14,22:58:02,2026-06-21,2026-06-19,63816.42,Bank Transfer,Delivered,,Jaipur,iOS,Furniture
ORD0003467,CUST000263,SELL0239,2026-05-08,14:36:31,2026-05-15,2026-05-15,40070.1,Bank Transfer,Delivered,,Kolkata,Web,Appliances
ORD0003468,CUST000503,SELL0083,2026-05-02,10:02:25,2026-05-05,2026-05-04,44384.38,upi,Delivered,,Kolkata,Mobile Web,Fashion
ORD0003469,CUST001103,SELL0782,2026-06-01,17:19:06,2026-06-06,2026-06-06,57428.09,Cash on Delivery,Delivered,,Ahmedabad,Mobile Web,Sports
ORD0003470,CUST000281,SELL0289,2026-05-22,15:42:04,2026-05-24,2026-05-23,23228.92,Cash on Delivery,Delivered,,Pune,Android,Appliances
ORD0003471,CUST000699,SELL0084,2026-05-06,02:43:23,2026-05-08,2026-05-09,53070.89,Wallet,Delivered,,Chennai,Web,Appliances
ORD0003472,CUST000784,SELL0598,2026-05-07,13:30:35,2026-05-11,2026-05-11,32941.07,Cash on Delivery,Delivered,,Coimbatore,iOS,Sports
ORD0003473,CUST000972,SELL0412,2026-05-18,01:29:13,2026-05-23,2026-05-24,27483.18,Wallet,Delivered,,Mumbai,Web,Books
ORD0003474,CUST000162,SELL0479,2026-05-01,00:29:01,2026-05-08,2026-05-10,17293.19,BANK TRANSFER,Delayed,Seller Dispatch Delay,Noida,Mobile Web,Beauty
ORD0003475,CUST000570,SELL0588,2026-05-14,13:53:42,2026-05-21,2026-05-21,3896.27,Cash on Delivery,Delivered,,Bengaluru,Mobile Web,Appliances
ORD0003476,CUST000695,SELL0538,2026-06-10,16:39:25,2026-06-13,2026-06-17,15963.32,Wallet,Refund Pending,Refund Awaited,Bengaluru,Android,Mobiles
ORD0003477,CUST000803,SELL0861,2026-05-22,10:24:55,2026-05-28,2026-05-28,48539.47,Wallet,Delivered,,Kochi,Web,Books
ORD0003478,CUST001116,SELL0975,2026-05-26,12:19:59,2026-05-30,,59647.81,UPI,Lost,Package Lost,Indore,Mobile Web,Books
ORD0003479,CUST000243,SELL0167,2026-05-21,23:25:25,2026-05-26,2026-06-01,14774.93,UPI,delayed,Courier Delay,Hyderabad,Mobile Web,Sports
ORD0003480,CUST000978,SELL0875,2026-05-03,00:59:48,2026-05-10,2026-05-10,57310.48,Card,Delivered,,Jaipur,Mobile Web,Sports
ORD0003481,CUST001199,SELL0454,2026-05-07,16:33:42,2026-05-14,2026-05-18,27637.61,Cash on Delivery,Delayed,Seller Dispatch Delay,Ahmedabad,Android,Home
ORD0003482,CUST000640,SELL0068,2026-05-24,16:01:50,2026-05-26,2026-05-26,23871.26,Bank Transfer,Delivered,,Bengaluru,Mobile Web,Beauty
ORD0003483,CUST001053,SELL0100,2026-05-28,20:13:34,2026-06-03,,56210.18,Card,Processing,Address Verification,Kolkata,Mobile Web,Sports
ORD0003484,CUST000501,SELL0862,2026-06-06,02:24:00,2026-06-10,2026-06-08,64626.09,Cash on Delivery,Delivered,,Chennai,iOS,Beauty
ORD0003485,CUST000505,SELL0153,2026-06-13,10:17:00,2026-06-17,2026-06-23,33459.35,Wallet, Delayed ,Last Mile Capacity,Chennai,iOS,Grocery
ORD0003486,CUST000404,SELL0959,2026-05-25,11:20:34,2026-05-30,2026-05-31,44290.68,Card,Delivered,,Coimbatore,Web,Appliances
ORD0003487,CUST000992,SELL0520,2026-05-30,03:39:24,2026-06-06,2026-06-15,14870.09,Cash on Delivery,Returned,Damaged Item,Kochi,iOS,Appliances
ORD0003488,CUST000202,SELL0034,2026-06-11,12:05:50,2026-06-15,,3038.27,Wallet,Cancelled,Payment Failed,Hyderabad,iOS,Furniture
ORD0003489,CUST000321,SELL0764,2026-06-11,02:08:11,2026-06-18,2026-06-25,17398.98,Wallet,Delayed,Last Mile Capacity,Noida,Mobile Web,Electronics
ORD0003490,CUST000461,SELL0921,2026-06-02,14:43:56,2026-06-07,2026-06-07,46725.33,Card,Delivered,,Jaipur,Web,Grocery
ORD0003491,CUST000069,SELL0435,2026-06-04,12:28:00,2026-06-08,2026-06-07,1307.39,Cash on Delivery,Delivered,,Bengaluru,Android,Sports
ORD0003492,CUST000331,SELL0851,2026-06-12,22:21:18,2026-06-16,2026-06-27,8052.57,Cash on Delivery,Delayed,Seller Dispatch Delay,Bengaluru,Web,Electronics
ORD0003493,CUST000722,SELL0050,2026-05-11,22:06:59,2026-05-16,2026-05-17,51854.83,Cash on Delivery,Delivered,,Noida,Web,Books
ORD0003494,CUST001171,SELL0767,2026-05-08,20:01:07,2026-05-11,2026-05-12,51231.19,UPI,Delivered,,Bengaluru,Mobile Web,Furniture
ORD0003495,CUST000919,SELL0602,2026-05-07,16:01:54,2026-05-13,,15708.64, Cash on Delivery ,Cancelled,Customer Cancelled,Delhi,Android,Electronics
ORD0003496,CUST001081,SELL0223,2026-05-12,05:31:13,2026-05-19,2026-05-27,42169.24,Card,Returned,Size Issue,Bengaluru,Android,Sports
ORD0003497,CUST000785,SELL0682,2026-05-30,16:35:01,2026-06-01,2026-06-08,22587.15,Cash on Delivery,Delayed,Last Mile Capacity,Kochi,Android,Fashion
ORD0003498,CUSTX960863,SELL0751,2026-06-04,06:52:35,2026-06-08,2026-06-09,43438.48,Card,Delivered,,Chennai,Web,Books
ORD0003499,CUST000133,SELL0873,2026-05-12,12:30:26,2026-05-14,2026-05-23,24843.57,Bank Transfer,Returned,Wrong Item,Jaipur,Web,Grocery
ORD0003500,CUST001094,SELL0040,2026-05-03,09:45:25,2026-05-10,2026-05-17,43315.78,Wallet,Returned,Customer Return,Ahmedabad,Mobile Web,Grocery
ORD0003501,CUST001190,SELL0136,2026-06-01,01:21:39,2026-06-08,2026-06-08,23047.14,Card,Delivered,,Noida,iOS,Electronics
ORD0003502,CUST000343,SELL0743,2026-05-21,06:09:32,2026-05-23,2026-05-27,37374.01,Bank Transfer,Delayed,Last Mile Capacity,Jaipur,Mobile Web,Grocery
ORD0003503,CUST000742,SELL0712,2026-05-14,01:34:21,2026-05-16,2026-05-20,32103.27,Bank Transfer,Returned,Size Issue,Indore,Mobile Web,Sports
ORD0003504,CUST000401,SELL0893,2026-06-04,05:46:33,2026-06-09,2026-06-15,9163.94,Bank Transfer,Refund Pending,Return Pickup Pending,Chennai,Mobile Web,Furniture
ORD0003505,CUST001106,SELLX9222,2026-06-04,18:21:03,2026-06-11,2026-06-09,11237.38,Card,Delivered,,Lucknow,Mobile Web,Mobiles
ORD0003506,CUST000453,SELL0609,2026-06-03,17:01:34,2026-06-06,2026-06-07,31494.91,Bank Transfer,Delivered,,Hyderabad,iOS,Appliances
ORD0003507,CUST000840,SELL0917,2026-05-13,05:56:27,2026-05-16,2026-05-16,43906.49,Wallet,Delivered,,Ahmedabad,iOS,Home
ORD0003508,CUST000001,SELL0318,2026-05-31,10:57:57,2026-06-02,2026-06-04,17582.75,Card,Delayed,Last Mile Capacity,Noida,iOS,Sports
ORD0003509,CUST000524,SELL0005,2026-05-03,00:06:26,2026-05-07,,55043.92,Card,Cancelled,Customer Cancelled,Hyderabad,Mobile Web,Mobiles
ORD0003510,CUST000435,SELL0483,2026-05-27,15:56:26,2026-05-29,2026-05-31,7523.77,UPI,Delivered,,Kolkata,iOS,Appliances
ORD0003511,CUST000809,SELL0592,2026-06-03,09:55:48,2026-06-07,2026-06-15,47165.43,Cash on Delivery,Returned,Wrong Item,Mumbai,Web,Sports
ORD0003512,CUST000394,SELL0113,2026-05-30,19:03:53,2026-06-06,,13465.33,Wallet,Cancelled,Seller Cancelled,Hyderabad,iOS,Sports
ORD0003513,CUST000119,SELL0693,2026-05-09,10:17:32,2026-05-13,2026-05-13,18033.89,Cash on Delivery,Delivered,,Hyderabad,Android,Appliances
ORD0003514,CUST000811,SELL0113,2026-05-05,07:52:30,2026-05-08,2026-05-07,34155.96,Cash on Delivery,Delivered,,Coimbatore,iOS,Sports
ORD0003515,CUST001089,SELL0039,2026-06-03,07:44:07,2026-06-10,2026-06-12,54992.6,UPI,Delayed,Courier Delay,Chennai,Web,Books
ORD0003516,CUST000641,SELL0683,2026-05-11,12:40:46,2026-05-13,2026-05-14,43971.49,UPI,Delivered,,Coimbatore,Web,Books
ORD0003517,CUST000883,SELL0243,2026-06-01,22:23:14,2026-06-03,2026-06-04,22060.79,Bank Transfer,Delivered,,Bengaluru,Web,Mobiles
ORD0003518,CUST000571,SELL0305,2026-05-31,02:46:53,2026-06-05,,54587.49,UPI,Lost,Package Lost,Pune,Mobile Web,Fashion
ORD0003519,CUST000054,SELL0361,2026-05-30,17:51:50,2026-06-05,,26907.93,Card,Cancelled,Payment Failed,Gurugram,Android,Home
ORD0003520,CUST000250,SELL0956,2026-05-11,10:59:52,2026-05-17,2026-05-19,29255.62,UPI,Delayed,Address Issue,Nagpur,Web,Furniture
ORD0003521,CUST000400,SELL0522,2026-05-16,05:05:39,2026-05-21,2026-05-21,60528.13,Wallet,Delivered,,Jaipur,Mobile Web,Fashion
ORD0003522,CUST000916,SELL0265,2026-05-08,02:38:54,2026-05-11,2026-05-10,48925.72,Cash on Delivery,Delivered,,Gurugram,Android,Fashion
ORD0003523,CUST000115,SELL0742,2026-06-11,12:24:07,2026-06-14,2026-06-21,26239.71,Bank Transfer, Returned ,Customer Return,Kochi,Android,Beauty
ORD0003524,CUST000339,SELL0159,2026-06-09,06:53:58,2026-06-13,,39715.33,Wallet,Cancelled,Seller Cancelled,Gurugram,Web,Books
ORD0003525,CUST000962,SELL0728,2026-06-02,20:43:38,2026-06-06,2026-06-12,9441.37,UPI,Returned,Customer Return,Jaipur,Mobile Web,Fashion
ORD0003526,CUST000482,SELL0508,2026-05-01,23:25:23,2026-05-05,2026-05-13,19307.97,bank transfer,Returned,Damaged Item,Coimbatore,Android,Fashion
ORD0003527,CUST000076,SELL0980,2026-05-09,22:46:19,2026-05-11,2026-05-11,37671.36,Wallet,Delivered,,Pune,Mobile Web,Grocery
ORD0003528,CUST000630,SELL0929,2026-05-28,10:13:26,2026-06-03,2026-06-05,39176.74,Bank Transfer,Delayed,Courier Delay,Chennai,Mobile Web,Mobiles
ORD0003529,CUST001118,SELL0086,2026-05-19,04:08:08,2026-05-22,2026-05-22,53259.4,Cash on Delivery,Delivered,,Kolkata,Android,Grocery
ORD0003530,CUST000341,SELL0417,2026-05-12,18:42:30,2026-05-14,2026-05-23,43835.89,UPI,Delayed,Courier Delay,Ahmedabad,Mobile Web,Beauty
ORD0003531,CUST000054,SELL0741,2026-05-31,00:34:31,2026-06-04,2026-06-03,62606.68,Bank Transfer,Delivered,,Gurugram,Android,Home
ORD0003532,CUST000619,SELL0066,2026-05-27,00:19:19,2026-06-03,2026-06-04,32211.8,Cash on Delivery,Refund Pending,Refund Awaited,Bengaluru,Web,Books
ORD0003533,CUST000405,SELL0945,2026-05-30,19:46:44,2026-06-04,2026-06-10,33638.77,Wallet,Returned,Wrong Item,Bengaluru,Web,Beauty
ORD0003534,CUST000270,SELL0798,2026-05-23,10:54:51,2026-05-30,2026-06-05,13340.79,Bank Transfer,Refund Pending,Payment Hold,Lucknow,Mobile Web,Books
ORD0003535,CUST000609,SELL0484,2026-06-09,04:44:10,2026-06-16,,26084.29,Bank Transfer,Processing,Seller Dispatch Pending,Ahmedabad,iOS,Electronics
ORD0003536,CUST000101,SELL0727,2026-06-07,23:45:30,2026-06-14,2026-06-14,22765.82,Card,Delivered,,Mumbai,iOS,Beauty
ORD0003537,CUST000098,SELL0363,2026-05-20,10:35:43,2026-05-23,,42304.42,Card,Lost,Package Lost,Mumbai,Web,Mobiles
ORD0003538,CUST000767,SELL0176,2026-05-17,05:31:22,2026-05-19,2026-05-19,19501.55,Bank Transfer, Delivered ,,Jaipur,Mobile Web,Mobiles
ORD0003539,CUST000477,SELL0588,2026-05-22,01:38:18,2026-05-29,2026-05-29,15557.93,UPI,Delivered,, JAIPUR ,Mobile Web,Appliances
ORD0003540,CUST000748,SELL0055,2026-06-12,23:20:52,2026-06-16,,55230.79,Cash on Delivery,Cancelled,Customer Cancelled,Nagpur,Android,Sports
ORD0003541,CUST000532,SELL0923,2026-05-24,01:17:57,2026-05-26,2026-05-26,16496.42,UPI,Delivered,,Ahmedabad,Mobile Web,Books
ORD0003542,CUST000931,SELL0523,2026-05-26,15:02:33,2026-06-02,2026-06-02,16219.66,upi,Delivered,,Bengaluru,Mobile Web,Sports
ORD0003543,CUST000022,SELL0663,2026-05-06,21:39:41,2026-05-11,,40180.76,UPI,Processing,Seller Dispatch Pending,Chennai,iOS,Fashion
ORD0003544,CUST000482,SELL0044,2026-05-29,02:50:56,2026-06-03,2026-06-10,62624.48,Wallet,Returned,Customer Return,Nagpur,iOS,Books
ORD0003545,CUST001045,SELL0782,2026-05-12,09:43:32,2026-05-18,2026-05-23,28898.67,Cash on Delivery,Refund Pending,Refund Awaited,Delhi,Android,Sports
ORD0003546,CUST000548,SELL0446,2026-05-22,14:42:48,2026-05-28,2026-05-27,26826.28,Card,Delivered,,Noida,Web,Appliances
ORD0003547,CUST000804,SELL0526,2026-05-06,09:33:30,2026-05-13,,57092.59,Wallet,Cancelled,Payment Failed,Bengaluru,Mobile Web,Beauty
ORD0003548,CUST000592,SELL0274,2026-05-31,14:45:46,2026-06-05,2026-06-04,50682.38,Bank Transfer,Delivered,,Nagpur,Mobile Web,Electronics
ORD0003549,CUST000358,SELL0658,2026-06-05,07:13:40,2026-06-07,2026-06-07,49089.39,Card,Delivered,,Hyderabad,iOS,Appliances
ORD0003550,CUST000795,SELL0170,2026-06-13,09:38:13,2026-06-18,2026-06-19,1299.67,Bank Transfer,Delivered,,Coimbatore,Mobile Web,Books
ORD0003551,CUST000833,SELL0075,2026-05-03,17:40:55,2026-05-10,,56168.63,Wallet,Cancelled,Customer Cancelled,Indore,Mobile Web,Home
ORD0003552,CUST000177,SELL0786,2026-05-29,06:30:38,2026-06-05,2026-06-04,50260.3,Cash on Delivery,Delivered,,Bengaluru,Android,Grocery
ORD0003553,CUST000109,SELL0526,2026-06-11,12:36:01,2026-06-15,,27037.28,Wallet,Processing,Address Verification,Jaipur,iOS,Beauty
ORD0003554,CUST001118,SELL0996,2026-05-04,09:38:58,2026-05-07,2026-05-06,9900.84,Cash on Delivery,Delivered,,Noida,Mobile Web,Beauty
ORD0003555,CUST000856,SELL0383,2026-06-06,01:57:37,2026-06-13,2026-06-18,58890.36,Wallet,Refund Pending,Payment Hold,Pune,Android,Home
ORD0003556,CUST000034,SELL0324,2026-06-10,08:59:21,2026-06-17,2026-06-17,57976.84,UPI,Returned,Wrong Item, KOCHI ,Web,Fashion
ORD0003557,CUST001147,SELL0139,2026-05-13,16:48:46,2026-05-17,2026-05-26,6905.39,UPI,Delayed,Courier Delay,Jaipur,Web,Beauty
ORD0003558,CUST000352,SELL0335,2026-06-05,22:08:19,2026-06-12,2026-06-10,60412.25,UPI,Delivered,,Lucknow,Android,Grocery
ORD0003559,CUST000132,SELL0808,2026-05-11,09:38:30,2026-05-18,2026-05-18,1279.46,UPI,delivered,,Chennai,Mobile Web,Sports
ORD0003560,CUST000887,SELL0443,2026-05-19,17:32:44,2026-05-23,,12390.57,Cash on Delivery,CANCELLED,Payment Failed,Mumbai,iOS,Appliances
ORD0003561,CUST000229,SELL0658,2026-06-07,12:41:00,2026-06-13,,19260.72,Wallet,Processing,Address Verification,Jaipur,Android,Appliances
ORD0003562,CUST000116,SELL0566,2026-05-31,05:34:25,2026-06-05,2026-06-08,42307.61,Bank Transfer,Delayed,Address Issue,Jaipur,Web,Sports
ORD0003563,CUST000971,SELL0357,2026-06-02,00:41:45,2026-06-05,2026-06-04,2636.97,Wallet,Delivered,,Gurugram,Mobile Web,Beauty
ORD0003564,CUST001028,SELL0581,2026-06-04,21:09:18,2026-06-07,,27324.81,Cash on Delivery,Lost,Package Lost,Kochi,Android,Mobiles
ORD0003565,CUST000100,SELL0801,2026-06-06,04:43:17,2026-06-11,2026-06-21,48899.55,Cash on Delivery,Delayed,Last Mile Capacity,Lucknow,Web,Fashion
ORD0003566,CUST000317,SELL0208,2026-05-28,17:24:56,2026-06-04,,34581.18,UPI,Cancelled,Seller Cancelled,Bengaluru,Mobile Web,Electronics
ORD0003567,CUST000693,SELL0109,2026-06-05,08:44:32,2026-06-10,2026-06-17,37017.26,Cash on Delivery,Refund Pending,Payment Hold,Kochi,Mobile Web,Grocery
ORD0003568,CUST000628,SELLX9621,2026-05-09,07:51:55,2026-05-13,2026-05-11,53076.37,Bank Transfer,Delivered,, KOCHI ,Web,Appliances
ORD0003569,CUST001067,SELL0750,2026-06-14,11:27:14,2026-06-21,2026-06-21,11622.92,UPI,Delivered,,Indore,iOS,Home
ORD0003570,CUST000884,SELL0472,2026-06-12,16:43:07,2026-06-19,,60496.44,Bank Transfer,Cancelled,Customer Cancelled,Chennai,iOS,Appliances
ORD0003571,CUST000455,SELL0083,2026-05-13,13:35:45,2026-05-17,,22242.18,Wallet,Processing,Address Verification,Kochi,Mobile Web,Fashion
ORD0003572,CUST000254,SELL0469,2026-06-08,10:14:02,2026-06-15,2026-06-24,47040.04,Wallet,Delayed,Seller Dispatch Delay,Ahmedabad,Web,Home
ORD0003573,CUST000428,SELL0546,2026-05-14,23:44:39,2026-05-17,2026-05-16,7926.18,Wallet,Delivered,,Kolkata,Mobile Web,Furniture
ORD0003574,CUST000528,SELL0027,2026-06-03,04:55:44,2026-06-07,2026-06-07,35050.68,Wallet,Delivered,,Mumbai,iOS,Appliances
ORD0003575,CUST000703,SELL0399,2026-06-12,14:46:09,2026-06-16,2026-06-14,18830.54,Cash on Delivery,Delivered,,Nagpur,Web,Grocery
ORD0003576,CUST000302,SELL0701,2026-06-06,13:55:33,2026-06-10,2026-06-21,37558.02,Bank Transfer,Delayed,Last Mile Capacity,Nagpur,Android,Electronics
ORD0003577,CUST000184,SELL0185,2026-05-28,07:08:09,2026-06-02,2026-06-01,45664.37,Cash on Delivery,Delivered,,Hyderabad,Mobile Web,Beauty
ORD0003578,CUST000141,SELL0295,2026-06-06,14:55:31,2026-06-08,2026-06-08,976.16,Cash on Delivery,Delivered,,Chennai,iOS,Appliances
ORD0003579,CUST000670,SELL0901,2026-05-19,00:19:19,2026-05-23,2026-05-28,28144.51,wallet,Delayed,Address Issue,Mumbai,Web,Sports
ORD0003580,CUST000047,SELL0137,2026-05-03,10:42:09,2026-05-07,2026-05-07,19087.55,Cash on Delivery,Delivered,,Noida,Mobile Web,Mobiles
ORD0003581,CUST000259,SELL0694,2026-05-31,02:45:05,2026-06-04,2026-06-05,45057.55,Cash on Delivery,Returned,Size Issue,Hyderabad,Mobile Web,Fashion
ORD0003582,CUST000289,SELLX9522,2026-05-01,15:30:12,2026-05-08,2026-05-17,13490.43,Cash on Delivery,Returned,Customer Return,Jaipur,Mobile Web,Fashion
ORD0003583,CUST000212,SELL0295,2026-05-15,08:17:19,2026-05-19,2026-05-27,32878.06,Card,Delayed,Address Issue,Kochi,Mobile Web,Appliances
ORD0003584,CUST000471,SELL0880,2026-05-01,04:41:35,2026-05-05,,48619.84,Bank Transfer,Cancelled,Customer Cancelled,Chennai,iOS,Beauty
ORD0003585,CUST000421,SELL0341,2026-06-08,15:47:36,2026-06-10,,62198.58,UPI,Cancelled,Seller Cancelled,Mumbai,Android,Fashion
ORD0003586,CUST000985,SELL0679,2026-05-19,03:46:17,2026-05-23,2026-05-28,55904.51,UPI,Delayed,Weather Delay,Gurugram,Mobile Web,Furniture
ORD0003587,CUST000512,SELL0181,2026-05-07,21:07:53,2026-05-11,,55001.29,Bank Transfer,Cancelled,Payment Failed,Delhi,Web,Fashion
ORD0003588,CUST001001,SELL0686,2026-05-08,16:44:24,2026-05-13,2026-05-21,2186.31,Wallet,Delayed,Weather Delay,Noida,Mobile Web,Beauty
ORD0003589,CUST000098,SELL0215,2026-05-09,03:08:01,2026-05-15,2026-05-15,19345.89,UPI,Returned,Damaged Item,Lucknow,Web,Grocery
ORD0003590,CUST000578,SELL0748,2026-06-14,11:54:49,2026-06-17,2026-06-20,14623.83,Wallet,Delayed,Address Issue,Pune,Web,Fashion
ORD0003591,CUST000696,SELL0480,2026-05-09,16:16:13,2026-05-13,2026-05-12,20899.89,Cash on Delivery,Delivered,,Coimbatore,Android,Fashion
ORD0003592,CUST000471,SELL0448,2026-05-12,18:48:14,2026-05-16,,49498.39,Bank Transfer,Cancelled,Payment Failed,Mumbai,Android,Electronics
ORD0003593,CUST000551,SELL0520,2026-05-11,19:10:55,2026-05-13,2026-05-14,63791.41,Wallet,Delivered,,Indore,Web,Appliances
ORD0003594,CUST000843,SELL0584,2026-06-09,17:54:36,2026-06-16,2026-06-16,5902.67,Bank Transfer,Delivered,,Kolkata,Android,Appliances
ORD0003595,CUST001043,SELL0475,2026-06-14,17:58:11,2026-06-17,2026-06-17,44501.29,UPI,Delivered,,Ahmedabad,iOS,Electronics
ORD0003596,CUST001077,SELL0603,2026-06-13,15:42:03,2026-06-16,2026-06-18,14608.55,Wallet,Returned,Wrong Item,Nagpur,Android,Books
ORD0003597,CUST000368,SELL0703,2026-05-01,08:20:27,2026-05-06,2026-05-06,37255.87,UPI,Delivered,,Ahmedabad,Web,Furniture
ORD0003598,CUST000102,SELL0526,2026-05-19,01:56:31,2026-05-21,2026-05-21,7503.42,Cash on Delivery,Delivered,,Indore,Mobile Web,Beauty
ORD0003599,CUST000123,SELL0688,2026-05-05,05:30:25,2026-05-10,2026-05-10,36049.55,UPI,Delivered,,Gurugram,Mobile Web,Electronics
ORD0003600,CUST000840,SELL0144,2026-05-23,08:01:00,2026-05-29,2026-05-29,48004.71,Bank Transfer,Delivered,,Noida,Mobile Web,Grocery
ORD0003601,CUST000424,SELL0299,2026-05-18,17:45:56,2026-05-25,,17830.85,Wallet,Processing,Warehouse Delay,Pune,Android,Appliances
ORD0003602,CUST000735,SELL0297,2026-05-26,18:58:39,2026-06-02,2026-06-02,8190.34,Wallet,Delivered,,Kolkata,Android,Appliances
ORD0003603,CUST000373,SELL0759,2026-05-02,16:19:16,2026-05-09,2026-05-09,4890.11,Card,Delivered,,Nagpur,Web,Sports
ORD0003604,CUST000344,SELL0990,2026-06-05,19:33:37,2026-06-07,2026-06-06,1747.22,cash on delivery,Delivered,,Kolkata,Mobile Web,Home
ORD0003605,CUST001013,SELL0113,2026-06-06,07:25:22,2026-06-13,2026-06-16,617.1,Bank Transfer,Refund Pending,Payment Hold,Ahmedabad,iOS,Sports
ORD0003606,CUST000374,SELL0504,2026-05-20,16:55:21,2026-05-25,2026-05-25,20155.74,Wallet,Delivered,,Coimbatore,Android,Home
ORD0003607,CUST000777,SELL0390,2026-05-14,22:47:26,2026-05-21,2026-06-01,25623.68,Cash on Delivery,Delayed,Courier Delay,Mumbai,iOS,Mobiles
ORD0003608,CUST001198,SELL0616,2026-05-20,19:18:26,2026-05-27,2026-05-26,54525.02,Bank Transfer,Delivered,,Kochi,Web,Beauty
ORD0003609,CUST000493,SELL0648,2026-05-03,06:41:38,2026-05-06,2026-05-13,29511.02,Cash on Delivery,delayed,Weather Delay,Indore,Android,Home
ORD0003610,CUST001053,SELL0853,2026-06-08,08:24:53,2026-06-15,2026-06-15,40797.21,UPI,Delivered,,Hyderabad,Web,Beauty
ORD0003611,CUST000574,SELL0545,2026-05-31,06:00:50,2026-06-06,,23718.94,Bank Transfer,Cancelled,Seller Cancelled,Nagpur,Mobile Web,Sports
ORD0003612,CUST001055,SELL0961,2026-05-28,06:09:32,2026-06-02,2026-06-03,64693.08,Wallet,Delivered,,Gurugram,Mobile Web,Electronics
ORD0003613,CUST000056,SELL0630,2026-06-04,19:41:08,2026-06-10,2026-06-09,19269.71,UPI,Delivered,,Lucknow,Mobile Web,Grocery
ORD0003614,CUST000866,SELL0210,2026-05-28,22:43:19,2026-06-02,2026-06-01,30461.23,Cash on Delivery,Delivered,,Kolkata,iOS,Appliances
ORD0003615,CUST000672,SELL0731,2026-05-01,08:54:23,2026-05-08,2026-05-08,58806.0,Bank Transfer,Delivered,,Hyderabad,Android,Furniture
ORD0003616,CUST000450,SELL0662,2026-05-07,07:32:55,2026-05-14,,12548.22,Wallet,Processing,Warehouse Delay, INDORE ,Web,Mobiles
ORD0003617,CUST000278,SELL0842,2026-05-19,13:11:28,2026-05-26,2026-05-25,1791.87,Bank Transfer,Delivered,,Mumbai,iOS,Beauty
ORD0003618,CUST000253,SELL0739,2026-05-23,18:42:13,2026-05-28,,25570.12,Wallet,Processing,Warehouse Delay,Lucknow,Mobile Web,Appliances
ORD0003619,CUST000885,SELL0109,2026-05-04,02:27:48,2026-05-06,2026-05-04,62776.71,Cash on Delivery,Delivered,,Indore,Mobile Web,Grocery
ORD0003620,CUST000834,SELL0858,2026-06-13,12:49:47,2026-06-17,2026-06-17,21682.48,UPI,Delivered,,Gurugram,Web,Home
ORD0003621,CUST000634,SELL0193,2026-05-30,08:36:32,2026-06-03,2026-06-05,44751.39,Card,Delivered,,Nagpur,Web,Sports
ORD0003622,CUST000465,SELL0579,2026-06-04,03:36:21,2026-06-11,2026-06-20,22015.43,Card,Returned,Size Issue,Indore,Web,Books
ORD0003623,CUST000281,SELL0712,2026-06-07,22:43:50,2026-06-14,2026-06-14,22032.33,UPI,Delivered,,Kochi,iOS,Sports
ORD0003624,CUST000499,SELL0849,2026-06-11,19:59:50,2026-06-16,2026-06-16,15376.12,Cash on Delivery,Delivered,,Ahmedabad,Web,Home
ORD0003625,CUST000143,SELL0865,2026-06-08,12:52:40,2026-06-15,2026-06-19,1021.61,Cash on Delivery,Delayed,Courier Delay,Ahmedabad,iOS,Mobiles
ORD0003626,CUST001097,SELL0372,2026-05-13,18:10:45,2026-05-19,2026-05-19,3534.79,Wallet,Delivered,,Nagpur,iOS,Appliances
ORD0003627,CUST000737,SELL0780,2026-05-20,22:00:05,2026-05-23,2026-05-23,12602.87,Wallet,Delivered,,Kolkata,Mobile Web,Furniture
ORD0003628,CUST000460,SELL0571,2026-06-12,11:33:49,2026-06-18,2026-06-19,39268.77,Cash on Delivery,Delivered,,Gurugram,iOS,Beauty
ORD0003629,CUST000701,SELL0952,2026-06-11,00:58:47,2026-06-18,2026-06-18,18242.52,Bank Transfer,Delivered,,Jaipur,Android,Appliances
ORD0003630,CUST000830,SELL0936,2026-05-11,03:53:06,2026-05-17,2026-05-17,12217.71,Wallet,Delivered,,Kochi,Web,Grocery
ORD0003631,CUST001066,SELL0295,2026-05-27,10:37:37,2026-06-01,2026-05-31,32813.26,Cash on Delivery,Delivered,,Coimbatore,Android,Appliances
ORD0003632,CUST000154,SELL0349,2026-06-04,08:41:51,2026-06-09,2026-06-15,43998.58,Cash on Delivery,Returned,Damaged Item,Jaipur,Web,Fashion
ORD0003633,CUST001130,SELL0830,2026-05-08,15:45:03,2026-05-10,2026-05-10,3014.25,UPI,Delivered,,Mumbai,Android,Books
ORD0003634,CUST000082,SELL0159,2026-05-08,20:51:53,2026-05-14,2026-05-23,1135.41,Cash on Delivery,Returned,Damaged Item,Nagpur,Mobile Web,Books
ORD0003635,CUST001053,SELL0149,2026-06-09,02:03:57,2026-06-12,2026-06-11,27257.2,Card,Delivered,,Kolkata,Mobile Web,Fashion
ORD0003636,CUST000803,SELL0617,2026-06-03,01:23:33,2026-06-06,2026-06-05,8649.42,Bank Transfer,Delivered,,Jaipur,iOS,Electronics
ORD0003637,CUST000747,SELL0160,2026-05-11,20:48:53,2026-05-13,2026-05-13,34836.32,Wallet,Delivered,,Pune,Web,Home
ORD0003638,CUST000180,SELL0465,2026-06-11,00:11:42,2026-06-16,2026-06-16,19856.13,Cash on Delivery,Delivered,,Coimbatore,Android,Home
ORD0003639,CUST001096,SELL0169,2026-06-10,14:27:09,2026-06-15,2026-06-16,64850.88,Cash on Delivery,Delivered,,Jaipur,Mobile Web,Fashion
ORD0003640,CUST001086,SELL0996,2026-05-07,06:04:22,2026-05-13,2026-05-12,43433.55,cash on delivery,Delivered,,Noida,Web,Beauty
ORD0003641,CUST000362,SELL0810,2026-06-13,13:50:49,2026-06-17,2026-06-19,36321.35,Wallet,Refund Pending,Refund Awaited,Hyderabad,Android,Furniture
ORD0003642,CUST000957,SELL0758,2026-05-07,17:00:10,2026-05-11,2026-05-19,2637.06,Wallet,Delayed,Weather Delay,Kochi,Android,Sports
ORD0003643,CUST000178,SELL0305,2026-05-16,01:27:58,2026-05-19,2026-05-18,31128.47,Wallet,Delivered,,Chennai,Android,Fashion
ORD0003644,CUST001075,SELL0236,2026-06-04,09:10:50,2026-06-07,2026-06-07,41793.3,Cash on Delivery,Delivered,,Chennai,iOS,Fashion
ORD0003645,CUST000160,SELL0260,2026-05-18,04:41:44,2026-05-24,2026-05-23,63212.51,Wallet,Delivered,,Noida,Mobile Web,Beauty
ORD0003646,CUST000405,SELL0962,2026-06-12,21:56:11,2026-06-17,2026-06-17,26340.98,Card,Delivered,,Lucknow,Mobile Web,Beauty
ORD0003647,CUST000650,SELL0777,2026-05-29,02:59:12,2026-06-03,2026-06-10,15283.59,Cash on Delivery,Delayed,Last Mile Capacity,Kolkata,Android,Sports
ORD0003648,CUST000984,SELL0748,2026-06-14,04:35:59,2026-06-17,2026-06-23,47070.4,Bank Transfer,Delayed,Last Mile Capacity,Gurugram,Mobile Web,Fashion
ORD0003649,CUST000581,SELL0555,2026-06-03,03:50:07,2026-06-07,,11964.18,Bank Transfer,Cancelled,Seller Cancelled,Lucknow,Android,Beauty
ORD0003650,CUST000366,SELL0494,2026-06-04,17:17:41,2026-06-09,2026-06-08,50310.23,Card,Delivered,,Indore,Web,Beauty
ORD0003651,CUST001032,SELL0385,2026-06-03,09:31:22,2026-06-06,2026-06-06,22555.77,Wallet,Delivered,,Indore,Web,Mobiles
ORD0003652,CUST000463,SELL0833,2026-05-23,07:02:31,2026-05-28,2026-05-29,48797.22,Bank Transfer,Returned,Wrong Item,Noida,iOS,Home
ORD0003653,CUST000250,SELL0811,2026-06-04,00:57:48,2026-06-09,2026-06-12,35126.11,Card,Delayed,Address Issue,Hyderabad,Mobile Web,Furniture
ORD0003654,CUST000884,SELL0249,2026-05-11,14:27:41,2026-05-16,,884.64,Wallet,Processing,Warehouse Delay,Noida,Web,Electronics
ORD0003655,CUST000375,SELL0939,2026-06-08,01:47:09,2026-06-13,2026-06-19,1579.01,Cash on Delivery,Refund Pending,Payment Hold,Jaipur,Web,Fashion
ORD0003656,CUST000416,SELL0889,2026-05-23,06:03:20,2026-05-26,2026-05-25,64398.53,Cash on Delivery,Delivered,,Kolkata,Mobile Web,Beauty
ORD0003657,CUST000182,SELL0232,2026-05-16,12:14:24,2026-05-21,,28448.55,Wallet,Processing,Warehouse Delay,Pune,Mobile Web,Fashion
ORD0003658,CUST000218,SELL0663,2026-05-31,02:41:39,2026-06-05,2026-06-05,56887.33,UPI,Delivered,,Bengaluru,Android,Fashion
ORD0003659,CUST000447,SELL0013,2026-06-07,03:31:03,2026-06-13,,18604.29,Wallet,Cancelled,Seller Cancelled,Kolkata,Web,Appliances
ORD0003660,CUST001035,SELL0705,2026-06-04,12:14:55,2026-06-07,2026-06-15,26493.55,Wallet,Delayed,Courier Delay,Chennai,Web,Beauty
ORD0003661,CUST000254,SELL0316,2026-06-09,13:50:13,2026-06-12,2026-06-12,42379.84,UPI,Delivered,,Bengaluru,iOS,Grocery
ORD0003662,CUST000736,SELL0250,2026-05-22,19:09:16,2026-05-29,2026-05-30,18372.34,Bank Transfer,Returned,Damaged Item,Lucknow,Mobile Web,Fashion
ORD0003663,CUST000519,SELL0708,2026-05-06,17:30:14,2026-05-09,2026-05-11,49728.26,Bank Transfer,Delivered,,Bengaluru,Android,Furniture
ORD0003664,CUST000131,SELL0107,2026-05-03,23:19:53,2026-05-05,,16371.22,Card,Processing,Seller Dispatch Pending,Chennai,Web,Furniture
ORD0003665,CUST001182,SELL0910,2026-05-21,20:35:54,2026-05-28,,53949.43,Bank Transfer,Cancelled,Customer Cancelled,Delhi,iOS,Appliances
ORD0003666,CUST000493,SELL0995,2026-05-20,05:05:53,2026-05-27,2026-06-04,1592.02,UPI,Returned,Size Issue,Kochi,Mobile Web,Books
ORD0003667,CUST000401,SELL0096,2026-05-31,17:45:42,2026-06-05,2026-06-05,49496.08,Card,Delivered,,Pune,iOS,Beauty
ORD0003668,CUST001001,SELL0772,2026-05-02,12:40:20,2026-05-09,2026-05-09,62760.23,Bank Transfer,Delivered,,Mumbai,iOS,Sports
ORD0003669,CUST000121,SELL0044,2026-05-27,04:41:47,2026-06-02,2026-06-12,27507.77,Cash on Delivery,delayed,Courier Delay,Mumbai,Web,Books
ORD0003670,CUST000628,SELL0678,2026-05-24,10:30:03,2026-05-28,2026-05-28,20018.5,Card,Delivered,,Nagpur,Android,Home
ORD0003671,CUST000594,SELL0181,2026-05-14,09:36:39,2026-05-21,2026-05-21,4305.89,Cash on Delivery,Delivered,,Lucknow,Web,Fashion
ORD0003672,CUST000685,SELL0540,2026-06-12,08:55:50,2026-06-14,,24672.02,UPI,Processing,Warehouse Delay,Chennai,Web,Appliances
ORD0003673,CUST000275,SELL0404,2026-05-21,18:56:25,2026-05-23,2026-05-23,10984.9,Cash on Delivery,Delivered,,Jaipur,Android,Mobiles
ORD0003674,CUST001109,SELL0434,2026-05-30,20:44:33,2026-06-06,,41994.77,Bank Transfer,Cancelled,Customer Cancelled,Kochi,Web,Fashion
ORD0003675,CUST000487,SELL0180,2026-06-06,20:28:57,2026-06-12,,8239.18,Cash on Delivery,Cancelled,Seller Cancelled,Mumbai,Mobile Web,Appliances
ORD0003676,CUST000223,SELL0388,2026-05-19,21:49:47,2026-05-22,2026-05-20,12508.92,Cash on Delivery,Delivered,,Indore,Android,Home
ORD0003677,CUST000794,SELL0858,2026-05-23,15:54:17,2026-05-30,2026-05-29,41220.24,Bank Transfer,Delivered,,Nagpur,iOS,Home
ORD0003678,CUST000343,SELL0941,2026-06-03,17:32:57,2026-06-06,,39471.14,Cash on Delivery,Cancelled,Seller Cancelled,Ahmedabad,Web,Mobiles
ORD0003679,CUST000067,SELL0304,2026-05-24,15:08:20,2026-05-28,2026-05-31,48090.33,UPI,refund pending,Payment Hold,Delhi,Web,Electronics
ORD0003680,CUST001179,SELL0001,2026-06-02,19:18:07,2026-06-06,,62691.46,Card,Processing,Warehouse Delay,Coimbatore,Web,Electronics
ORD0003681,CUST000038,SELL0611,2026-05-14,20:22:53,2026-05-20,2026-05-26,19143.32,CASH ON DELIVERY,Returned,Damaged Item,Ahmedabad,Android,Books
ORD0003682,CUST000079,SELL0800,2026-06-10,05:32:37,2026-06-17,2026-06-16,49776.13,Cash on Delivery,Delivered,,Coimbatore,Mobile Web,Home
ORD0003683,CUST000708,SELL0314,2026-05-26,05:48:02,2026-05-29,2026-05-28,2697.2,Wallet,Delivered,,Kochi,iOS,Books
ORD0003684,CUST000077,SELL0498,2026-05-03,03:59:43,2026-05-06,2026-05-04,21176.08,Bank Transfer,Delivered,,Nagpur,Web,Electronics
ORD0003685,CUST000659,SELL0685,2026-05-24,18:52:58,2026-05-28,2026-05-27,34460.5,Wallet,Delivered,,Jaipur,iOS,Books
ORD0003686,CUST000832,SELL0305,2026-05-20,17:54:55,2026-05-24,,11356.6,Wallet,Processing,Warehouse Delay,Pune,Mobile Web,Fashion
ORD0003687,CUST001115,SELL0527,2026-05-02,08:05:34,2026-05-06,2026-05-13,19143.33,Card,Delayed,Address Issue,Indore,iOS,Beauty
ORD0003688,CUST000016,SELL0827,2026-05-02,01:15:48,2026-05-07,2026-05-09,53554.37,Card,Delivered,,Coimbatore,Android,Sports
ORD0003689,CUST000074,SELL0176,2026-06-02,10:14:29,2026-06-06,2026-06-07,48473.44,Wallet,DELIVERED,,Chennai,Web,Mobiles
ORD0003690,CUST000383,SELL0062,2026-05-15,07:06:37,2026-05-22,2026-05-20,6345.3,UPI,Delivered,,Indore,Android,Electronics
ORD0003691,CUST000428,SELL0181,2026-06-04,22:37:24,2026-06-06,2026-06-14,51139.23,Bank Transfer,Delayed,Address Issue,Hyderabad,Web,Fashion
ORD0003692,CUST000359,SELL0536,2026-05-19,06:42:43,2026-05-25,2026-05-24,42093.38,Card,Delivered,,Gurugram,Android,Electronics
ORD0003693,CUST000289,SELL0812,2026-06-07,07:44:41,2026-06-11,2026-06-14,9621.63,Cash on Delivery,Returned,Customer Return,Coimbatore,Android,Appliances
ORD0003694,CUST000011,SELL0613,2026-06-01,10:50:08,2026-06-07,2026-06-06,6274.6,Bank Transfer,Delivered,,Mumbai,Web,Grocery
ORD0003695,CUST000951,SELL0475,2026-05-28,11:51:41,2026-06-01,2026-06-04,29839.07,Card,Delayed,Courier Delay,Mumbai,Web,Electronics
ORD0003696,CUST000395,SELL0307,2026-06-12,21:12:34,2026-06-17,,59530.8,UPI,Processing,Warehouse Delay,Chennai,iOS,Mobiles
ORD0003697,CUST000617,SELL0896,2026-05-26,18:24:50,2026-05-30,2026-05-30,62609.29,Card,Delivered,,Mumbai,iOS,Mobiles
ORD0003698,CUST000375,SELL0625,2026-05-22,02:43:02,2026-05-24,2026-05-23,34686.26,UPI,Delivered,,Indore,iOS,Grocery
ORD0003699,CUST000077,SELL0884,2026-05-12,11:41:16,2026-05-14,2026-05-12,4617.83,UPI,Delivered,,Jaipur,Mobile Web,Electronics
ORD0003700,CUST001102,SELL0724,2026-06-02,12:56:49,2026-06-08,,47039.84,UPI,Lost,Package Lost,Nagpur,Android,Grocery
ORD0003701,CUST000394,SELL0073,2026-05-26,17:57:50,2026-06-01,2026-06-09,48385.54,UPI,Delayed,Weather Delay,Bengaluru,iOS,Furniture
ORD0003702,CUSTX907630,SELL0207,2026-06-14,10:33:34,2026-06-19,2026-06-19,45708.22,Card,Delivered,,Chennai,iOS,Home
ORD0003703,CUST000331,SELL0680,2026-05-07,10:48:33,2026-05-13,2026-05-12,18210.76,UPI,Delivered,,Noida,Mobile Web,Home
ORD0003704,CUST000686,SELL0239,2026-05-12,09:53:39,2026-05-16,2026-05-18,34277.09,Cash on Delivery,Delayed,Last Mile Capacity,Kochi,Web,Appliances
ORD0003705,CUST000254,SELL0856,2026-05-29,18:22:16,2026-06-05,2026-06-06,8571.9,Bank Transfer,Refund Pending,Refund Awaited,Kolkata,Web,Grocery
ORD0003706,CUST000357,SELL0627,2026-06-09,18:50:38,2026-06-14,2026-06-13,49573.15,Bank Transfer,Delivered,,Indore,iOS,Mobiles
ORD0003707,CUST000750,SELL0305,2026-05-06,12:00:46,2026-05-11,2026-05-11,54830.98,UPI,Delivered,,Lucknow,Mobile Web,Fashion
ORD0003708,CUST000337,SELL0618,2026-05-22,08:33:09,2026-05-27,2026-05-27,5036.92,UPI,Delivered,,Pune,Mobile Web,Appliances
ORD0003709,CUST000410,SELL0571,2026-05-09,10:19:10,2026-05-12,,63263.05,Card,Processing,Seller Dispatch Pending,Delhi,Web,Beauty
ORD0003710,CUST000821,SELL0136,2026-05-01,09:33:38,2026-05-07,2026-05-08,33269.3,Bank Transfer,Delivered,,Nagpur,Mobile Web,Electronics
ORD0003711,CUST000045,SELL0531,2026-05-25,08:57:46,2026-05-28,2026-05-31,7805.33,Bank Transfer,Returned,Size Issue,Coimbatore,Mobile Web,Grocery
ORD0003712,CUST000087,SELL0288,2026-06-14,18:23:45,2026-06-19,2026-06-19,46650.87,UPI,DELIVERED,,Noida,Mobile Web,Furniture
ORD0003713,CUST000051,SELL0299,2026-05-16,22:18:22,2026-05-19,2026-05-17,10577.61,UPI,Delivered,,Pune,Mobile Web,Appliances
ORD0003714,CUST001142,SELL0628,2026-05-24,11:56:52,2026-05-29,2026-06-07,48713.31,UPI,Returned,Size Issue,Chennai,Web,Electronics
ORD0003715,CUST000622,SELL0732,2026-05-12,03:25:16,2026-05-14,,27888.37,Wallet,Lost,Package Lost,Chennai,Web,Grocery
ORD0003716,CUST000044,SELL0111,2026-05-16,08:27:55,2026-05-18,,56412.67,Bank Transfer,Cancelled,Payment Failed,Kochi,Android,Beauty
ORD0003717,CUST000787,SELL0945,2026-05-12,17:28:07,2026-05-14,2026-05-13,31922.78,Wallet,Delivered,,Indore,Web,Beauty
ORD0003718,CUST001142,SELL0136,2026-05-13,08:23:40,2026-05-15,,23543.97,Wallet,Cancelled,Seller Cancelled, KOCHI ,Android,Electronics
ORD0003719,CUST000822,SELL0790,2026-06-07,11:58:14,2026-06-12,,57739.91,UPI,Cancelled,Seller Cancelled,Gurugram,iOS,Books
ORD0003720,CUST000575,SELL0935,2026-05-13,12:11:10,2026-05-19,2026-05-20,59426.66,Bank Transfer,Delivered,,Noida,iOS,Appliances
ORD0003721,CUST001001,SELL0736,2026-06-14,20:41:43,2026-06-18,2026-06-19,16889.98,Cash on Delivery,Delivered,,Pune,iOS,Mobiles
ORD0003722,CUST001098,SELL0840,2026-05-27,00:45:12,2026-06-02,2026-06-04,63282.03,Card,Returned,Damaged Item,Nagpur,Android,Furniture
ORD0003723,CUST000850,SELL0034,2026-05-11,16:34:41,2026-05-14,2026-05-16,10083.54,Cash on Delivery,Delivered,,Delhi,Mobile Web,Furniture
ORD0003724,CUST000504,SELL0138,2026-05-24,16:11:45,2026-05-26,2026-05-26,51292.79,UPI,Delivered,,Indore,Android,Books
ORD0003725,CUST001146,SELL0732,2026-05-24,22:25:42,2026-05-28,,45252.25,Card,Cancelled,Customer Cancelled,Mumbai,Web,Grocery
ORD0003726,CUST000179,SELL0057,2026-06-03,06:33:38,2026-06-09,2026-06-15,62551.07,Bank Transfer,Refund Pending,Return Pickup Pending,Hyderabad,Web,Furniture
ORD0003727,CUST000149,SELL0745,2026-05-12,20:09:14,2026-05-16,,39107.16,UPI,Processing,Address Verification,Hyderabad,Android,Mobiles
ORD0003728,CUST000652,SELL0550,2026-05-20,02:33:06,2026-05-23,2026-05-30,54104.82,Cash on Delivery,Delayed,Address Issue,Jaipur,Mobile Web,Appliances
ORD0003729,CUST000238,SELL0012,2026-06-06,07:57:31,2026-06-11,2026-06-09,16184.75,UPI,Delivered,,Hyderabad,iOS,Fashion
ORD0003730,CUST000073,SELL0275,2026-05-31,03:34:45,2026-06-07,2026-06-05,19632.54,Card,Delivered,,Delhi,Web,Home
ORD0003731,CUST001095,SELL0855,2026-06-09,01:01:38,2026-06-15,2026-06-14,37618.22,Wallet,Delivered,,Kolkata,Android,Fashion
ORD0003732,CUST000457,SELL0201,2026-05-10,12:01:22,2026-05-14,2026-05-21,49750.19,Cash on Delivery,Returned,Wrong Item,Mumbai,Android,Sports
ORD0003733,CUST000370,SELL0728,2026-06-06,16:13:12,2026-06-12,2026-06-18,2725.43,Wallet,Returned,Size Issue,Bengaluru,Web,Fashion
ORD0003734,CUST000872,SELL0965,2026-06-11,09:34:09,2026-06-18,2026-06-18,29601.08,WALLET,Delivered,,Gurugram,iOS,Books
ORD0003735,CUST000874,SELL0259,2026-05-26,10:23:29,2026-05-29,,21230.26,Wallet,Processing,Seller Dispatch Pending,Gurugram,Mobile Web,Books
ORD0003736,CUST001171,SELL0137,2026-05-13,02:44:48,2026-05-19,2026-05-18,26880.88,Cash on Delivery,Delivered,,Coimbatore,iOS,Mobiles
ORD0003737,CUST000895,SELL0221,2026-05-20,00:06:16,2026-05-27,2026-05-26,50352.9,Wallet,Delivered,,Coimbatore,iOS,Sports
ORD0003738,CUST000635,SELL0754,2026-05-23,12:22:15,2026-05-27,2026-05-29,42551.98,Card,Delivered,,Kochi,Mobile Web,Furniture
ORD0003739,CUST000055,SELL0760,2026-06-14,15:40:47,2026-06-16,2026-06-16,57290.33,Wallet,Delivered,,Ahmedabad,iOS,Beauty
ORD0003740,CUST000818,SELL0446,2026-05-03,16:48:46,2026-05-06,2026-05-06,44939.88,Cash on Delivery,Delivered,,Kochi,Android,Appliances
ORD0003741,CUST000382,SELL0423,2026-06-08,10:59:18,2026-06-12,2026-06-12,62152.34,Bank Transfer,Delivered,,Noida,Web,Furniture
ORD0003742,CUST000984,SELL0264,2026-05-28,06:49:19,2026-06-03,,62357.65,UPI,Processing,Seller Dispatch Pending,Coimbatore,Web,Sports
ORD0003743,CUST000649,SELL0461,2026-05-10,06:05:49,2026-05-13,,64227.78,Bank Transfer,Lost,Package Lost,Ahmedabad,Android,Home
ORD0003744,CUST001069,SELL0357,2026-05-22,02:30:08,2026-05-24,2026-05-26,26682.14,Wallet,Delivered,,Gurugram,Web,Beauty
ORD0003745,CUST000570,SELL0390,2026-05-14,16:53:39,2026-05-20,2026-05-18,57934.23,Wallet,Delivered,,Jaipur,Web,Mobiles
ORD0003746,CUST000079,SELL0995,2026-05-03,10:19:02,2026-05-07,2026-05-12,44936.86,Card,Returned,Customer Return,Noida,Mobile Web,Books
ORD0003747,CUST000771,SELL0165,2026-05-27,05:24:01,2026-06-02,2026-06-07,55145.16,Cash on Delivery,Delayed,Seller Dispatch Delay,Jaipur,Mobile Web,Appliances
ORD0003748,CUST001049,SELL0702,2026-06-01,23:39:21,2026-06-04,2026-06-02,32536.48,UPI,Delivered,,Jaipur,iOS,Sports
ORD0003749,CUST000044,SELL0706,2026-06-04,01:24:20,2026-06-09,2026-06-16,31337.42,Wallet,Refund Pending,Payment Hold,Mumbai,Web,Furniture
ORD0003750,CUST000968,SELL0989,2026-05-02,02:06:40,2026-05-08,2026-05-10,31650.5,UPI,Delivered,,Lucknow,Web,Appliances
ORD0003751,CUST000776,SELL0895,2026-05-08,03:05:14,2026-05-15,,62313.91,Wallet,Cancelled,Customer Cancelled,Kolkata,Web,Mobiles
ORD0003752,CUST000931,SELL0086,2026-06-10,00:07:20,2026-06-16,2026-06-18,207.3,bank transfer,Delivered,,Hyderabad,Web,Grocery
ORD0003753,CUST000798,SELL0159,2026-06-05,02:41:41,2026-06-12,2026-06-12,10214.46,Bank Transfer,Delivered,,Indore,iOS,Books
ORD0003754,CUST001031,SELL0319,2026-05-02,18:21:32,2026-05-05,2026-05-14,61581.25,Wallet,Returned,Customer Return,Chennai,Mobile Web,Mobiles
ORD0003755,CUST000228,SELL0967,2026-05-21,02:02:24,2026-05-24,2026-06-03,30575.79,Wallet,Delayed,Courier Delay,Kochi,Android,Grocery
ORD0003756,CUST001040,SELL0645,2026-05-01,10:52:45,2026-05-07,2026-05-13,3470.91,Cash on Delivery,Returned,Customer Return,Nagpur,Mobile Web,Appliances
ORD0003757,CUST000235,SELL0057,2026-05-29,10:55:59,2026-06-02,2026-06-02,27788.06,Card,Delivered,,Coimbatore,Android,Furniture
ORD0003758,CUST001175,SELL0270,2026-05-06,07:58:07,2026-05-10,2026-05-11,63197.35,UPI,Delivered,,Ahmedabad,Mobile Web,Electronics
ORD0003759,CUST000582,SELL0371,2026-05-22,08:09:41,2026-05-26,2026-05-26,17622.52,Wallet,Delivered,,Chennai,Mobile Web,Sports
ORD0003760,CUST001083,SELL0020,2026-06-12,12:10:58,2026-06-14,2026-06-16,35164.68,Wallet,Delivered,,Indore,Android,Appliances
ORD0003761,CUST000675,SELL0651,2026-06-12,19:51:20,2026-06-16,2026-06-15,45334.95,Bank Transfer,Delivered,, DELHI ,Android,Home
ORD0003762,CUST000975,SELL0416,2026-05-20,07:22:32,2026-05-25,2026-05-25,41277.61,Card,Delivered,,Mumbai,Mobile Web,Sports
ORD0003763,CUST000996,SELL0019,2026-05-29,08:02:59,2026-06-03,2026-06-04,40845.27,Bank Transfer,Refund Pending,Return Pickup Pending,Kochi,Android,Books
ORD0003764,CUST000855,SELL0181,2026-05-16,21:52:55,2026-05-20,2026-05-20,20397.75,UPI,Delivered,,Indore,Web,Fashion
ORD0003765,CUST000151,SELL0692,2026-05-11,22:05:49,2026-05-16,2026-05-17,38956.06,Wallet,Returned,Customer Return,Delhi,Android,Fashion
ORD0003766,CUST000258,SELL0935,2026-05-12,19:34:49,2026-05-19,2026-05-19,8954.27,Cash on Delivery,Delivered,,Indore,Web,Appliances
ORD0003767,CUST000895,SELL0019,2026-05-10,19:54:03,2026-05-16,2026-05-16,35833.06,Bank Transfer,Delivered,,Delhi,Android,Books
ORD0003768,CUST001102,SELL0846,2026-06-03,17:10:52,2026-06-07,2026-06-07,18817.97,UPI,Delivered,,Pune,Web,Furniture
ORD0003769,CUST000667,SELL0708,2026-05-30,23:26:09,2026-06-05,,44391.66,UPI,Cancelled,Payment Failed,Pune,Mobile Web,Furniture
ORD0003770,CUST000166,SELL0417,2026-05-24,01:11:01,2026-05-30,,63690.03,Bank Transfer,Processing,Seller Dispatch Pending,Nagpur,Mobile Web,Beauty
ORD0003771,CUST000544,SELL0678,2026-06-14,17:38:36,2026-06-21,2026-06-22,40640.52,Cash on Delivery,Delivered,,Lucknow,Mobile Web,Home
ORD0003772,CUST001041,SELL0477,2026-06-13,16:39:10,2026-06-15,2026-06-14,3652.45,Card,Delivered,,Pune,iOS,Sports
ORD0003773,CUST000648,SELL0102,2026-06-12,10:28:01,2026-06-15,,7333.13,Wallet,Cancelled,Payment Failed,Kochi,Android,Home
ORD0003774,CUST001096,SELL0806,2026-05-16,21:44:19,2026-05-21,,26185.79,CARD,Processing,Warehouse Delay,Gurugram,Android,Sports
ORD0003775,CUST000020,SELL0943,2026-05-02,23:37:54,2026-05-08,2026-05-07,38905.16,Card,Delivered,,Hyderabad,iOS,Furniture
ORD0003776,CUST000274,SELL0085,2026-06-06,09:18:10,2026-06-13,,50682.37,UPI,Cancelled,Seller Cancelled,Chennai,Android,Grocery
ORD0003777,CUST000141,SELL0114,2026-06-14,05:44:24,2026-06-21,2026-06-28,34983.42,Card,Returned,Customer Return,Gurugram,iOS,Beauty
ORD0003778,CUST000382,SELL0668,2026-06-04,04:15:40,2026-06-09,2026-06-07,40970.85,Cash on Delivery,Delivered,,Gurugram,iOS,Furniture
ORD0003779,CUST001091,SELL0112,2026-05-09,22:49:40,2026-05-13,2026-05-12,63241.47,Bank Transfer,Delivered,,Nagpur,Web,Sports
ORD0003780,CUST000541,SELL0139,2026-05-05,10:21:34,2026-05-10,2026-05-10,29071.05,Wallet,Delivered,,Nagpur,Web,Beauty
ORD0003781,CUST001123,SELL0587,2026-06-13,08:19:29,2026-06-17,2026-06-16,32437.74,Wallet,Delivered,,Kolkata,Android,Books
ORD0003782,CUST000353,SELL0432,2026-05-01,20:16:20,2026-05-04,2026-05-03,19874.3,UPI,Delivered,,Mumbai,Web,Appliances
ORD0003783,CUST000368,SELL0477,2026-06-07,00:42:41,2026-06-12,2026-06-13,36348.26,Cash on Delivery,Delivered,,Mumbai,Android,Sports
ORD0003784,CUST001162,SELL0988,2026-06-01,09:10:46,2026-06-07,2026-06-11,60819.68,Cash on Delivery,Delayed,Last Mile Capacity,Nagpur,Mobile Web,Furniture
ORD0003785,CUST000836,SELL0518,2026-05-10,22:10:57,2026-05-15,2026-05-15,3729.6,Wallet,Delivered,,Lucknow,Web,Fashion
ORD0003786,CUST000226,SELL0845,2026-06-07,00:54:33,2026-06-12,2026-06-11,29217.61,Wallet,Delivered,,Nagpur,Android,Fashion
ORD0003787,CUST001049,SELL0704,2026-05-13,12:22:08,2026-05-20,2026-05-20,21241.93,UPI,Delivered,,Noida,Mobile Web,Sports
ORD0003788,CUST000638,SELL0995,2026-05-27,16:08:04,2026-05-29,,32226.16,Cash on Delivery,Processing,Address Verification,Noida,iOS,Books
ORD0003789,CUST000276,SELL0193,2026-06-11,04:06:45,2026-06-18,2026-06-19,58563.65,UPI,Delivered,,Chennai,Web,Sports
ORD0003790,CUST000512,SELL0189,2026-05-23,20:45:55,2026-05-30,2026-06-01,58596.4,Wallet,Delayed,Seller Dispatch Delay,Coimbatore,Mobile Web,Fashion
ORD0003791,CUST000650,SELL0765,2026-05-15,04:16:27,2026-05-22,2026-05-23,7307.82,Wallet,Refund Pending,Payment Hold,Kochi,iOS,Furniture
ORD0003792,CUST000044,SELL0017,2026-05-07,02:06:13,2026-05-13,2026-05-12,43929.65,Bank Transfer,Delivered,,Chennai,iOS,Electronics
ORD0003793,CUST001017,SELL0546,2026-06-02,15:18:09,2026-06-06,2026-06-08,37216.99,Card,Returned,Customer Return,Coimbatore,iOS,Furniture
ORD0003794,CUST000939,SELL0809,2026-05-25,23:14:17,2026-06-01,2026-06-01,46123.01,Card,Delivered,,Gurugram,Android,Books
ORD0003795,CUST001098,SELL0116,2026-05-14,08:42:01,2026-05-21,,64956.05,UPI,Cancelled,Customer Cancelled,Noida,iOS,Sports
ORD0003796,CUST000961,SELL0116,2026-05-30,10:18:06,2026-06-04,2026-06-13,53716.01,Wallet,Returned,Damaged Item,Bengaluru,Android,Sports
ORD0003797,CUST000496,SELL0231,2026-05-06,11:42:42,2026-05-11,2026-05-11,57605.13,Wallet,Delivered,, KOLKATA ,Android,Appliances
ORD0003798,CUST001128,SELL0279,2026-05-21,00:26:45,2026-05-25,2026-05-28,6302.53,Cash on Delivery, Returned ,Customer Return,Mumbai,Web,Electronics
ORD0003799,CUST000317,SELL0539,2026-05-15,05:41:52,2026-05-19,2026-05-18,,Wallet,Delivered,,Mumbai,iOS,Electronics
ORD0003800,CUST000825,SELL0971,2026-06-10,02:38:26,2026-06-15,2026-06-15,58200.88,Bank Transfer,Delivered,,Kolkata,Android,Home
ORD0003801,CUST000310,SELL0327,2026-05-14,12:32:37,2026-05-20,,52356.19,Card,Cancelled,Seller Cancelled,Kochi,Android,Books
ORD0003802,CUST000884,SELL0794,2026-05-17,23:08:14,2026-05-24,,17861.67,UPI,Processing,Warehouse Delay,Chennai,iOS,Furniture
ORD0003803,CUST000783,SELL0819,2026-06-14,07:24:14,2026-06-20,2026-06-24,48403.51,Cash on Delivery,Returned,Size Issue,Indore,Mobile Web,Home
ORD0003804,CUST000931,SELL0957,2026-05-11,15:06:06,2026-05-13,2026-05-13,38396.83,Card,Returned,Wrong Item,Ahmedabad,Mobile Web,Mobiles
ORD0003805,CUST000599,SELL0610,2026-06-12,06:32:36,2026-06-18,,39734.92,Card,Processing,Warehouse Delay,Lucknow,Web,Mobiles
ORD0003806,CUST000022,SELL0501,2026-05-11,10:01:08,2026-05-16,2026-05-17,44423.16,Bank Transfer,Delivered,,Bengaluru,Mobile Web,Appliances
ORD0003807,CUST000059,SELL0667,2026-05-28,07:11:18,2026-05-30,2026-06-04,14649.74,Wallet,Delayed,Weather Delay,Jaipur,Web,Electronics
ORD0003808,CUST000896,SELL0628,2026-05-29,19:48:50,2026-06-05,2026-06-07,8783.81,Cash on Delivery,Delivered,,Kolkata,iOS,Electronics
ORD0003809,CUST000830,SELL0346,2026-05-25,17:16:31,2026-05-29,2026-05-30,40117.48,Cash on Delivery,Delivered,,Jaipur,Web,Furniture
ORD0003810,CUST000371,SELL0527,2026-05-09,23:47:08,2026-05-14,,29828.69,Card,Cancelled,Payment Failed,Kolkata,Android,Beauty
ORD0003811,CUST000042,SELL0105,2026-05-28,19:54:39,2026-06-02,2026-06-05,24144.69,UPI,Returned,Wrong Item,Ahmedabad,iOS,Home
ORD0003812,CUST000308,SELL0739,2026-05-21,15:13:16,2026-05-25,2026-05-25,10600.47,Wallet,Delivered,,Nagpur,Mobile Web,Appliances
ORD0003813,CUST000968,SELL0591,2026-05-01,19:59:11,2026-05-06,2026-05-05,35003.12,Bank Transfer,Delivered,,Chennai,Android,Mobiles
ORD0003814,CUST001085,SELL0104,2026-05-25,15:38:48,2026-05-31,2026-06-03,9211.7,Wallet,Refund Pending,Refund Awaited,Nagpur,Web,Grocery
ORD0003815,CUST000652,SELL0430,2026-05-18,18:19:03,2026-05-24,2026-05-31,5649.57,Cash on Delivery,Returned,Size Issue,Pune,Mobile Web,Mobiles
ORD0003816,CUST000047,SELL0287,2026-05-23,06:17:57,2026-05-26,2026-05-26,,UPI,Delivered,,Kochi,Web,Electronics
ORD0003817,CUST000810,SELL0293,2026-06-11,16:27:27,2026-06-15,2026-06-14,10676.62,Cash on Delivery,Delivered,,Nagpur,iOS,Appliances
ORD0003818,CUST000996,SELL0138,2026-05-05,21:16:58,2026-05-12,2026-05-13,6097.14,Bank Transfer,Delivered,,Nagpur,Android,Books
ORD0003819,CUST000524,SELL0324,2026-05-11,09:22:58,2026-05-13,,22707.6,Bank Transfer,Processing,Seller Dispatch Pending,Lucknow,Mobile Web,Fashion
ORD0003820,CUST000082,SELL0879,2026-05-31,20:04:51,2026-06-03,2026-06-03,59358.65,Wallet,Delivered,,Kochi,iOS,Home
ORD0003821,CUST000361,SELL0430,2026-05-20,11:16:10,2026-05-23,2026-05-21,48373.81,Card,Delivered,,Bengaluru,Mobile Web,Mobiles
ORD0003822,CUST000337,SELL0473,2026-06-12,01:28:15,2026-06-14,2026-06-23,42235.33,Bank Transfer,Delayed,Address Issue,Pune,iOS,Sports
ORD0003823,CUST001059,SELL0484,2026-05-29,02:31:57,2026-06-03,,52357.87,Bank Transfer,Processing,Address Verification,Pune,Android,Electronics
ORD0003824,CUST000814,SELL0707,2026-05-15,23:18:50,2026-05-20,2026-05-20,53773.48,Card,Delivered,,Jaipur,Android,Electronics
ORD0003825,CUST000441,SELL0558,2026-05-05,07:48:12,2026-05-07,,37958.28,Bank Transfer,Cancelled,Seller Cancelled,Indore,Mobile Web,Grocery
ORD0003826,CUST001082,SELL0910,2026-06-08,11:50:24,2026-06-14,2026-06-19,9224.28,Card,Delayed,Courier Delay,Delhi,Android,Appliances
ORD0003827,CUST000397,SELL0319,2026-05-02,13:27:08,2026-05-06,2026-05-06,18759.01,Cash on Delivery,Delivered,,Bengaluru,Android,Mobiles
ORD0003828,CUST000377,SELL0862,2026-05-17,02:50:45,2026-05-20,2026-05-19,53657.03,Wallet,Delivered,,Delhi,iOS,Beauty
ORD0003829,CUST000791,SELL0093,2026-05-29,22:06:59,2026-06-05,2026-06-03,45979.71,Card,Delivered,,Delhi,Android,Electronics
ORD0003830,CUST000470,SELL0235,2026-05-01,01:14:20,2026-05-05,2026-05-06,16412.86,Bank Transfer,Delivered,,Gurugram,Android,Furniture
ORD0003831,CUST000832,SELL0964,2026-06-06,23:21:44,2026-06-11,2026-06-11,42122.69,Bank Transfer,Delivered,,Bengaluru,Web,Home
ORD0003832,CUST000416,SELL0721,2026-05-14,03:19:28,2026-05-18,,39430.87,Cash on Delivery,Processing,Warehouse Delay,Coimbatore,Mobile Web,Books
ORD0003833,CUST000578,SELL0736,2026-05-27,04:49:34,2026-06-03,2026-06-03,25903.03,Card,Delivered,,Nagpur,iOS,Mobiles
ORD0003834,CUST000276,SELL0760,2026-06-07,17:07:49,2026-06-09,2026-06-10,10930.69,Bank Transfer,Delivered,,Lucknow,Android,Beauty
ORD0003835,CUST000732,SELL0289,2026-05-03,15:14:11,2026-05-09,2026-05-10,3995.2,Wallet,Delivered,,Mumbai,Mobile Web,Appliances
ORD0003836,CUST000686,SELL0690,2026-05-31,08:48:25,2026-06-06,2026-06-05,29234.79,Bank Transfer,Delivered,,Noida,Mobile Web,Home
ORD0003837,CUST000643,SELL0921,2026-06-01,18:40:54,2026-06-08,,20867.43,Wallet,Cancelled,Customer Cancelled,Nagpur,Web,Grocery
ORD0003838,CUST000553,SELL0992,2026-05-15,06:05:17,2026-05-22,2026-05-22,14876.7,Cash on Delivery,Delivered,,Chennai,Android,Electronics
ORD0003839,CUST000079,SELL0242,2026-05-06,19:40:02,2026-05-08,2026-05-08,4204.17,UPI,Delivered,,Chennai,iOS,Electronics
ORD0003840,CUST000133,SELL0902,2026-06-14,09:38:31,2026-06-21,2026-06-20,59011.81,Wallet,Delivered,,Jaipur,iOS,Mobiles
ORD0003841,CUST000446,SELL0821,2026-06-04,14:12:27,2026-06-10,2026-06-10,19172.0,Bank Transfer,Delivered,,Pune,iOS,Mobiles
ORD0003842,CUST000040,SELL0340,2026-05-22,09:00:40,2026-05-25,2026-05-25,47529.54,Card,Delivered,,Lucknow,iOS,Sports
ORD0003843,CUST000927,SELL0671,2026-06-10,13:49:29,2026-06-14,2026-06-15,56599.28,Bank Transfer,Delivered,,Coimbatore,Web,Appliances
ORD0003844,CUST000917,SELL0891,2026-05-12,04:57:35,2026-05-18,2026-05-17,41326.21,Bank Transfer,Delivered,,Bengaluru,Android,Mobiles
ORD0003845,CUST000141,SELL0477,2026-05-04,19:15:04,2026-05-09,2026-05-08,6045.68,Bank Transfer,Delivered,,Kolkata,Android,Sports
ORD0003846,CUST000273,SELL0840,2026-05-27,09:15:29,2026-05-31,,40639.27,Cash on Delivery,Processing,Warehouse Delay,Pune,Mobile Web,Furniture
ORD0003847,CUST000562,SELL0886,2026-05-22,10:25:31,2026-05-28,2026-05-26,23376.25,Bank Transfer,Delivered,,Delhi,Web,Books
ORD0003848,CUST000950,SELL0703,2026-05-30,15:52:43,2026-06-05,2026-06-07,48442.57,Card,Delivered,,Kolkata,Android,Furniture
ORD0003849,CUST000677,SELL0039,2026-06-10,10:08:26,2026-06-12,,39551.73,UPI,Cancelled,Customer Cancelled,Kolkata,iOS,Books
ORD0003850,CUST001100,SELL0376,2026-06-04,00:52:49,2026-06-07,2026-06-07,42559.51,Wallet,Delivered,,Coimbatore,Mobile Web,Home
ORD0003851,CUST000173,SELL0707,2026-06-06,05:30:03,2026-06-13,2026-06-12,1322.75,Card,Delivered,,Kochi,Android,Electronics
ORD0003852,CUST000624,SELL0061,2026-05-30,23:16:22,2026-06-06,,36470.32,Bank Transfer,Processing,Warehouse Delay,Pune,Mobile Web,Grocery
ORD0003853,CUST001092,SELL0745,2026-06-07,00:27:07,2026-06-10,2026-06-10,37667.37,Card,Delivered,,Kolkata,iOS,Mobiles
ORD0003854,CUST000976,SELL0234,2026-05-03,09:02:08,2026-05-05,2026-05-07,21372.6,Bank Transfer,Delivered,,Hyderabad,iOS,Home
ORD0003855,CUST000222,SELL0319,2026-05-19,10:30:23,2026-05-25,2026-05-25,36812.44,Wallet,Delivered,,Pune,Mobile Web,Mobiles
ORD0003856,CUST000375,SELL0753,2026-06-09,01:25:54,2026-06-11,2026-06-20,60329.11,Bank Transfer,Returned,Damaged Item,Mumbai,Android,Grocery
ORD0003857,CUST000041,SELL0240,2026-05-22,07:59:02,2026-05-26,2026-05-26,47057.16,Cash on Delivery,Delivered,,Coimbatore,Web,Sports
ORD0003858,CUST000395,SELL0666,2026-05-16,04:54:43,2026-05-21,2026-05-20,31008.99,Cash on Delivery,Delivered,,Kochi,Android,Sports
ORD0003859,CUST000418,SELL0954,2026-05-29,05:58:32,2026-06-03,2026-06-06,14863.28,Card,Delayed,Address Issue,Chennai,Web,Furniture
ORD0003860,CUST000781,SELL0791,2026-06-01,07:06:18,2026-06-07,2026-06-14,38015.11,Cash on Delivery,Returned,Customer Return,Coimbatore,Android,Furniture
ORD0003861,CUST000834,SELL0684,2026-05-06,13:43:38,2026-05-09,2026-05-08,61014.65,UPI,Delivered,,Jaipur,Mobile Web,Mobiles
ORD0003862,CUST000447,SELL0480,2026-05-06,05:27:29,2026-05-08,2026-05-09,10980.46,Cash on Delivery,Delivered,,Nagpur,Android,Fashion
ORD0003863,CUST000348,SELL0240,2026-05-25,09:32:34,2026-05-28,2026-05-30,46299.66,Bank Transfer,Delivered,,Hyderabad,Web,Sports
ORD0003864,CUST000750,SELL0014,2026-05-20,15:11:05,2026-05-27,2026-06-05,5851.82,UPI,Delayed,Last Mile Capacity,Ahmedabad,Android,Books
ORD0003865,CUST000318,SELL0637,2026-05-12,19:33:28,2026-05-14,2026-05-14,59030.46,UPI,Delivered,,Nagpur,Web,Furniture
ORD0003866,CUST000396,SELL0033,2026-05-07,07:15:39,2026-05-12,2026-05-12,52854.26,Wallet,Delivered,,Jaipur,Mobile Web,Grocery
ORD0003867,CUST000588,SELL0301,2026-06-10,04:00:51,2026-06-15,2026-06-15,38005.88,Card,Delivered,,Mumbai,Android,Books
ORD0003868,CUST000039,SELL0433,2026-05-28,12:43:11,2026-06-04,2026-06-04,28979.16,Cash on Delivery,Delivered,,Chennai,Android,Mobiles
ORD0003869,CUST000336,SELLX9604,2026-05-01,20:58:35,2026-05-07,2026-05-17,21634.45,Cash on Delivery,Delayed,Courier Delay,Nagpur,Web,Fashion
ORD0003870,CUST001147,SELL0785,2026-05-01,23:34:08,2026-05-03,2026-05-03,19916.2,UPI,Delivered,,Pune,iOS,Grocery
ORD0003871,CUST000482,SELL0218,2026-05-31,14:18:08,2026-06-07,2026-06-07,61401.15,Wallet,Delivered,,Lucknow,Mobile Web,Fashion
ORD0003872,CUST000614,SELL0586,2026-05-01,07:40:35,2026-05-06,,44571.46,Wallet,Cancelled,Seller Cancelled,Jaipur,Mobile Web,Fashion
ORD0003873,CUST001151,SELL0992,2026-05-28,22:55:33,2026-06-03,2026-06-07,56162.65,UPI,Refund Pending,Refund Awaited,Ahmedabad,Mobile Web,Electronics
ORD0003874,CUST000346,SELL0487,2026-05-25,21:16:56,2026-06-01,2026-06-01,24065.79,Wallet,Delivered,,Ahmedabad,Android,Mobiles
ORD0003875,CUST000346,SELL0178,2026-06-10,13:57:20,2026-06-15,2026-06-15,16458.18,Cash on Delivery,Delivered,,Kochi,Mobile Web,Furniture
ORD0003876,CUST000124,SELL0591,2026-06-06,12:05:43,2026-06-09,2026-06-07,11668.58,Wallet,Delivered,,Gurugram,Android,Mobiles
ORD0003877,CUST000239,SELL0376,2026-05-20,10:03:50,2026-05-23,2026-05-22,15391.2,Wallet,Delivered,,Mumbai,iOS,Home
ORD0003878,CUST000546,SELL0273,2026-05-13,10:35:47,2026-05-19,2026-05-19,19483.45,Card,Delivered,,Indore,Mobile Web,Fashion
ORD0003879,CUST000603,SELL0291,2026-05-20,04:50:03,2026-05-22,2026-05-23,53846.5,Wallet,Delivered,,Indore,Android,Books
ORD0003880,CUST000947,SELL0966,2026-06-14,04:14:58,2026-06-17,2026-06-28,5771.12,Cash on Delivery,Delayed,Last Mile Capacity,Pune,Mobile Web,Furniture
ORD0003881,CUST000115,SELL0813,2026-05-02,12:34:46,2026-05-07,2026-05-10,11175.52,UPI,Returned,Damaged Item,Chennai,Android,Mobiles
ORD0003882,CUST001058,SELL0689,2026-06-11,00:25:16,2026-06-16,2026-06-16,2081.72,Wallet,Delivered,,Kolkata,Android,Books
ORD0003883,CUST000639,SELL0292,2026-05-28,06:21:35,2026-05-30,,35652.6,UPI,Cancelled,Seller Cancelled,Kolkata,Mobile Web,Grocery
ORD0003884,CUST000881,SELL0293,2026-06-03,11:27:11,2026-06-10,2026-06-16,50884.46,Wallet,Returned,Wrong Item,Chennai,Mobile Web,Appliances
ORD0003885,CUST000075,SELL0736,2026-05-04,11:46:56,2026-05-10,2026-05-21,13013.72,Cash on Delivery,Delayed,Last Mile Capacity,Gurugram,iOS,Mobiles
ORD0003886,CUST000546,SELL0891,2026-05-23,12:24:37,2026-05-25,,60935.43,Wallet,Cancelled,Customer Cancelled,Nagpur,Android,Mobiles
ORD0003887,CUST000896,SELL0722,2026-05-28,03:28:05,2026-06-03,2026-06-03,59905.34,Wallet,Delivered,, COIMBATORE ,iOS,Home
ORD0003888,CUST000643,SELL0175,2026-05-02,22:02:20,2026-05-09,2026-05-10,12549.35,Bank Transfer,Delivered,,Kolkata,iOS,Fashion
ORD0003889,CUST000367,SELL0829,2026-05-07,07:06:23,2026-05-12,2026-05-12,44885.75,UPI,Delivered,,Pune,iOS,Appliances
ORD0003890,CUST000043,SELL0530,2026-06-12,03:34:24,2026-06-16,2026-06-15,56558.4,Card,Delivered,,Kochi,Mobile Web,Grocery
ORD0003891,CUST000624,SELL0234,2026-06-14,23:07:03,2026-06-16,2026-06-17,45494.19,Cash on Delivery,Delivered,,Mumbai,Web,Home
ORD0003892,CUST000652,SELL0065,2026-05-10,21:00:32,2026-05-14,2026-05-15,18862.0,Wallet,Refund Pending,Return Pickup Pending,Kochi,Android,Grocery
ORD0003893,CUST000108,SELL0270,2026-05-25,19:23:38,2026-05-30,2026-05-30,8606.83,Wallet,Delivered,,Jaipur,Web,Electronics
ORD0003894,CUST000545,SELL0122,2026-05-10,00:26:06,2026-05-13,2026-05-18,23391.25,Bank Transfer,Returned,Wrong Item,Coimbatore,Mobile Web,Mobiles
ORD0003895,CUST000072,SELL0585,2026-06-02,00:24:22,2026-06-09,2026-06-07,28494.11,Card,Delivered,,Delhi,Web,Fashion
ORD0003896,CUST001072,SELL0210,2026-06-01,01:11:47,2026-06-08,2026-06-07,64042.37,Bank Transfer,Delivered,,Delhi,Android,Appliances
ORD0003897,CUST001099,SELL0195,2026-06-08,13:10:09,2026-06-12,2026-06-12,473.71,Bank Transfer,Delivered,,Hyderabad,Web,Fashion
ORD0003898,CUST000527,SELL0343,2026-06-05,09:57:57,2026-06-12,2026-06-23,37073.14,Bank Transfer,Delayed,Seller Dispatch Delay,Indore,Android,Sports
ORD0003899,CUST000897,SELL0838,2026-06-05,10:04:16,2026-06-07,2026-06-05,18990.04,Card,Delivered,,Nagpur,iOS,Beauty
ORD0003900,CUST000023,SELL0553,2026-05-10,21:19:03,2026-05-15,2026-05-15,59480.26,Wallet,Delivered,,Gurugram,Android,Sports
ORD0003901,CUST000062,SELL0028,2026-05-21,12:47:49,2026-05-28,2026-05-27,56544.26,Cash on Delivery,Delivered,,Nagpur,Web,Furniture
ORD0003902,CUST000239,SELL0455,2026-05-07,13:42:48,2026-05-11,2026-05-10,54719.24,Card,Delivered,,Noida,iOS,Beauty
ORD0003903,CUST000767,SELL0924,2026-06-13,00:22:47,2026-06-19,,40539.08,Wallet,Cancelled,Customer Cancelled,Lucknow,Mobile Web,Grocery
ORD0003904,CUST000414,SELL0960,2026-05-24,08:30:19,2026-05-28,2026-06-01,26061.32,UPI,Refund Pending,Payment Hold,Kolkata,Mobile Web,Home
ORD0003905,CUST000315,SELL0340,2026-05-13,17:58:56,2026-05-19,2026-05-19,39729.45,Card,Delivered,,Lucknow,iOS,Sports
ORD0003906,CUST000730,SELL0803,2026-05-05,15:13:13,2026-05-07,2026-05-09,57047.19,UPI,Returned,Customer Return,Kolkata,iOS,Fashion
ORD0003907,CUST000630,SELL0052,2026-06-03,04:39:51,2026-06-06,2026-06-08,12694.69,Wallet,Refund Pending,Return Pickup Pending,Pune,Android,Home
ORD0003908,CUST000093,SELL0292,2026-06-08,03:10:16,2026-06-13,2026-06-13,12749.54,Cash on Delivery,Delivered,,Ahmedabad,Mobile Web,Grocery
ORD0003909,CUST001050,SELL0541,2026-05-15,12:22:54,2026-05-21,2026-05-24,18671.46,Card,Delayed,Last Mile Capacity,Indore,iOS,Furniture
ORD0003910,CUST000234,SELL0228,2026-05-09,11:29:44,2026-05-14,2026-05-14,33232.05,Cash on Delivery,Delivered,,Ahmedabad,Android,Mobiles
ORD0003911,CUST000531,SELL0542,2026-05-02,20:09:08,2026-05-08,2026-05-14,33956.99,Cash on Delivery,Delayed,Seller Dispatch Delay,Jaipur,iOS,Sports
ORD0003912,CUST000097,SELL0436,2026-05-29,06:31:55,2026-06-01,2026-05-30,45998.8,UPI,Delivered,,Jaipur,Android,Mobiles
ORD0003913,CUST000698,SELL0259,2026-05-12,13:59:01,2026-05-15,2026-05-15,16204.46,Card,Delivered,,Chennai,Web,Books
ORD0003914,CUST000905,SELL0714,2026-05-03,21:35:19,2026-05-08,2026-05-10,37395.22,Wallet,Delivered,,Bengaluru,Mobile Web,Appliances
ORD0003915,CUST000118,SELL0786,2026-05-19,17:43:54,2026-05-21,2026-05-22,16536.5,UPI,Delivered,,Gurugram,Android,Grocery
ORD0003916,CUST000512,SELL0793,2026-05-17,14:24:49,2026-05-19,2026-05-21,12652.51,Cash on Delivery,Delayed,Weather Delay,Noida,Mobile Web,Mobiles
ORD0003917,CUST000251,SELL0932,2026-05-06,14:36:18,2026-05-10,2026-05-10,46432.61,Card,Delivered,,Bengaluru,iOS,Books
ORD0003918,CUST000910,SELL0392,2026-05-06,22:16:44,2026-05-09,2026-05-07,17670.72,Card,Delivered,,Indore,Mobile Web,Sports
ORD0003919,CUST000096,SELL0259,2026-06-13,13:22:14,2026-06-20,2026-06-19,10122.84,Cash on Delivery,Delivered,,Noida,iOS,Books
ORD0003920,CUST000357,SELL0707,2026-05-18,21:47:04,2026-05-23,,52971.87,Card,Cancelled,Payment Failed,Coimbatore,Android,Electronics
ORD0003921,CUSTX950672,SELL0936,2026-06-10,04:03:51,2026-06-15,2026-06-15,15864.47,Bank Transfer,Delivered,,Chennai,Android,Grocery
ORD0003922,CUST000663,SELL0969,2026-05-17,04:17:28,2026-05-22,2026-05-23,12328.35,Wallet,Delivered,,Bengaluru,Android,Sports
ORD0003923,CUST000682,SELL0328,2026-06-01,13:27:25,2026-06-04,,27193.68,UPI,Processing,Warehouse Delay,Nagpur,Android,Beauty
ORD0003924,CUST000865,SELL0710,2026-05-15,23:13:05,2026-05-19,2026-05-19,38454.61,Card,Delivered,,Jaipur,Android,Beauty
ORD0003925,CUST000158,SELL0166,2026-06-04,11:05:57,2026-06-09,2026-06-15,6935.46,UPI,Refund Pending,Payment Hold,Ahmedabad,Web,Home
ORD0003926,CUST000477,SELL0582,2026-05-17,10:53:55,2026-05-22,2026-05-22,30514.07,Bank Transfer,Delivered,,Kochi,iOS,Home
ORD0003927,CUST000003,SELL0453,2026-05-02,13:59:20,2026-05-05,,2274.88,Bank Transfer,Cancelled,Payment Failed,Gurugram,iOS,Appliances
ORD0003928,CUST000812,SELL0923,2026-06-14,13:49:04,2026-06-20,2026-06-19,41800.91,Wallet,Delivered,,Jaipur,iOS,Books
ORD0003929,CUST000964,SELL0256,2026-06-04,00:36:50,2026-06-08,2026-06-12,26974.38,UPI,Refund Pending,Refund Awaited,Gurugram,Mobile Web,Furniture
ORD0003930,CUST000906,SELL0720,2026-05-21,19:26:40,2026-05-28,2026-05-28,50089.1,UPI,Delivered,,Jaipur,Web,Home
ORD0003931,CUST000694,SELL0123,2026-06-09,03:29:35,2026-06-13,,13045.99,Card,Cancelled,Seller Cancelled,Nagpur,Web,Furniture
ORD0003932,CUST000826,SELL0941,2026-06-06,17:05:38,2026-06-12,2026-06-12,1257.09,Card,Delivered,,Pune,Mobile Web,Mobiles
ORD0003933,CUST000550,SELL0187,2026-05-10,15:48:36,2026-05-14,,18461.77,Bank Transfer,Processing,Warehouse Delay,Mumbai,Android,Home
ORD0001337,CUST000078,SELL0916,2026-05-12,08:34:11,2026-05-15,2026-05-16,9498.55,Card,Delivered,,Jaipur,Web,Home
ORD0003935,CUST000070,SELL0369,2026-05-17,23:56:17,2026-05-19,,24428.72,Cash on Delivery,Processing,Address Verification,Indore,Android,Books
ORD0003936,CUST000359,SELL0671,2026-05-17,06:32:33,2026-05-21,2026-05-20,31326.0,Cash on Delivery,Delivered,,Bengaluru,Web,Appliances
ORD0003937,CUST000565,SELL0477,2026-05-29,22:48:39,2026-06-04,,9021.22,Card,Cancelled,Seller Cancelled,Chennai,Android,Sports
ORD0003938,CUST001164,SELL0088,2026-05-18,08:54:49,2026-05-21,2026-05-27,27920.88,Card,Returned,Size Issue,Hyderabad,Android,Books
ORD0003939,CUST000292,SELL0549,2026-05-31,04:04:04,2026-06-04,2026-06-12,27611.01,Cash on Delivery,Delayed,Weather Delay,Nagpur,iOS,Books
ORD0003940,CUST000701,SELL0811,2026-06-13,22:57:26,2026-06-17,2026-06-17,28585.94,Wallet,Delivered,,Coimbatore,Mobile Web,Furniture
ORD0003941,CUST001140,SELL0363,2026-06-12,20:34:36,2026-06-14,,50122.15,Cash on Delivery,Lost,Package Lost,Lucknow,Web,Mobiles
ORD0003942,CUST000641,SELL0404,2026-05-28,07:49:16,2026-05-30,2026-05-29,54528.82,UPI,Delivered,,Coimbatore,Android,Mobiles
ORD0003943,CUST000178,SELL0894,2026-06-11,16:50:45,2026-06-15,2026-06-17,55763.19,UPI,Delayed,Address Issue,Lucknow,Web,Furniture
ORD0003944,CUST001120,SELL0763,2026-06-04,16:25:25,2026-06-09,,47049.34,Bank Transfer,Processing,Warehouse Delay,Indore,Mobile Web,Books
ORD0003945,CUST000493,SELL0167,2026-05-15,21:51:40,2026-05-19,2026-05-18,63150.75,Card,Delivered,,Nagpur,Web,Sports
ORD0003946,CUST000779,SELL0471,2026-05-07,20:02:36,2026-05-14,,38952.48,card,Lost,Package Lost,Chennai,Android,Electronics
ORD0003947,CUST001084,SELL0763,2026-05-20,15:13:02,2026-05-24,2026-05-28,10777.47,Wallet,Delayed,Seller Dispatch Delay,Chennai,Android,Books
ORD0003948,CUST001045,SELL0125,2026-05-07,00:35:41,2026-05-11,2026-05-15,49725.13,UPI,Refund Pending,Payment Hold,Kochi,Android,Furniture
ORD0003949,CUST000793,SELL0253,2026-06-01,09:13:11,2026-06-07,2026-06-08,62354.59,Bank Transfer,Delivered,,Jaipur,Web,Beauty
ORD0003950,CUST000383,SELL0770,2026-05-13,07:08:10,2026-05-15,2026-05-15,57010.44,UPI,Delivered,,Kochi,iOS,Fashion
ORD0003951,CUST000668,SELL0277,2026-06-13,07:24:27,2026-06-20,2026-06-20,3133.04,Bank Transfer,Delivered,,Jaipur,Android,Beauty
ORD0003952,CUST000061,SELL0427,2026-05-21,12:53:25,2026-05-27,2026-05-27,37056.73,Bank Transfer,Delivered,,Jaipur,Android,Appliances
ORD0003953,CUST000936,SELL0706,2026-06-03,20:03:41,2026-06-09,2026-06-08,1487.3,Wallet,Delivered,,Coimbatore,Web,Furniture
ORD0003954,CUST000850,SELL0174,2026-05-05,07:09:34,2026-05-11,2026-05-11,57544.1,Wallet,Delivered,,Ahmedabad,Mobile Web,Grocery
ORD0003955,CUST000035,SELL0073,2026-05-21,05:39:59,2026-05-25,2026-05-27,34595.7,UPI,REFUND PENDING,Refund Awaited,Kochi,Mobile Web,Furniture
ORD0003956,CUST001083,SELL0141,2026-06-08,13:57:48,2026-06-14,,47442.62,Wallet,Processing,Seller Dispatch Pending,Mumbai,Web,Electronics
ORD0003957,CUST000693,SELL0252,2026-05-24,23:33:40,2026-05-31,2026-05-29,28894.12,UPI,Delivered,,Chennai,Mobile Web,Appliances
ORD0003958,CUST000109,SELL0692,2026-05-19,21:52:00,2026-05-26,2026-05-25,16498.23,Wallet,Delivered,,Mumbai,iOS,Fashion
ORD0003959,CUST000373,SELL0581,2026-05-13,07:50:09,2026-05-15,,53372.74,WALLET,Cancelled,Payment Failed,Chennai,iOS,Mobiles
ORD0003960,CUST000351,SELL0131,2026-06-13,22:12:16,2026-06-19,2026-06-19,41018.73,Card,delivered,,Ahmedabad,Mobile Web,Fashion
ORD0003961,CUST001118,SELL0168,2026-05-22,22:38:15,2026-05-28,,57142.57,UPI,Processing,Warehouse Delay,Mumbai,iOS,Grocery
ORD0003962,CUST000409,SELL0292,2026-05-22,02:22:47,2026-05-28,,58380.87,UPI,Processing,Address Verification,Gurugram,Mobile Web,Grocery
ORD0003963,CUST000203,SELL0874,2026-06-05,10:27:36,2026-06-08,2026-06-07,60946.03,UPI,Delivered,,Mumbai,Web,Mobiles
ORD0003964,CUSTX902041,SELL0145,2026-06-08,19:21:58,2026-06-11,2026-06-10,9224.07,Bank Transfer,Delivered,,Bengaluru,iOS,Sports
ORD0003965,CUST000592,SELL0478,2026-05-20,11:55:38,2026-05-23,2026-05-23,30978.59,Card,Delivered,,Mumbai,Mobile Web,Beauty
ORD0003966,CUST000606,SELL0167,2026-06-07,03:49:00,2026-06-14,,36857.37,Cash on Delivery,Cancelled,Payment Failed,Mumbai,Mobile Web,Sports
ORD0003967,CUST000813,SELL0629,2026-05-12,18:31:18,2026-05-16,,51734.69,Card,Processing,Warehouse Delay,Kolkata,Android,Mobiles
ORD0003968,CUST000476,SELL0898,2026-06-02,02:48:53,2026-06-09,2026-06-07,33369.28,Bank Transfer,Delivered,,Kochi,Mobile Web,Mobiles
ORD0003969,CUST000702,SELL0057,2026-05-09,15:46:18,2026-05-15,2026-05-15,13063.12,UPI,Delivered,,Kolkata,Web,Furniture
ORD0003970,CUST000693,SELL0105,2026-05-26,18:22:07,2026-06-02,2026-06-13,54785.32,Wallet,Delayed,Last Mile Capacity,Ahmedabad,Android,Home
ORD0003971,CUST000012,SELL0974,2026-06-14,21:07:44,2026-06-20,2026-06-18,55792.9,Cash on Delivery,Delivered,,Kochi,Mobile Web,Books
ORD0003972,CUST000298,SELL0354,2026-05-15,18:11:10,2026-05-20,2026-05-20,48442.73,Card,Delivered,,Mumbai,Web,Appliances
ORD0003973,CUST000428,SELL0627,2026-06-01,07:47:12,2026-06-08,2026-06-08,23346.6,UPI,Delivered,,Ahmedabad,Android,Mobiles
ORD0003974,CUST000023,SELL0223,2026-05-22,08:24:51,2026-05-26,,23738.54,Card,Cancelled,Payment Failed,Noida,Mobile Web,Sports
ORD0003975,CUST000771,SELL0992,2026-05-16,14:39:23,2026-05-23,2026-05-24,24437.74,Card,Refund Pending,Payment Hold,Gurugram,iOS,Electronics
ORD0003976,CUST001032,SELL0540,2026-05-21,18:11:39,2026-05-23,2026-05-23,1092.89,UPI,Delivered,,Kochi,Web,Appliances
ORD0003977,CUST000243,SELL0931,2026-05-16,09:41:45,2026-05-19,2026-05-24,34088.44,Wallet,Refund Pending,Payment Hold,Indore,Web,Fashion
ORD0003978,CUST000821,SELL0696,2026-06-07,22:27:59,2026-06-13,,22085.16,Card,Cancelled,Seller Cancelled,Gurugram,Mobile Web,Sports
ORD0003979,CUST000738,SELL0515,2026-05-23,13:18:44,2026-05-28,,48971.86,Bank Transfer,Processing,Seller Dispatch Pending,Delhi,Android,Sports
ORD0003980,CUST000765,SELL0946,2026-05-25,09:49:19,2026-05-31,2026-06-01,37082.03,Wallet,Delivered,,Ahmedabad,Android,Home
ORD0000213,CUST000432,SELL0822,2026-05-07,12:54:41,2026-05-09,2026-05-08,61251.62,Wallet,Delivered,,Chennai,Mobile Web,Home
ORD0003982,CUST000800,SELL0224,2026-06-10,20:01:32,2026-06-12,2026-06-11,8481.75,Cash on Delivery,Delivered,,Ahmedabad,Web,Fashion
ORD0003983,CUST000684,SELL0270,2026-05-31,21:04:02,2026-06-07,,34426.14,Card,Cancelled,Seller Cancelled,Delhi,Android,Electronics
ORD0003984,CUST000379,SELL0324,2026-06-01,18:32:13,2026-06-06,,58721.06,Card,Cancelled,Customer Cancelled,Mumbai,Mobile Web,Fashion
ORD0003985,CUST001100,SELL0067,2026-06-12,17:41:16,2026-06-14,2026-06-13,19393.87,Wallet,Delivered,,Indore,iOS,Home
ORD0003986,CUST000236,SELL0044,2026-06-12,17:56:39,2026-06-17,2026-06-22,11562.87,Bank Transfer,Returned,Wrong Item,Nagpur,Mobile Web,Books
ORD0003987,CUST000412,SELL0515,2026-05-11,12:41:31,2026-05-17,2026-05-17,18479.62,Card,Delivered,,Delhi,Android,Sports
ORD0003988,CUST000589,SELL0191,2026-06-12,20:17:50,2026-06-17,2026-06-17,38666.84,Wallet,Delivered,,Lucknow,iOS,Mobiles
ORD0003989,CUST000565,SELL0934,2026-06-02,09:56:04,2026-06-04,2026-06-05,53753.37,Cash on Delivery,Delivered,,Lucknow,Android,Books
ORD0003990,CUST000836,SELLX9526,2026-05-20,10:15:30,2026-05-27,,58542.78,Bank Transfer,Cancelled,Seller Cancelled,Kolkata,iOS,Mobiles
ORD0003991,CUST000998,SELL0747,2026-06-13,22:44:26,2026-06-20,2026-06-21,14713.92,Wallet,Delivered,,Indore,iOS,Appliances
ORD0003992,CUST000206,SELL0855,2026-06-05,05:05:05,2026-06-12,2026-06-19,5861.66,Wallet,Refund Pending,Payment Hold,Bengaluru,Android,Fashion
ORD0003993,CUST000028,SELL0203,2026-05-29,00:44:31,2026-06-05,,21182.54,Cash on Delivery,Cancelled,Payment Failed,Kochi,Mobile Web,Appliances
ORD0003994,CUST000882,SELL0972,2026-05-11,23:21:55,2026-05-16,2026-05-24,18966.74,Cash on Delivery,Delayed,Last Mile Capacity,Kolkata,iOS,Sports
ORD0003995,CUST000454,SELL0748,2026-05-12,15:08:29,2026-05-15,,3031.03,Card,Cancelled,Customer Cancelled,Indore,Web,Fashion
ORD0003996,CUST000435,SELL0813,2026-05-13,09:43:39,2026-05-17,,9774.09,Wallet,Processing,Seller Dispatch Pending,Ahmedabad,Android,Mobiles
ORD0003997,CUST000034,SELL0936,2026-06-04,07:17:36,2026-06-10,2026-06-10,6515.98,Bank Transfer,Delivered,,Lucknow,Web,Grocery
ORD0003998,CUST000879,SELL0811,2026-05-02,14:35:22,2026-05-09,2026-05-12,15109.84,UPI,Delayed,Courier Delay,Mumbai,Android,Furniture
ORD0003999,CUST000248,SELL0496,2026-05-19,07:27:35,2026-05-22,2026-05-22,43556.91,Card,Delivered,,Ahmedabad,Android,Furniture
ORD0004000,CUST001196,SELL0538,2026-05-25,02:17:23,2026-05-29,2026-05-30,60827.14,Cash on Delivery,Delivered,,Lucknow,iOS,Mobiles
ORD0004001,CUST000187,SELL0567,2026-05-06,14:02:29,2026-05-09,2026-05-07,5265.4,Cash on Delivery,Delivered,,Mumbai,Android,Electronics
ORD0004002,CUST000413,SELL0884,2026-06-10,06:47:24,2026-06-14,2026-06-17,22762.75,Card,Returned,Customer Return,Lucknow,Mobile Web,Electronics
ORD0004003,CUST000153,SELL0213,2026-06-10,20:06:03,2026-06-14,2026-06-16,18546.99,Bank Transfer,Refund Pending,Refund Awaited,Chennai,Web,Mobiles
ORD0004004,CUST000392,SELL0102,2026-05-14,07:46:19,2026-05-18,,43043.4,Cash on Delivery,Cancelled,Customer Cancelled,Delhi,Android,Home
ORD0004005,CUST000954,SELL0640,2026-06-14,17:30:47,2026-06-17,2026-06-23,16309.56,Card,Delayed,Courier Delay,Pune,Mobile Web,Sports
ORD0004006,CUST000050,SELL0547,2026-05-19,12:31:32,2026-05-22,2026-05-23,50500.36,Wallet,Delivered,,Lucknow,Web,Electronics
ORD0004007,CUST000801,SELL0324,2026-06-14,07:12:16,2026-06-16,2026-06-17,38058.91,UPI,Delivered,,Kolkata,iOS,Fashion
ORD0004008,CUST001105,SELL0700,2026-05-04,23:51:27,2026-05-08,2026-05-09,53126.15,Bank Transfer,Returned,Size Issue,Coimbatore,Web,Electronics
ORD0004009,CUST000139,SELL0116,2026-06-11,02:23:45,2026-06-16,2026-06-14,20923.56,Wallet,Delivered,,Delhi,Web,Sports
ORD0004010,CUST000147,SELL0507,2026-05-05,19:16:08,2026-05-07,2026-05-07,9765.77,UPI,Delivered,,Coimbatore,Web,Mobiles
ORD0004011,CUST001190,SELL0723,2026-05-22,07:47:48,2026-05-27,2026-06-02,3001.37,Card,Refund Pending,Payment Hold,Kochi,Android,Books
ORD0004012,CUST000366,SELL0306,2026-05-15,21:40:22,2026-05-20,2026-05-19,50665.6,Cash on Delivery,Delivered,,Nagpur,iOS,Beauty
ORD0004013,CUST001134,SELL0205,2026-05-13,12:31:13,2026-05-17,2026-05-20,17878.14,Cash on Delivery,Returned,Wrong Item,Jaipur,Web,Books
ORD0004014,CUST000106,SELL0471,2026-06-02,20:05:49,2026-06-07,,51962.12,Wallet,Processing,Warehouse Delay,Lucknow,iOS,Electronics
ORD0004015,CUST000288,SELL0448,2026-05-08,09:04:25,2026-05-11,2026-05-17,64206.77,Wallet,Delayed,Weather Delay, HYDERABAD ,Android,Electronics
ORD0004016,CUST001100,SELL0822,2026-05-30,12:14:33,2026-06-06,2026-06-07,39914.21,Bank Transfer,Returned,Size Issue,Kolkata,Android,Home
ORD0004017,CUST000784,SELL0078,2026-05-24,22:40:34,2026-05-26,2026-05-26,22514.85,Wallet,Delivered,,Noida,Android,Home
ORD0004018,CUST000915,SELL0003,2026-05-30,03:05:10,2026-06-02,2026-06-07,39705.69,Bank Transfer,Refund Pending,Return Pickup Pending,Coimbatore,Web,Home
ORD0004019,CUST001091,SELL0196,2026-05-17,00:41:13,2026-05-19,2026-05-21,3252.47,Bank Transfer,Refund Pending,Refund Awaited,Hyderabad,Mobile Web,Books
ORD0004020,CUST001022,SELL0513,2026-05-31,06:45:42,2026-06-04,2026-06-04,345.94,Cash on Delivery,Delivered,,Chennai,Android,Grocery
ORD0004021,CUST000095,SELL0418,2026-05-25,23:45:45,2026-05-29,2026-05-29,2899.21,UPI,Delivered,,Mumbai,Android,Grocery
ORD0004022,CUST000249,SELL0584,2026-05-27,17:43:22,2026-06-01,2026-06-01,60615.89,UPI,delivered,,Hyderabad,Android,Appliances
ORD0004023,CUST000538,SELL0345,2026-05-18,16:54:43,2026-05-25,2026-05-25,40974.07,Cash on Delivery,Delivered,,Kolkata,Web,Furniture
ORD0004024,CUST000776,SELL0624,2026-06-01,21:12:21,2026-06-04,2026-06-03,6010.66,Card,Delivered,,Chennai,Web,Books
ORD0004025,CUST000139,SELL0243,2026-05-07,16:31:58,2026-05-13,2026-05-14,15697.28,UPI,Delivered,,Coimbatore,iOS,Mobiles
ORD0004026,CUST000818,SELL0432,2026-05-13,07:27:58,2026-05-16,2026-05-18,16666.69,Cash on Delivery,Delivered,,Ahmedabad,Android,Appliances
ORD0004027,CUST000358,SELL0275,2026-06-03,13:10:26,2026-06-05,2026-06-10,25364.45,Wallet,Delayed,Courier Delay,Gurugram,Web,Home
ORD0004028,CUST001058,SELL0771,2026-05-20,06:48:17,2026-05-22,2026-05-26,42831.67,Wallet,Delayed,Address Issue,Delhi,Android,Furniture
ORD0004029,CUST000948,SELL0208,2026-05-25,03:30:44,2026-05-29,2026-05-29,56517.4,Cash on Delivery,Delivered,,Gurugram,Mobile Web,Electronics
ORD0004030,CUST000720,SELL0209,2026-06-03,15:24:56,2026-06-06,,12517.25,Wallet,Processing,Warehouse Delay,Gurugram,Mobile Web,Mobiles
ORD0004031,CUST000113,SELL0563,2026-05-04,17:35:40,2026-05-07,2026-05-08,35848.39,UPI,Delivered,,Kolkata,Web,Appliances
ORD0004032,CUST000910,SELL0252,2026-05-10,20:41:38,2026-05-16,2026-05-16,59741.13,UPI,Delivered,,Lucknow,Android,Appliances
ORD0004033,CUST000955,SELL0395,2026-06-02,09:27:56,2026-06-04,2026-06-05,12613.63,UPI,Returned,Size Issue,Hyderabad,Mobile Web,Fashion
ORD0004034,CUST000554,SELL0110,2026-05-04,07:40:43,2026-05-06,2026-05-06,50469.77,Card,Delivered,,Mumbai,Web,Grocery
ORD0004035,CUST000668,SELL0768,2026-05-14,05:34:28,2026-05-17,2026-05-17,19176.75,Card,Delivered,,Bengaluru,Android,Mobiles
ORD0004036,CUST001019,SELL0175,2026-05-10,18:20:12,2026-05-14,2026-05-15,41039.37,Cash on Delivery,Delivered,,Pune,iOS,Fashion
ORD0004037,CUST001071,SELL0104,2026-05-24,05:18:46,2026-05-26,2026-05-26,49836.85,Bank Transfer,Delivered,,Indore,Mobile Web,Grocery
ORD0004038,CUST000270,SELL0157,2026-05-28,03:31:28,2026-05-30,2026-06-07,53427.18,Cash on Delivery,Returned,Damaged Item,Noida,Mobile Web,Home
ORD0004039,CUST000228,SELL0263,2026-05-12,13:33:05,2026-05-18,2026-05-19,13929.55,Wallet,Delivered,,Indore,Android,Home
ORD0004040,CUST000202,SELL0530,2026-05-22,06:01:52,2026-05-29,2026-06-06,29944.79,Card,Delayed,Seller Dispatch Delay,Gurugram,Android,Grocery
ORD0004041,CUST000862,SELL0733,2026-05-03,08:01:45,2026-05-10,2026-05-10,14981.47,UPI,Delivered,,Pune,iOS,Appliances
ORD0004042,CUST000837,SELL0041,2026-05-20,16:37:54,2026-05-25,2026-05-24,16376.25,Card,Delivered,,Kolkata,iOS,Grocery
ORD0004043,CUST000272,SELL0253,2026-05-02,16:23:18,2026-05-06,2026-05-07,47950.18,Cash on Delivery,Delivered,,Bengaluru,Android,Beauty
ORD0004044,CUST000259,SELL0776,2026-05-05,20:48:49,2026-05-08,2026-05-08,16294.09,Bank Transfer,Delivered,,Chennai,iOS,Grocery
ORD0004045,CUST000495,SELL0111,2026-06-08,06:22:58,2026-06-13,2026-06-12,37558.76,Wallet,Delivered,,Noida,Web,Beauty
ORD0004046,CUST000662,SELL0013,2026-05-03,06:40:01,2026-05-08,,58461.94,Cash on Delivery,Cancelled,Seller Cancelled,Bengaluru,Android,Appliances
ORD0004047,CUST000259,SELL0523,2026-05-11,21:06:11,2026-05-18,2026-05-18,12438.11,Bank Transfer,Returned,Damaged Item,Kolkata,iOS,Sports
ORD0004048,CUST000534,SELL0489,2026-05-02,17:41:03,2026-05-08,,30605.54,Cash on Delivery,Cancelled,Customer Cancelled,Coimbatore,Web,Beauty
ORD0004049,CUST000524,SELL0088,2026-05-31,03:37:39,2026-06-04,2026-06-04,25654.56,Card,Delivered,,Noida,Web,Books
ORD0004050,CUST001119,SELL0439,2026-05-23,10:12:00,2026-31-05,2026-05-29,22853.17,Cash on Delivery,Delivered,,Coimbatore,Web,Books
ORD0004051,CUST000940,SELL0191,2026-05-07,21:24:04,2026-05-14,2026-05-14,38287.92,UPI,Delivered,,Kochi,Web,Mobiles
ORD0004052,CUST001035,SELL0337,2026-06-03,12:48:11,2026-06-08,2026-06-08,44109.38,Bank Transfer,Delivered,,Pune,Web,Appliances
ORD0004053,CUST000250,SELL0045,2026-05-08,18:28:36,2026-05-14,2026-05-19,27770.81,Bank Transfer,Delayed,Seller Dispatch Delay,Coimbatore,Android,Sports
ORD0004054,CUST000696,SELL0584,2026-05-27,00:36:24,2026-06-01,2026-06-02,28568.81,Bank Transfer,Delivered,,Noida,Android,Appliances
ORD0004055,CUST000483,SELL0465,2026-05-01,20:09:38,2026-05-07,2026-05-17,13667.88,Wallet,Delayed,Address Issue,Noida,Web,Home
ORD0004056,CUST000973,SELL0831,2026-05-19,10:08:43,2026-05-23,2026-05-24,37959.2,UPI,Delivered,,Indore,Android,Electronics
ORD0004057,CUST000214,SELL0277,2026-05-20,06:05:38,2026-05-26,2026-05-27,19576.28,UPI,Delivered,,Gurugram,iOS,Beauty
ORD0004058,CUST001138,SELL0174,2026-06-14,04:14:40,2026-06-18,,12603.4,Card,Processing,Seller Dispatch Pending,Indore,Mobile Web,Grocery
ORD0004059,CUST000880,SELL0787,2026-06-02,12:06:47,2026-06-07,2026-06-11,37885.75,UPI,Delayed,Seller Dispatch Delay,Coimbatore,Web,Sports
ORD0004060,CUST000103,SELL0487,2026-05-29,15:35:06,2026-06-05,2026-06-04,21192.38,Card,Delivered,,Delhi,Mobile Web,Mobiles
ORD0004061,CUST000316,SELL0413,2026-05-21,20:02:06,2026-05-23,,64605.84,UPI,Cancelled,Payment Failed, JAIPUR ,Web,Grocery
ORD0004062,CUST000359,SELL0451,2026-06-06,19:59:02,2026-06-12,2026-06-13,3607.22,Wallet,Delivered,,Chennai,Mobile Web,Books
ORD0004063,CUST001191,SELL0102,2026-05-11,11:13:33,2026-05-16,2026-05-21,46623.28,Cash on Delivery,Refund Pending,Payment Hold,Mumbai,Android,Home
ORD0004064,CUST001074,SELL0413,2026-05-25,11:45:33,2026-05-28,2026-05-30,12173.23,Card,Delayed,Seller Dispatch Delay,Delhi,Android,Grocery
ORD0004065,CUST001181,SELL0812,2026-05-29,12:30:42,2026-06-02,2026-06-02,3580.86,Card,Delivered,,Bengaluru,Android,Appliances
ORD0004066,CUST001126,SELL0798,2026-05-14,06:16:52,2026-05-18,2026-05-18,44176.09,Cash on Delivery,Delivered,,Jaipur,Mobile Web,Books
ORD0004067,CUST000761,SELL0412,2026-05-30,13:14:47,2026-06-01,2026-06-03,46345.01,Cash on Delivery,Delayed,Seller Dispatch Delay,Gurugram,Mobile Web,Books
ORD0004068,CUST001087,SELL0049,2026-05-27,03:27:40,2026-06-03,2026-06-04,62661.91,Card,Delivered,,Hyderabad,Android,Mobiles
ORD0004069,CUST000234,SELL0179,2026-05-18,06:27:04,2026-05-25,2026-06-03,44688.52,Wallet,Delayed,Address Issue,Bengaluru,Mobile Web,Beauty
ORD0004070,CUST000714,SELL0208,2026-05-10,07:07:06,2026-05-12,2026-05-11,59499.24,Cash on Delivery,Delivered,,Kochi,Web,Electronics
ORD0004071,CUST001115,SELL0038,2026-05-07,10:16:02,2026-05-09,,10459.53,Bank Transfer,Processing,Address Verification,Delhi,Mobile Web,Home
ORD0004072,CUST000230,SELL0244,2026-05-28,05:54:09,2026-06-03,2026-06-02,25835.5,UPI,Delivered,,Chennai,Web,Beauty
ORD0004073,CUST000411,SELL0026,2026-05-15,14:10:23,2026-05-20,2026-05-21,50603.88,Wallet,Delivered,,Mumbai,iOS,Appliances
ORD0004074,CUST000830,SELL0948,2026-05-10,10:26:58,2026-05-14,2026-05-15,48411.0, Card ,Delivered,,Kolkata,iOS,Home
ORD0004075,CUST000079,SELL0811,2026-05-14,19:03:39,2026-05-20,2026-05-20,62912.11,UPI,Delivered,,Delhi,Android,Furniture
ORD0004076,CUST000157,SELL0718,2026-05-24,04:51:16,2026-05-26,2026-05-26,24937.84,Cash on Delivery,Delivered,,Nagpur,Android,Sports
ORD0004077,CUST000558,SELL0259,2026-05-05,02:09:16,2026-05-10,2026-05-09,19342.62,Bank Transfer,Delivered,,Indore,Android,Books
ORD0004078,CUST000846,SELL0161,2026-05-26,03:27:18,2026-05-28,2026-05-26,51793.67,Card,Delivered,,Nagpur,iOS,Electronics
ORD0004079,CUST000421,SELL0970,2026-05-26,11:00:52,2026-06-01,2026-06-03,29268.7,Card,Returned,Wrong Item,Jaipur,Android,Fashion
ORD0004080,CUST000517,SELL0274,2026-05-13,10:36:09,2026-05-19,2026-05-20,44203.51,Cash on Delivery,Delivered,,Hyderabad,Web,Electronics
ORD0004081,CUST000959,SELL0644,2026-06-14,18:10:35,2026-06-18,2026-06-18,56101.88,Card,Delivered,,Gurugram,Web,Grocery
ORD0004082,CUST000715,SELL0201,2026-06-05,08:16:04,2026-06-10,2026-06-11,23997.74,Bank Transfer,Delivered,,Kochi,iOS,Sports
ORD0004083,CUST000354,SELL0318,2026-06-10,22:30:40,2026-06-14,2026-06-23,54073.97,UPI,Returned,Wrong Item,Kochi,Web,Sports
ORD0004084,CUST001023,SELL0524,2026-05-11,02:23:39,2026-05-18,2026-05-18,25332.66,Wallet,Delivered,,Hyderabad,Android,Grocery
ORD0004085,CUST000778,SELL0511,2026-05-25,22:06:40,2026-05-29,2026-06-06,9062.35,Bank Transfer,Returned,Damaged Item,Kochi,Android,Mobiles
ORD0004086,CUST000036,SELL0581,2026-05-12,02:09:23,2026-05-14,2026-05-21,6612.21,Cash on Delivery,Delayed,Courier Delay,Hyderabad,Web,Mobiles
ORD0004087,CUST000001,SELL0162,2026-06-03,11:29:23,2026-06-06,2026-06-07,49699.5,Bank Transfer,Delivered,,Noida,Web,Home
ORD0004088,CUST001079,SELL0437,2026-05-31,10:07:42,2026-06-07,2026-06-09,50032.23,Cash on Delivery,Delivered,,Delhi,Android,Beauty
ORD0004089,CUST000586,SELL0140,2026-06-03,05:21:08,2026-06-06,2026-06-05,29478.39,Card,Delivered,,Indore,Web,Mobiles
ORD0004090,CUST000129,SELL0355,2026-06-01,23:56:14,2026-06-04,2026-06-04,21599.88,Bank Transfer,Delivered,,Mumbai,Android,Home
ORD0004091,CUST000025,SELL0819,2026-06-13,16:03:04,2026-06-20,2026-06-24,53557.09,UPI,Returned,Customer Return,Coimbatore,Web,Home
ORD0004092,CUST000065,SELL0093,2026-06-04,14:43:57,2026-06-08,2026-06-08,18635.8,Wallet,Delivered,,Lucknow,Mobile Web,Electronics
ORD0004093,CUST000132,SELL0711,2026-05-19,14:46:15,2026-05-26,2026-06-01,20608.5,Bank Transfer,Refund Pending,Refund Awaited,Gurugram,iOS,Fashion
ORD0004094,CUST000528,SELL0203,2026-05-04,01:07:47,2026-05-08,,59195.04,Wallet,Processing,Seller Dispatch Pending,Pune,Android,Appliances
ORD0004095,CUST000699,SELL0004,2026-06-09,23:38:02,2026-06-12,2026-06-12,21936.76,Bank Transfer,Delivered,,Pune,Mobile Web,Grocery
ORD0004096,CUST000176,SELL0896,2026-06-03,13:16:16,2026-06-05,2026-06-05,13830.76,UPI,Delivered,,Pune,iOS,Mobiles
ORD0004097,CUST000327,SELL0585,2026-05-10,06:32:17,2026-05-16,2026-05-16,58760.85,UPI,Delivered,,Lucknow,iOS,Fashion
ORD0004098,CUST000739,SELL0925,2026-05-26,09:00:42,2026-06-01,2026-06-01,60852.9,Wallet,Delivered,,Chennai,Mobile Web,Furniture
ORD0004099,CUST000347,SELL0190,2026-05-21,07:56:12,2026-05-28,2026-06-02,35568.41,Bank Transfer,Refund Pending,Return Pickup Pending,Mumbai,Mobile Web,Fashion
ORD0004100,CUST000881,SELL0237,2026-05-16,07:00:31,2026-05-23,,51854.7,UPI,Processing,Warehouse Delay,Bengaluru,Android,Mobiles
ORD0004101,CUST000085,SELL0752,2026-05-14,16:16:28,2026-05-17,2026-05-18,19799.73,UPI,Delivered,,Gurugram,Android,Home
ORD0004102,CUST001017,SELL0815,2026-06-04,05:42:03,2026-06-11,,27142.62,Wallet,Processing,Warehouse Delay,Kochi,iOS,Grocery
ORD0004103,CUST000883,SELL0120,2026-05-13,16:54:38,2026-05-19,2026-05-26,19628.5,Wallet,Delayed,Seller Dispatch Delay,Hyderabad,Web,Mobiles
ORD0004104,CUST000122,SELL0677,2026-05-05,18:13:55,2026-05-08,,44215.09,Bank Transfer,Processing,Warehouse Delay, INDORE ,iOS,Furniture
ORD0004105,CUST000630,SELL0557,2026-05-01,00:34:13,2026-05-05,2026-05-05,63637.98,UPI,Delivered,,Jaipur,Android,Books
ORD0004106,CUST000361,SELL0340,2026-05-03,13:41:50,2026-05-06,2026-05-07,62770.91,UPI,Delivered,,Chennai,iOS,Sports
ORD0004107,CUST000658,SELL0478,2026-06-12,08:24:00,2026-06-14,2026-06-14,49593.53,Card,Delivered,,Nagpur,iOS,Beauty
ORD0004108,CUST001102,SELL0693,2026-05-25,09:56:39,2026-06-01,2026-06-09,13494.88,Bank Transfer,Returned,Customer Return,Jaipur,Android,Appliances
ORD0004109,CUST000371,SELL0296,2026-05-25,05:18:01,2026-05-28,,32606.67,UPI,Processing,Address Verification,Kolkata,Mobile Web,Mobiles
ORD0004110,CUST000873,SELL0124,2026-05-26,07:22:40,2026-06-01,2026-06-02,31984.54,Bank Transfer,Delivered,,Delhi,Mobile Web,Beauty
ORD0004111,CUST000924,SELL0691,2026-05-28,00:18:45,2026-06-01,2026-06-01,3478.05,Card,Delivered,,Gurugram,iOS,Fashion
ORD0004112,CUST001009,SELL0545,2026-05-13,23:54:58,2026-05-16,2026-05-18,39526.26,Cash on Delivery,Delivered,,Delhi,Mobile Web,Sports
ORD0004113,CUST000218,SELL0384,2026-05-01,10:43:06,2026-05-03,2026-05-06,12182.07,Card,Returned,Customer Return,Bengaluru,Android,Fashion
ORD0004114,CUST000624,SELL0853,2026-05-09,22:38:24,2026-05-13,2026-05-14,32653.81,UPI,Returned,Customer Return,Kolkata,Mobile Web,Beauty
ORD0004115,CUST000711,SELL0976,2026-05-05,08:20:14,2026-05-11,2026-05-11,2977.72,UPI,Delivered,,Chennai,Mobile Web,Books
ORD0004116,CUST000967,SELL0963,2026-05-20,13:00:18,2026-05-25,2026-05-27,56109.71,cash on delivery,Delivered,,Noida,iOS,Grocery
ORD0004117,CUST001146,SELL0657,2026-06-02,21:34:54,2026-06-05,2026-06-12,64285.72,Wallet,Returned,Size Issue,Ahmedabad,Android,Mobiles
ORD0004118,CUST001081,SELL0089,2026-05-12,11:25:22,2026-05-18,2026-05-19,59092.77,Wallet,Delivered,,Lucknow,iOS,Grocery
ORD0004119,CUST001009,SELL0029,2026-05-13,08:03:44,2026-05-17,2026-05-15,55156.12,Card,Delivered,,Ahmedabad,Mobile Web,Furniture
ORD0004120,CUST001051,SELL0603,2026-05-01,04:07:15,2026-05-04,,47362.99,Cash on Delivery,Cancelled,Seller Cancelled,Gurugram,Web,Books
ORD0004121,CUST000173,SELL0871,2026-05-11,15:13:36,2026-05-16,,10236.33,UPI,Cancelled,Customer Cancelled,Chennai,Web,Grocery
ORD0004122,CUST001151,SELL0560,2026-06-11,19:37:57,2026-06-14,2026-06-12,34106.53,Bank Transfer,Delivered,,Kochi,Mobile Web,Beauty
ORD0004123,CUST000422,SELL0317,2026-06-02,11:32:45,2026-06-08,2026-06-16,64055.87,UPI,Delayed,Courier Delay,Jaipur,Mobile Web,Fashion
ORD0004124,CUST001117,SELL0763,2026-06-13,18:27:36,2026-06-17,,41960.63,Wallet,Cancelled,Payment Failed,Hyderabad,Android,Books
ORD0004125,CUST000693,SELL0828,2026-05-01,02:14:36,2026-05-06,2026-05-10,41781.74,UPI,Returned,Wrong Item,Kochi,Android,Sports
ORD0004126,CUST000161,SELL0903,2026-05-09,07:08:15,2026-05-14,,40800.08,Bank Transfer,Processing,Address Verification,Ahmedabad,Android,Mobiles
ORD0004127,CUST001169,SELL0945,2026-05-03,01:43:42,2026-05-09,,25288.8,UPI,Cancelled,Seller Cancelled,Delhi,Android,Beauty
ORD0004128,CUST000758,SELL0475,2026-05-06,15:43:49,2026-05-12,2026-05-12,0,Card,Delivered,,Jaipur,iOS,Electronics
ORD0004129,CUST000368,SELL0903,2026-05-27,22:51:52,2026-06-02,2026-06-01,2280.91,Wallet,Delivered,,Pune,Mobile Web,Mobiles
ORD0004130,CUST000614,SELL0471,2026-06-07,22:01:12,2026-06-09,,40817.43,Bank Transfer,Lost,Package Lost,Hyderabad,Android,Electronics
ORD0004131,CUST001184,SELL0219,2026-05-11,03:10:57,2026-05-16,2026-05-15,248.33,Card,Delivered,, KOCHI ,Web,Sports
ORD0004132,CUST001165,SELL0389,2026-06-13,14:36:39,2026-06-15,2026-06-15,16351.57,Wallet, Delivered ,,Chennai,iOS,Grocery
ORD0004133,CUST000796,SELL0028,2026-06-06,07:13:03,2026-06-12,2026-06-12,37190.05,BANK TRANSFER,Returned,Damaged Item,Indore,iOS,Furniture
ORD0004134,CUST000328,SELL0961,2026-05-15,11:55:35,2026-05-19,,64321.13,UPI,Cancelled,Customer Cancelled,Gurugram,Mobile Web,Electronics
ORD0004135,CUST000270,SELL0435,2026-05-02,15:22:21,2026-05-07,2026-05-07,47125.67,Bank Transfer,Delivered,,Delhi,Web,Sports
ORD0004136,CUST000006,SELL0850,2026-06-13,09:10:29,2026-06-15,2026-06-15,3777.61,Cash on Delivery,Delivered,,Nagpur,Web,Sports
ORD0004137,CUST000096,SELL0583,2026-05-31,19:24:29,2026-06-03,2026-06-04,32213.52,Wallet,delivered,,Chennai,Mobile Web,Appliances
ORD0004138,CUST001169,SELL0164,2026-05-27,19:17:20,2026-06-02,,4029.65,Card,Cancelled,Payment Failed,Delhi,iOS,Sports
ORD0004139,CUST000225,SELL0941,2026-05-03,17:36:11,2026-05-07,2026-05-06,15407.79,Card,Delivered,,Indore,Android,Mobiles
ORD0004140,CUST000818,SELL0254,2026-05-03,21:58:42,2026-05-09,2026-05-19,964.74,Cash on Delivery,Delayed,Courier Delay,Nagpur,Web,Home
ORD0004141,CUST001123,SELL0685,2026-06-01,10:59:19,2026-06-03,2026-06-11,54703.98,Card,Delayed,Address Issue,Delhi,Android,Books
ORD0004142,CUST000775,SELL0083,2026-06-01,12:41:51,2026-06-05,2026-06-05,54596.4,Wallet,Delivered,,Bengaluru,Android,Fashion
ORD0004143,CUST000954,SELL0075,2026-05-29,03:20:31,2026-06-02,2026-06-04,23963.07,UPI,Refund Pending,Return Pickup Pending,Indore,Mobile Web,Home
ORD0004144,CUST000244,SELL0132,2026-06-12,11:52:58,2026-06-16,2026-06-15,43987.64,Card,Delivered,,Bengaluru,iOS,Books
ORD0004145,CUST000256,SELL0527,2026-05-25,15:27:48,2026-05-29,2026-05-29,18291.02,Cash on Delivery,Delivered,,Noida,iOS,Beauty
ORD0004146,CUST000976,SELL0752,2026-05-01,21:56:50,2026-05-06,2026-05-06,63936.99,Cash on Delivery,Delivered,,Lucknow,Web,Home
ORD0004147,CUST000790,SELL0084,2026-05-19,01:48:41,2026-05-22,,26084.47,UPI,Cancelled,Payment Failed,Kochi,Mobile Web,Appliances
ORD0004148,CUST000775,SELL0136,2026-05-10,21:55:57,2026-05-13,2026-05-23,36133.98,UPI,Delayed,Courier Delay,Indore,Mobile Web,Electronics
ORD0004149,CUST001015,SELL0186,2026-06-12,09:36:53,2026-06-19,2026-06-21,8570.09,Card,Delivered,,Chennai,Mobile Web,Beauty
ORD0004150,CUST000114,SELL0792,2026-06-10,21:41:29,2026-06-15,2026-06-15,15231.6,Cash on Delivery,Delivered,,Gurugram,iOS,Books
ORD0004151,CUST000325,SELL0851,2026-06-06,21:22:26,2026-06-08,2026-06-10,36063.98,Wallet,refund pending,Refund Awaited,Jaipur,iOS,Electronics
ORD0004152,CUSTX954637,SELL0610,2026-06-12,21:33:57,2026-06-17,2026-06-18,40478.16,Cash on Delivery,Delivered,,Gurugram,Web,Mobiles
ORD0004153,CUST000560,SELL0055,2026-05-13,15:51:43,2026-05-19,2026-05-20,31581.96,Wallet,Delivered,,Indore,Android,Sports
ORD0004154,CUST000973,SELL0188,2026-05-07,19:32:50,2026-05-09,,31705.71,Card,Processing,Seller Dispatch Pending,Hyderabad,Mobile Web,Sports
ORD0004155,CUST000805,SELL0750,2026-05-02,19:59:19,2026-05-07,,18630.83,Bank Transfer,Cancelled,Customer Cancelled,Jaipur,Mobile Web,Home
ORD0004156,CUST000978,SELL0127,2026-05-25,04:10:25,2026-05-28,2026-05-28,26657.91,UPI,Delivered,,Jaipur,Android,Electronics
ORD0004157,CUST000439,SELL0891,2026-05-01,13:18:15,2026-05-07,2026-05-06,64487.68,Bank Transfer,Delivered,,Noida,Mobile Web,Mobiles
ORD0004158,CUST000892,SELL0976,2026-05-27,21:43:48,2026-05-29,2026-05-28,10895.95,Cash on Delivery,Delivered,,Kochi,Web,Books
ORD0004159,CUST000879,SELL0026,2026-05-27,18:04:41,2026-05-29,2026-06-01,9254.83,Wallet,Returned,Customer Return,Pune,Mobile Web,Appliances
ORD0004160,CUST001177,SELL0774,2026-05-27,08:59:15,2026-05-31,2026-06-02,23590.81,UPI,Delivered,, PUNE ,Android,Books
ORD0004161,CUST001140,SELL0464,2026-05-31,12:05:30,2026-06-03,2026-06-03,18930.51,Cash on Delivery,Delivered,,Indore,Android,Sports
ORD0004162,CUST000916,SELL0220,2026-06-05,00:59:39,2026-06-11,2026-06-11,24361.09,Cash on Delivery,Delivered,,Chennai,Mobile Web,Books
ORD0004163,CUST000058,SELL0342,2026-05-17,15:14:57,2026-05-20,2026-05-20,42781.19,Wallet,Delivered,,Pune,Android,Beauty
ORD0004164,CUST000699,SELL0527,2026-06-08,00:10:58,2026-06-13,2026-06-17,14701.69,Cash on Delivery,Delayed,Last Mile Capacity,Bengaluru,iOS,Beauty
ORD0004165,CUST000342,SELL0698,2026-05-16,15:04:08,2026-05-22,2026-05-22,8960.23,Card,Delivered,,Kolkata,Web,Home
ORD0004166,CUST000751,SELL0429,2026-05-09,21:03:40,2026-05-11,,55050.73,UPI,Processing,Address Verification,Delhi,iOS,Furniture
ORD0004167,CUST000816,SELL0388,2026-06-08,08:01:10,2026-06-12,2026-06-10,15811.46,Cash on Delivery,Delivered,,Ahmedabad,Mobile Web,Home
ORD0004168,CUST000322,SELL0769,2026-06-09,13:51:39,2026-06-11,,38571.64,Wallet,Cancelled,Customer Cancelled,Noida,iOS,Electronics
ORD0004169,CUST000194,SELL0512,2026-05-24,23:32:11,2026-05-26,,50295.86,Wallet,Cancelled,Payment Failed,Lucknow,Web,Beauty
ORD0004170,CUST001174,SELL0214,2026-05-12,16:28:43,2026-05-19,2026-05-17,11142.11,Bank Transfer,Delivered,,Noida,Web,Sports
ORD0004171,CUST000931,SELL0453,2026-05-19,06:25:46,2026-05-24,,26875.65,Wallet,Cancelled,Payment Failed,Ahmedabad,Android,Appliances
ORD0004172,CUST000178,SELL0933,2026-06-03,22:14:02,2026-06-09,2026-06-12,8741.4,Wallet,Delayed,Courier Delay,Jaipur,Android,Electronics
ORD0004173,CUST000476,SELL0758,2026-06-13,11:46:27,2026-06-15,2026-06-17,18123.08,Wallet,Delivered,,Lucknow,Web,Sports
ORD0004174,CUST001054,SELL0057,2026-06-01,07:15:59,2026-06-06,,34746.85,Wallet,Processing,Warehouse Delay,Chennai,Android,Furniture
ORD0004175,CUST000613,SELL0783,2026-05-23,06:14:10,2026-05-28,2026-05-29,9409.24,Wallet,Delivered,,Indore,Web,Books
ORD0004176,CUST001180,SELL0185,2026-05-26,23:01:24,2026-05-28,2026-06-05,13290.11,Cash on Delivery,Delayed,Address Issue,Lucknow,iOS,Beauty
ORD0004177,CUST000974,SELL0045,2026-05-13,11:55:32,2026-05-19,,62707.41,Card,Cancelled,Payment Failed,Nagpur,Web,Sports
ORD0004178,CUST000995,SELL0555,2026-05-06,14:00:42,2026-05-08,,35297.66,UPI,Processing,Seller Dispatch Pending,Noida,Mobile Web,Beauty
ORD0004179,CUST000498,SELL0232,2026-05-30,20:25:30,2026-31-05,2026-06-06,33184.26,Bank Transfer,Delivered,,Mumbai,Android,Fashion
ORD0004180,CUST000762,SELL0663,2026-06-13,18:48:31,2026-06-16,2026-06-14,15910.1,Card,Delivered,,Indore,Mobile Web,Fashion
ORD0004181,CUST001148,SELL0405,2026-05-12,17:27:58,2026-05-17,2026-05-15,21614.71,Cash on Delivery,Delivered,,Indore,iOS,Fashion
ORD0004182,CUST000468,SELL0912,2026-05-23,21:51:54,2026-05-29,2026-06-08,6457.17,Bank Transfer,Delayed,Weather Delay,Nagpur,iOS,Books
ORD0004183,CUST000159,SELL0914,2026-05-17,03:47:29,2026-05-24,2026-05-28,48194.24,Cash on Delivery,Refund Pending,Refund Awaited,Gurugram,Web,Furniture
ORD0004184,CUST000111,SELL0112,2026-06-02,09:04:12,2026-06-05,2026-06-14,45367.92,Card,Delayed,Last Mile Capacity,Ahmedabad,Mobile Web,Sports
ORD0004185,CUST001192,SELL0768,2026-06-10,07:58:35,2026-06-14,2026-06-14,58352.78,UPI,Delivered,,Chennai,iOS,Mobiles
ORD0004186,CUST000515,SELL0470,2026-05-28,01:46:55,2026-06-02,2026-06-02,16588.11,Card,Delivered,,Delhi,Android,Grocery
ORD0004187,CUST000281,SELL0540,2026-06-07,21:33:01,2026-06-12,,18965.88,Cash on Delivery,Cancelled,Seller Cancelled,Jaipur,Web,Appliances
ORD0004188,CUST000929,SELL0956,2026-05-17,14:37:07,2026-05-20,,40305.98,Bank Transfer,Cancelled,Payment Failed,Chennai,Android,Furniture
ORD0004189,CUST000354,SELL0905,2026-05-14,09:03:07,2026-05-18,2026-05-17,5281.6,upi,Delivered,,Mumbai,Mobile Web,Fashion
ORD0004190,CUST000143,SELL0115,2026-05-15,16:43:46,2026-05-18,2026-05-16,19940.0,Cash on Delivery,Delivered,,Nagpur,Mobile Web,Appliances
ORD0004191,CUST000539,SELL0076,2026-06-02,07:18:11,2026-06-06,2026-06-06,28561.54,Card,Delivered,,Gurugram,Mobile Web,Beauty
ORD0004192,CUST000952,SELL0338,2026-05-26,00:42:32,2026-05-31,,48303.59,Wallet,Processing,Warehouse Delay,Kochi,Mobile Web,Beauty
ORD0004193,CUST000241,SELL0918,2026-06-04,17:31:55,2026-06-11,2026-06-15,35184.01,Cash on Delivery,delayed,Courier Delay,Nagpur,Web,Sports
ORD0004194,CUST000838,SELL0429,2026-05-22,03:44:27,2026-05-27,2026-05-26,20837.07,Card, Delivered ,,Kolkata,iOS,Furniture
ORD0004195,CUST000407,SELL0197,2026-06-13,15:47:05,2026-06-15,,20520.78,UPI,Cancelled,Payment Failed,Indore,Android,Electronics
ORD0004196,CUST001060,SELL0165,2026-05-12,03:04:50,2026-05-19,2026-05-19,16015.65,Bank Transfer,Delivered,,Lucknow,iOS,Appliances
ORD0004197,CUST000211,SELL0082,2026-05-29,08:53:56,2026-05-31,2026-05-30,41700.13,Bank Transfer,Delivered,,Noida,Mobile Web,Appliances
ORD0004198,CUST000548,SELL0199,2026-06-05,19:51:21,2026-06-11,2026-06-15,62872.18,Card,Delayed,Weather Delay,Noida,iOS,Fashion
ORD0004199,CUST000397,SELL0574,2026-05-14,17:22:10,2026-05-21,2026-05-20,9124.82,Cash on Delivery,Delivered,,Lucknow,Android,Home
ORD0004200,CUST000912,SELL0584,2026-05-15,05:58:04,2026-05-19,2026-05-27,11743.85,Wallet,Delayed,Last Mile Capacity,Gurugram,Android,Appliances
ORD0004201,CUST000350,SELL0387,2026-06-11,15:29:27,2026-06-17,2026-06-20,7955.31,Card,Refund Pending,Return Pickup Pending,Noida,iOS,Grocery
ORD0004202,CUST001120,SELL0438,2026-05-21,09:24:23,2026-05-25,2026-05-24,60469.01,Wallet,Delivered,,Ahmedabad,Mobile Web,Books
ORD0004203,CUST001165,SELL0757,2026-05-19,12:16:53,2026-05-21,2026-05-20,38759.02,UPI,Delivered,,Jaipur,Android,Appliances
ORD0004204,CUST000787,SELL0581,2026-06-12,13:45:37,2026-06-14,2026-06-14,35833.59,Wallet,Delivered,,Kochi,Mobile Web,Mobiles
ORD0004205,CUST000598,SELL0291,2026-05-21,08:42:10,2026-05-25,2026-05-31,12839.4,Wallet,Returned,Size Issue, COIMBATORE ,Web,Books
ORD0004206,CUST000485,SELL0218,2026-05-11,21:49:09,2026-05-18,,2893.3,Cash on Delivery,Cancelled,Customer Cancelled,Bengaluru,Web,Fashion
ORD0004207,CUST001054,SELL0429,2026-05-01,06:43:25,2026-05-05,2026-05-05,20966.06,Bank Transfer,Delivered,,Gurugram,iOS,Furniture
ORD0004208,CUST000146,SELL0095,2026-05-24,15:17:42,2026-05-31,,18166.89,Card,Processing,Address Verification,Mumbai,iOS,Mobiles
ORD0004209,CUST000451,SELL0574,2026-06-14,23:24:23,2026-06-19,2026-06-19,62928.67,Wallet,Delivered,,Jaipur,Mobile Web,Home
ORD0004210,CUST000035,SELL0923,2026-05-24,17:30:38,2026-05-27,2026-05-28,27268.83,Wallet,Delivered,,Hyderabad,Android,Books
ORD0004211,CUST001033,SELL0523,2026-05-16,04:14:28,2026-05-23,2026-05-23,52623.44,Wallet,Delivered,,Kolkata,Android,Sports
ORD0004212,CUST001189,SELL0855,2026-05-29,08:06:34,2026-06-04,2026-06-03,16573.63,Cash on Delivery,Delivered,,Jaipur,Android,Fashion
ORD0004213,CUST001177,SELL0507,2026-05-29,10:35:41,2026-06-04,2026-06-05,42091.48,Wallet,Delivered,,Indore,Android,Mobiles
ORD0004214,CUST000298,SELL0841,2026-05-06,12:06:48,2026-05-11,,28441.61,UPI,Processing,Address Verification,Bengaluru,Web,Furniture
ORD0004215,CUST001199,SELL0596,2026-06-09,18:17:19,2026-06-11,2026-06-13,49691.83,Bank Transfer,Delivered,,Lucknow,iOS,Home
ORD0004216,CUST000263,SELL0137,2026-05-16,11:32:05,2026-05-20,,62814.56,Card,Processing,Warehouse Delay,Mumbai,Web,Mobiles
ORD0004217,CUST000800,SELL0920,2026-05-27,19:17:54,2026-06-02,2026-06-02,31094.76,UPI,Delivered,,Gurugram,Android,Appliances
ORD0004218,CUST000170,SELL0036,2026-06-10,21:38:38,2026-06-12,2026-06-11,63483.97,UPI,Delivered,,Gurugram,Android,Sports
ORD0004219,CUST000957,SELL0234,2026-05-22,21:59:17,2026-05-29,2026-05-29,47529.33,Bank Transfer,Delivered,,Hyderabad,Android,Home
ORD0004220,CUST000741,SELL0925,2026-06-07,14:22:46,2026-06-13,2026-06-14,27131.16,Card,Delivered,,Indore,iOS,Furniture
ORD0004221,CUST000395,SELL0131,2026-05-15,10:02:12,2026-05-19,2026-05-19,20600.8,Cash on Delivery, Returned ,Wrong Item,Delhi,Android,Fashion
ORD0004222,CUST000175,SELL0728,2026-05-12,06:07:24,2026-05-18,2026-05-24,57315.25,Cash on Delivery,Returned,Customer Return,Jaipur,Mobile Web,Fashion
ORD0004223,CUST000638,SELL0702,2026-05-18,05:26:47,2026-05-25,2026-06-03,40494.58,Card,Returned,Wrong Item,Hyderabad,Android,Sports
ORD0004224,CUST000806,SELL0072,2026-05-30,22:25:37,2026-06-06,,25520.55,Wallet,Processing,Address Verification,Ahmedabad,iOS,Home
ORD0004225,CUST000006,SELL0829,2026-05-13,08:33:48,2026-05-15,2026-05-14,18030.53,Bank Transfer,Delivered,,Hyderabad,Mobile Web,Appliances
ORD0004226,CUST000725,SELL0033,2026-05-14,07:51:42,2026-05-19,2026-05-27,12887.87,Wallet,Delayed,Seller Dispatch Delay,Noida,Android,Grocery
ORD0004227,CUST000351,SELL0300,2026-05-23,19:29:12,2026-05-30,2026-06-03,36728.73,Bank Transfer,Returned,Customer Return,Coimbatore,Web,Home
ORD0004228,CUST000734,SELL0056,2026-05-19,12:06:01,2026-05-22,2026-05-23,33728.52,Cash on Delivery,Delivered,,Kolkata,Mobile Web,Books
ORD0004229,CUST000506,SELL0520,2026-05-19,18:46:38,2026-05-22,2026-05-29,51144.03,UPI,Returned,Wrong Item,Chennai,iOS,Appliances
ORD0004230,CUST000999,SELL0511,2026-05-28,10:55:35,2026-06-02,,56182.44,Wallet,Cancelled,Seller Cancelled,Kolkata,Mobile Web,Mobiles
ORD0004231,CUST001008,SELL0302,2026-05-25,06:09:33,2026-06-01,2026-06-08,22672.21,Bank Transfer,Refund Pending,Refund Awaited,Kolkata,Android,Electronics
ORD0004232,CUST000061,SELL0805,2026-05-19,01:56:02,2026-05-25,2026-05-24,33644.5,Card,Delivered,,Kochi,Android,Beauty
ORD0004233,CUST000728,SELL0749,2026-05-08,02:10:43,2026-05-11,2026-05-11,57723.75,Cash on Delivery,delivered,,Chennai,iOS,Appliances
ORD0004234,CUST000391,SELL0734,2026-06-05,13:23:09,2026-06-07,2026-06-12,61319.82,Wallet,Refund Pending,Return Pickup Pending,Noida,Android,Appliances
ORD0004235,CUST000058,SELL0994,2026-06-13,17:25:45,2026-06-17,2026-06-15,31876.45,Bank Transfer,Delivered,,Jaipur,iOS,Books
ORD0004236,CUST001015,SELL0909,2026-06-11,19:34:22,2026-06-15,,56839.25,UPI,Cancelled,Payment Failed,Mumbai,Web,Fashion
ORD0004237,CUST000543,SELL0454,2026-05-20,14:46:20,2026-05-27,2026-05-27,23546.63,UPI,Delivered,,Pune,Web,Home
ORD0004238,CUST000270,SELL0655,2026-05-19,03:44:26,2026-05-22,2026-05-21,43362.0,Wallet,Delivered,,Kochi,Android,Mobiles
ORD0004239,CUST000963,SELL0861,2026-06-03,14:41:03,2026-06-09,2026-06-09,11919.63,Wallet,Delivered,,Bengaluru,Android,Books
ORD0004240,CUST000193,SELL0021,2026-05-29,01:14:12,2026-06-01,2026-05-31,50734.54,UPI,Delivered,,Coimbatore,Android,Furniture
ORD0004241,CUST000484,SELL0087,2026-05-12,13:21:57,2026-05-15,,20327.54,Cash on Delivery,Processing,Seller Dispatch Pending,Noida,Web,Fashion
ORD0004242,CUST000812,SELL0616,2026-05-10,12:01:01,2026-05-12,2026-05-11,39159.06,UPI,Delivered,,Kochi,Android,Beauty
ORD0004243,CUST000350,SELL0692,2026-06-13,20:31:57,2026-06-20,2026-06-19,28433.47,UPI,Delivered,,Delhi,Mobile Web,Fashion
ORD0004244,CUST001022,SELL0331,2026-05-26,09:33:26,2026-05-29,2026-06-04,49180.5,Cash on Delivery,Delayed,Seller Dispatch Delay,Nagpur,Mobile Web,Grocery
ORD0004245,CUST000489,SELL0599,2026-06-03,05:06:47,2026-06-07,2026-06-07,4231.29,Bank Transfer,Delivered,,Delhi,iOS,Beauty
ORD0004246,CUST000169,SELL0971,2026-05-23,01:14:55,2026-05-29,2026-05-29,9554.92,Cash on Delivery,Delivered,,Noida,Mobile Web,Home
ORD0004247,CUST001181,SELL0694,2026-05-23,11:56:12,2026-05-29,2026-06-01,35074.06,Cash on Delivery,Refund Pending,Payment Hold,Hyderabad,Web,Fashion
ORD0004248,CUST000884,SELL0466,2026-06-04,03:12:29,2026-06-11,2026-06-13,18765.67,Cash on Delivery,Delivered,,Pune,Web,Books
ORD0004249,CUST000118,SELL0934,2026-05-14,20:08:40,2026-05-18,2026-05-19,57928.08,Wallet,Delivered,,Nagpur,iOS,Books
ORD0004250,CUST000324,SELL0482,2026-05-12,22:54:19,2026-05-18,2026-05-18,48434.92,Bank Transfer,Delivered,,Bengaluru,Web,Sports
ORD0004251,CUST000451,SELL0063,2026-05-25,07:29:40,2026-05-30,2026-06-02,37039.48,Cash on Delivery,Returned,Customer Return,Hyderabad,Android,Furniture
ORD0004252,CUST000136,SELL0334,2026-06-13,09:27:41,2026-06-17,2026-06-19,34102.49,Wallet,Delayed,Address Issue,Pune,Mobile Web,Books
ORD0004253,CUST000618,SELL0162,2026-06-08,20:39:39,2026-06-10,2026-06-15,53385.66,Wallet,Delayed,Address Issue,Jaipur,Mobile Web,Home
ORD0004254,CUST000849,SELL0735,2026-05-05,10:36:04,2026-05-07,,54492.86,Cash on Delivery,Lost,Package Lost,Delhi,Web,Appliances
ORD0004255,CUST000425,SELL0547,2026-05-06,13:43:27,2026-05-11,2026-05-18,26067.03,Bank Transfer,Delayed,Seller Dispatch Delay,Hyderabad,iOS,Electronics
ORD0004256,CUST000256,SELL0119,2026-05-25,01:17:32,2026-05-29,2026-05-29,64752.14,UPI,Delivered,,Noida,iOS,Fashion
ORD0004257,CUST000893,SELL0358,2026-06-10,00:51:12,2026-06-15,2026-06-24,30863.7,UPI, Delayed ,Address Issue,Coimbatore,iOS,Fashion
ORD0004258,CUST000576,SELL0301,2026-06-08,17:09:37,2026-06-14,2026-06-14,14131.75,Wallet,Delivered,,Nagpur,iOS,Books
ORD0004259,CUST000611,SELL0081,2026-06-03,02:56:47,2026-06-08,2026-06-17,47229.77,Wallet,Returned,Wrong Item,Nagpur,Mobile Web,Sports
ORD0004260,CUST000239,SELL0390,2026-05-26,17:24:38,2026-06-02,2026-06-07,41624.72,Wallet,Refund Pending,Return Pickup Pending,Chennai,iOS,Mobiles
ORD0004261,CUST000162,SELL0499,2026-05-30,04:42:20,2026-06-02,2026-06-08,3064.19,Wallet,Refund Pending,Return Pickup Pending,Delhi,iOS,Furniture
ORD0004262,CUST000707,SELL0859,2026-06-11,19:33:15,2026-06-14,2026-06-15,55685.69,Bank Transfer,Delivered,,Mumbai,Android,Home
ORD0004263,CUST000804,SELL0980,2026-05-04,17:52:36,2026-05-06,2026-05-06,10303.81,Wallet,Delivered,,Kochi,Mobile Web,Grocery
ORD0004264,CUST000793,SELL0461,2026-06-05,09:50:38,2026-06-10,2026-06-09,4498.23,Bank Transfer,Delivered,,Gurugram,iOS,Home
ORD0004265,CUST000623,SELL0915,2026-05-30,06:22:30,2026-06-04,2026-06-04,40301.82,Bank Transfer,Delivered,,Jaipur,Mobile Web,Sports
ORD0004266,CUST000520,SELL0266,2026-05-03,12:15:07,2026-05-06,,27662.86,Wallet,Lost,Package Lost,Chennai,iOS,Sports
ORD0004267,CUSTX995747,SELL0625,2026-06-13,06:56:26,2026-06-18,,21029.43,UPI,Cancelled,Seller Cancelled,Gurugram,Web,Grocery
ORD0004268,CUST000908,SELL0364,2026-06-01,15:01:12,2026-06-05,2026-06-05,613.21,Card,Returned,Wrong Item,Delhi,iOS,Sports
ORD0004269,CUST000010,SELL0469,2026-05-10,21:55:04,2026-05-16,2026-05-16,28599.07,Bank Transfer,Delivered,,Jaipur,Android,Home
ORD0004270,CUST000958,SELL0354,2026-05-12,19:08:53,2026-05-18,2026-05-24,3162.41,UPI,Refund Pending,Return Pickup Pending,Mumbai,Android,Appliances
ORD0004271,CUST000231,SELL0888,2026-05-07,11:56:48,2026-05-12,2026-05-13,16996.67,Wallet,Delivered,,Pune,Web,Home
ORD0004272,CUST000776,SELL0806,2026-05-29,02:58:58,2026-06-05,2026-06-05,25117.0,Card,Delivered,,Chennai,Web,Sports
ORD0004273,CUST000919,SELL0303,2026-06-10,15:18:22,2026-06-12,2026-06-12,1088.33,Card,delivered,,Nagpur,iOS,Grocery
ORD0004274,CUST000448,SELL0362,2026-05-21,06:31:58,2026-05-23,2026-05-22,1857.39,Wallet,Delivered,,Coimbatore,Web,Sports
ORD0004275,CUST000490,SELL0457,2026-06-02,15:46:16,2026-06-05,2026-06-05,8651.25,Bank Transfer,Delivered,,Coimbatore,iOS,Grocery
ORD0004276,CUST000408,SELL0326,2026-05-02,03:35:43,2026-05-07,2026-05-07,59808.61,Card,Delivered,,Pune,Android,Furniture
ORD0004277,CUST000129,SELL0369,2026-06-06,20:34:27,2026-06-11,2026-06-10,21248.92,Bank Transfer,Delivered,,Jaipur,iOS,Books
ORD0004278,CUST000007,SELL0326,2026-05-05,20:17:30,2026-05-07,2026-05-07,4822.37,Wallet,Delivered,,Gurugram,Web,Furniture
ORD0004279,CUST000970,SELL0047,2026-06-14,04:29:01,2026-06-19,2026-06-18,34343.29,Bank Transfer,Delivered,,Gurugram,iOS,Mobiles
ORD0004280,CUST000123,SELL0604,2026-06-03,08:15:49,2026-06-10,2026-06-10,0,Card,Delivered,,Jaipur,Web,Fashion
ORD0004281,CUST000339,SELL0534,2026-06-06,22:02:50,2026-06-12,2026-06-12,15198.58,UPI,Delivered,,Chennai,Mobile Web,Home
ORD0004282,CUST000467,SELL0993,2026-06-02,02:15:50,2026-06-09,2026-06-07,2721.15,Bank Transfer,Delivered,,Coimbatore,iOS,Sports
ORD0004283,CUST000242,SELL0729,2026-05-18,08:11:51,2026-05-23,2026-05-23,15588.85,Cash on Delivery,Delivered,,Pune,iOS,Home
ORD0004284,CUST001093,SELL0315,2026-05-07,11:17:48,2026-05-10,2026-05-10,2721.98,Bank Transfer,Delivered,,Nagpur,Mobile Web,Electronics
ORD0004285,CUST000727,SELL0852,2026-06-10,12:04:01,2026-06-16,,53024.04,Wallet,Processing,Seller Dispatch Pending,Kolkata,Android,Appliances
ORD0004286,CUST000968,SELL0997,2026-05-27,08:34:17,2026-06-02,2026-06-01,2142.13,UPI,Delivered,,Coimbatore,Android,Electronics
ORD0004287,CUST000580,SELL0925,2026-05-28,19:13:26,2026-06-01,2026-06-01,5184.15,Bank Transfer,Delivered,,Hyderabad,Web,Furniture
ORD0004288,CUST001162,SELL0194,2026-05-18,20:58:05,2026-05-22,,20918.53,Cash on Delivery,Cancelled,Customer Cancelled,Indore,Web,Home
ORD0004289,CUST000598,SELL0864,2026-06-08,13:43:55,2026-06-15,2026-06-15,3311.09,Cash on Delivery,Delivered,,Indore,Android,Mobiles
ORD0004290,CUST001066,SELL0494,2026-05-23,06:31:56,2026-05-26,2026-05-26,17394.58,Bank Transfer,Delivered,,Bengaluru,Android,Beauty
ORD0004291,CUST000079,SELL0162,2026-05-07,21:09:36,2026-05-14,,53489.39,Bank Transfer,Processing,Warehouse Delay,Lucknow,iOS,Home
ORD0004292,CUST001029,SELL0790,2026-05-29,16:49:00,2026-06-04,2026-06-04,31363.08,Card,Delivered,,Pune,iOS,Books
ORD0004293,CUST000854,SELL0345,2026-06-11,09:53:43,2026-06-13,2026-06-18,11918.42,UPI,Returned,Customer Return,Indore,Web,Furniture
ORD0004294,CUST001039,SELL0310,2026-05-15,00:59:54,2026-05-20,2026-05-20,20594.12,Cash on Delivery,Delivered,,Gurugram,Web,Fashion
ORD0004295,CUST000173,SELL0605,2026-05-04,16:24:10,2026-05-08,2026-05-08,42494.22,Wallet,Delivered,,Coimbatore,iOS,Grocery
ORD0004296,CUST001074,SELL0207,2026-06-10,14:48:16,2026-06-13,,35460.93,UPI,Cancelled,Seller Cancelled,Nagpur,Android,Home
ORD0004297,CUST001148,SELL0208,2026-06-12,19:26:38,2026-06-18,2026-06-19,33391.41,UPI,Delivered,,Chennai,iOS,Electronics
ORD0004298,CUST000759,SELL0095,2026-05-19,05:51:21,2026-05-26,2026-06-01,5228.07,Card,Delayed,Seller Dispatch Delay,Kolkata,iOS,Mobiles
ORD0004299,CUST000114,SELL0533,2026-05-16,11:20:24,2026-05-23,,12838.09,Cash on Delivery,Processing,Seller Dispatch Pending,Noida,Mobile Web,Grocery
ORD0004300,CUST001077,SELL0129,2026-06-07,22:25:23,2026-06-13,2026-06-13,20294.76,Bank Transfer,Delivered,,Kolkata,Mobile Web,Grocery
ORD0004301,CUST000490,SELL0189,2026-05-28,22:09:25,2026-06-01,2026-05-31,62080.09,UPI,Delivered,,Bengaluru,Web,Fashion
ORD0004302,CUST000024,SELL0360,2026-05-19,22:18:03,2026-05-24,2026-05-24,43515.95,Card,Delivered,,Coimbatore,Mobile Web,Electronics
ORD0004303,CUST000232,SELL0363,2026-05-20,06:36:28,2026-05-25,2026-06-01,43825.54,Card,Delayed,Courier Delay,Kolkata,Android,Mobiles
ORD0004304,CUST000790,SELL0411,2026-06-11,17:28:55,2026-06-18,2026-06-18,45668.16,Card,Delivered,,Jaipur,Web,Mobiles
ORD0004305,CUST000256,SELL0598,2026-05-19,10:48:31,2026-05-22,2026-05-24,41657.62,Wallet,Refund Pending,Refund Awaited,Hyderabad,Android,Sports
ORD0004306,CUST000718,SELL0383,2026-05-27,12:16:37,2026-06-03,2026-06-12,52016.95,Bank Transfer,Returned,Size Issue,Ahmedabad,Android,Home
ORD0004307,CUST001165,SELL0487,2026-05-03,18:22:51,2026-05-09,,24491.41,Card,Cancelled,Seller Cancelled,Hyderabad,Android,Mobiles
ORD0004308,CUST000137,SELL0629,2026-05-15,23:34:34,2026-05-21,,47535.23,Wallet,Processing,Seller Dispatch Pending,Pune,iOS,Mobiles
ORD0004309,CUST000217,SELL0106,2026-06-05,07:54:59,2026-06-07,2026-06-14,21459.57,Cash on Delivery,Delayed,Courier Delay,Delhi,Android,Electronics
ORD0004310,CUST001191,SELL0190,2026-05-22,07:24:04,2026-05-26,2026-05-26,11233.58,UPI,Delivered,,Jaipur,iOS,Fashion
ORD0004311,CUST000786,SELL0769,2026-06-05,19:58:48,2026-06-09,2026-06-09,27364.7,UPI,delivered,,Delhi,Web,Electronics
ORD0004312,CUST001017,SELL0767,2026-05-10,06:28:03,2026-05-14,2026-05-23,23969.44,Card,Returned,Wrong Item,Indore,iOS,Furniture
ORD0004313,CUST000019,SELL0630,2026-05-23,17:20:33,2026-05-25,2026-05-25,43661.34,Bank Transfer,Delivered,, COIMBATORE ,Web,Grocery
ORD0004314,CUST000702,SELL0498,2026-06-14,00:31:29,2026-06-17,2026-06-28,47583.43,Bank Transfer,Delayed,Courier Delay,Kolkata,Web,Electronics
ORD0004315,CUST000957,SELL0055,2026-05-09,19:56:57,2026-05-11,2026-05-10,64421.48,Card,Delivered,,Delhi,iOS,Sports
ORD0004316,CUST000433,SELL0898,2026-05-05,14:09:27,2026-05-11,,27405.3,UPI,Cancelled,Seller Cancelled,Mumbai,Android,Mobiles
ORD0004317,CUST000542,SELL0765,2026-05-18,11:43:55,2026-05-21,2026-05-24,7545.14,Cash on Delivery,Refund Pending,Refund Awaited,Pune,Android,Furniture
ORD0004318,CUST000519,SELL0472,2026-06-05,02:44:14,2026-06-08,2026-06-09,38497.35,Card,Delivered,,Indore,iOS,Appliances
ORD0004319,CUST000612,SELL0794,2026-05-06,23:58:35,2026-05-12,2026-05-19,43514.9,Card,Refund Pending,Return Pickup Pending,Chennai,Mobile Web,Furniture
ORD0004320,CUST000826,SELL0191,2026-06-14,05:34:55,2026-06-20,2026-06-20,31831.96,Cash on Delivery,Delivered,, CHENNAI ,Android,Mobiles
ORD0004321,CUST000116,SELL0019,2026-05-24,03:38:22,2026-05-28,2026-06-03,55251.21,Cash on Delivery,Returned,Damaged Item,Lucknow,Web,Books
ORD0004322,CUST000590,SELL0666,2026-06-03,23:48:45,2026-06-10,2026-06-12,59648.32,Cash on Delivery,Returned,Damaged Item,Indore,Android,Sports
ORD0004323,CUST000397,SELL0743,2026-05-18,14:38:34,2026-05-24,2026-05-26,21557.78,UPI,Delivered,,Kochi,iOS,Grocery
ORD0004324,CUST000831,SELL0744,2026-05-31,02:18:36,2026-06-04,2026-06-03,43045.67,Card,Delivered,,Delhi,Mobile Web,Books
ORD0004325,CUST000626,SELL0324,2026-05-05,05:21:01,2026-05-07,2026-05-07,26879.91,Card,Delivered,,Gurugram,iOS,Fashion
ORD0004326,CUST001098,SELL0164,2026-05-10,21:46:52,2026-05-16,2026-05-16,59151.41,Card,Delivered,,Mumbai,Mobile Web,Sports
ORD0004327,CUST000148,SELL0005,2026-06-07,01:39:06,2026-06-13,,24116.3,Card,Processing,Warehouse Delay,Lucknow,Mobile Web,Mobiles
ORD0004328,CUST000463,SELL0096,2026-05-04,20:14:48,2026-05-07,,833.01,Bank Transfer,Cancelled,Payment Failed,Indore,iOS,Beauty
ORD0004329,CUST000072,SELL0336,2026-05-18,01:25:49,2026-05-24,2026-05-24,12804.54,Cash on Delivery,Delivered,,Chennai,iOS,Sports
ORD0004330,CUST000156,SELL0379,2026-05-17,23:50:25,2026-05-19,2026-05-19,20876.59,Wallet,Delivered,,Coimbatore,Android,Sports
ORD0004331,CUST000354,SELL0070,2026-06-03,14:25:52,2026-06-08,2026-06-15,9158.22,UPI,Delayed,Weather Delay,Kochi,Web,Furniture
ORD0004332,CUST000610,SELL0532,2026-05-24,15:15:07,2026-05-29,2026-05-31,62503.9,Card,Delivered,,Hyderabad,Web,Sports
ORD0004333,CUST000553,SELL0043,2026-06-02,21:11:34,2026-06-05,2026-06-04,43446.18,Bank Transfer,Delivered,,Chennai,Web,Furniture
ORD0004334,CUST001063,SELL0067,2026-06-11,17:18:27,2026-06-18,2026-06-22,57314.2,Bank Transfer,Delayed,Courier Delay,Kochi,iOS,Home
ORD0004335,CUST000441,SELL0119,2026-06-09,12:23:56,2026-06-14,2026-06-12,3176.62,Cash on Delivery,Delivered,,Lucknow,Web,Fashion
ORD0004336,CUST000226,SELL0003,2026-05-31,10:57:40,2026-06-07,2026-06-11,24734.46,UPI,Delayed,Weather Delay,Ahmedabad,Web,Home
ORD0004337,CUST000083,SELL0730,2026-05-05,01:54:19,2026-05-10,2026-05-12,24804.26,UPI,Delayed,Weather Delay,Indore,iOS,Sports
ORD0004338,CUST000875,SELL0868,2026-06-01,19:51:33,2026-06-07,2026-06-06,10128.63,UPI,Delivered,,Hyderabad,Mobile Web,Grocery
ORD0004339,CUST001022,SELL0426,2026-05-23,10:18:57,2026-05-26,2026-05-26,31877.15,UPI,Delivered,,Pune,Mobile Web,Grocery
ORD0004340,CUST000135,SELL0219,2026-05-11,13:18:55,2026-05-13,,53396.35,Cash on Delivery,Processing,Seller Dispatch Pending,Mumbai,Web,Sports
ORD0004341,CUST000443,SELL0543,2026-05-05,14:44:58,2026-05-11,2026-05-18,5037.69,Bank Transfer,Delayed,Address Issue,Kolkata,iOS,Beauty
ORD0004342,CUST000434,SELL0545,2026-05-29,15:17:49,2026-06-03,2026-06-02,3081.64,Bank Transfer,Delivered,,Delhi,Web,Sports
ORD0004343,CUST000743,SELL0605,2026-06-08,04:28:04,2026-06-12,2026-06-10,12536.45,Wallet,Delivered,,Ahmedabad,Android,Grocery
ORD0004344,CUST000849,SELL0944,2026-06-01,19:49:20,2026-06-04,2026-06-15,6592.01,Wallet,Delayed,Weather Delay,Lucknow,Android,Beauty
ORD0004345,CUST000213,SELL0309,2026-05-22,14:54:54,2026-05-29,2026-05-30,54379.46,Cash on Delivery,Delivered,,Mumbai,Web,Fashion
ORD0004346,CUST000742,SELL0697,2026-05-29,09:55:53,2026-06-04,,39390.18,Cash on Delivery,Cancelled,Seller Cancelled,Lucknow,Mobile Web,Fashion
ORD0004347,CUST000209,SELL0298,2026-05-02,04:33:28,2026-05-09,2026-05-09,1690.28,Cash on Delivery,Delivered,,Pune,Android,Beauty
ORD0004348,CUST000713,SELL0862,2026-05-29,08:39:35,2026-06-03,2026-06-02,11993.33,Bank Transfer,Delivered,,Mumbai,Mobile Web,Beauty
ORD0004349,CUST000816,SELL0295,2026-05-02,20:13:32,2026-05-06,2026-05-05,21073.49,Wallet,Delivered,,Hyderabad,iOS,Appliances
ORD0004350,CUST000450,SELL0464,2026-06-07,02:16:29,2026-06-09,2026-06-08,10431.74,Cash on Delivery,Delivered,,Pune,Web,Sports
ORD0004351,CUST000252,SELL0990,2026-06-04,05:36:22,2026-06-09,2026-06-09,63398.59,UPI,Delivered,,Mumbai,iOS,Home
ORD0004352,CUST000315,SELL0811,2026-05-15,16:56:03,2026-05-21,2026-05-23,9956.66,UPI,Delivered,,Indore,Android,Furniture
ORD0004353,CUST001000,SELL0866,2026-06-08,15:02:30,2026-06-14,,12875.04, Card ,Processing,Address Verification,Jaipur,iOS,Mobiles
ORD0004354,CUST000751,SELL0962,2026-05-07,06:18:57,2026-05-11,,29203.18,Cash on Delivery,Cancelled,Seller Cancelled,Hyderabad,iOS,Beauty
ORD0004355,CUST001192,SELL0320,2026-05-05,01:05:04,2026-05-07,2026-05-07,4851.01,Wallet,Delivered,,Noida,iOS,Electronics
ORD0004356,CUST000389,SELL0143,2026-05-11,04:54:46,2026-05-16,2026-05-16,4456.43,UPI,Delivered,,Pune,iOS,Fashion
ORD0004357,CUST001031,SELL0739,2026-05-30,15:41:01,2026-06-05,2026-06-07,27622.64,UPI,Delayed,Seller Dispatch Delay,Lucknow,iOS,Appliances
ORD0004358,CUST001159,SELL0064,2026-06-08,11:58:47,2026-06-11,2026-06-11,8504.28,UPI,Delivered,,Indore,Android,Appliances
ORD0004359,CUST001193,SELL0635,2026-06-03,17:44:37,2026-06-07,2026-06-06,42265.58,Card,Delivered,,Jaipur,iOS,Furniture
ORD0004360,CUST000521,SELL0810,2026-05-09,21:03:20,2026-05-16,2026-05-15,44458.62,Wallet,Delivered,,Kochi,Mobile Web,Furniture
ORD0004361,CUST000792,SELL0134,2026-05-24,00:13:17,2026-05-26,2026-05-26,5085.49,Card,Delivered,,Indore,Web,Beauty
ORD0004362,CUST000069,SELL0629,2026-05-13,01:07:30,2026-05-16,2026-05-15,24660.1,Bank Transfer,Delivered,,Ahmedabad,iOS,Mobiles
ORD0004363,CUST000107,SELL0675,2026-05-25,22:53:37,2026-05-27,2026-06-07,44745.74,Bank Transfer,Delayed,Last Mile Capacity,Indore,Web,Grocery
ORD0004364,CUST000695,SELL0227,2026-06-07,13:16:58,2026-06-10,,45325.81,Bank Transfer,Cancelled,Customer Cancelled,Hyderabad,Web,Mobiles
ORD0004365,CUST000908,SELL0398,2026-05-27,06:11:22,2026-06-03,2026-06-01,15397.48,Bank Transfer,Delivered,,Noida,iOS,Appliances
ORD0004366,CUST001043,SELL0336,2026-05-17,06:11:51,2026-05-20,2026-05-28,30076.73,UPI,Returned,Size Issue,Chennai,Web,Sports
ORD0004367,CUST000993,SELL0139,2026-06-10,07:35:35,2026-06-12,2026-06-16,63989.55,Wallet,Returned,Wrong Item,Kochi,iOS,Beauty
ORD0004368,CUST000899,SELL0411,2026-05-16,02:03:42,2026-05-20,2026-05-21,5437.99,Wallet,Delivered,,Gurugram,Web,Mobiles
ORD0004369,CUST001200,SELL0533,2026-05-24,12:10:40,2026-05-27,2026-06-05,27317.8,Bank Transfer,Delayed,Last Mile Capacity,Lucknow,iOS,Grocery
ORD0004370,CUST001105,SELL0350,2026-06-14,01:13:05,2026-06-21,,4306.74,Bank Transfer,Processing,Seller Dispatch Pending,Pune,Web,Furniture
ORD0004371,CUST000743,SELL0034,2026-05-29,13:56:51,2026-06-01,2026-06-01,10047.46,Bank Transfer,Delivered,,Delhi,Web,Furniture
ORD0004372,CUST000410,SELL0899,2026-06-06,08:17:00,2026-06-11,2026-06-16,58087.91,Card,Returned,Wrong Item,Coimbatore,Android,Books
ORD0004373,CUST000044,SELL0462,2026-05-23,06:40:08,2026-05-28,2026-05-27,23842.64,UPI,Delivered,,Kochi,Mobile Web,Furniture
ORD0004374,CUST000426,SELL0965,2026-05-10,01:21:51,2026-05-13,2026-05-14,19820.99,Card,Delivered,,Kolkata,iOS,Books
ORD0004375,CUST000522,SELL0205,2026-05-10,14:16:53,2026-05-15,2026-05-17,16656.78,Wallet,Delivered,,Gurugram,iOS,Books
ORD0004376,CUST001126,SELL0591,2026-05-22,03:53:23,2026-05-29,,57030.46,Card,Processing,Seller Dispatch Pending,Gurugram,Mobile Web,Mobiles
ORD0004377,CUST000221,SELL0648,2026-06-10,22:57:03,2026-06-17,2026-06-16,51756.61,Card,Delivered,,Indore,Android,Home
ORD0004378,CUST000705,SELL0666,2026-06-05,02:43:45,2026-06-10,2026-06-09,11917.03,Card,Delivered,,Ahmedabad,Mobile Web,Sports
ORD0004379,CUST000631,SELL0448,2026-05-05,17:45:40,2026-05-09,2026-05-08,20041.91,Bank Transfer,Delivered,,Noida,iOS,Electronics
ORD0004380,CUST000709,SELL0921,2026-05-08,00:11:59,2026-05-10,2026-05-09,32513.19,UPI,Delivered,,Kolkata,iOS,Grocery
ORD0004381,CUST000034,SELL0682,2026-05-04,04:11:06,2026-05-07,2026-05-06,53295.06,upi,Delivered,,Delhi,iOS,Fashion
ORD0004382,CUST000891,SELL0628,2026-05-20,02:50:39,2026-05-25,2026-05-23,22733.03,Wallet,Delivered,,Noida,Web,Electronics
ORD0004383,CUST000407,SELL0001,2026-06-02,10:50:55,2026-06-08,2026-06-09,39170.08,Wallet,Delivered,,Mumbai,iOS,Electronics
ORD0004384,CUST000578,SELL0866,2026-05-20,09:06:49,2026-05-23,2026-05-23,57872.87,Bank Transfer,Delivered,,Nagpur,Web,Mobiles
ORD0004385,CUST000276,SELL0780,2026-05-17,01:45:34,2026-05-24,2026-05-24,59490.5,Cash on Delivery,Delivered,,Ahmedabad,iOS,Furniture
ORD0004386,CUST000993,SELL0279,2026-05-11,20:21:46,2026-05-18,2026-05-17,20454.37,Wallet,Delivered,,Bengaluru,Web,Electronics
ORD0004387,CUST000098,SELL0737,2026-05-03,17:10:54,not_available,2026-05-07,3337.62,UPI,Delivered,,Hyderabad,Mobile Web,Appliances
ORD0004388,CUST000009,SELL0824,2026-06-07,23:06:27,2026-06-11,2026-06-10,64550.22,UPI,Delivered,,Hyderabad,Mobile Web,Home
ORD0004389,CUST000163,SELL0753,2026-06-05,09:20:18,2026-06-08,2026-06-06,22457.16,Wallet,Delivered,,Hyderabad,Android,Grocery
ORD0004390,CUST000945,SELL0409,2026-06-07,19:54:26,2026-06-09,2026-06-09,30265.38,Bank Transfer,Delivered,,Kochi,Web,Home
ORD0004391,CUST000523,SELL0822,2026-05-10,04:54:08,2026-05-17,2026-05-17,48229.45, Wallet ,Delivered,,Jaipur,iOS,Home
ORD0004392,CUST000171,SELL0452,2026-05-17,11:08:09,2026-05-21,2026-05-21,23323.1,UPI,Delivered,,Lucknow,Web,Books
ORD0004393,CUST000988,SELL0897,2026-05-27,23:57:32,2026-05-31,,26566.09,Wallet,Cancelled,Seller Cancelled,Gurugram,Android,Home
ORD0004394,CUST001129,SELL0532,2026-05-24,21:12:22,2026-05-27,,35283.9,UPI,Cancelled,Customer Cancelled,Mumbai,Mobile Web,Sports
ORD0004395,CUST001065,SELL0528,2026-05-27,10:43:30,2026-06-01,,16589.97,UPI,Processing,Seller Dispatch Pending,Hyderabad,Mobile Web,Appliances
ORD0004396,CUST000867,SELL0381,2026-05-20,09:37:41,2026-05-25,,54843.48,Cash on Delivery,Cancelled,Seller Cancelled,Bengaluru,Web,Beauty
ORD0004397,CUST000607,SELLX9845,2026-05-25,19:17:37,2026-05-31,2026-05-30,8557.1,Wallet,Delivered,,Coimbatore,Mobile Web,Books
ORD0004398,CUST000384,SELL0556,2026-05-25,07:56:43,2026-05-27,2026-05-30,59928.37,Card,Returned,Wrong Item,Kochi,Web,Beauty
ORD0004399,CUST000014,SELL0743,2026-06-03,20:21:06,2026-06-09,2026-06-09,60856.65,Card,Delivered,,Nagpur,iOS,Grocery
ORD0004400,CUST001125,SELL0095,2026-05-20,20:30:29,2026-05-25,2026-05-25,12909.49,UPI,Delivered,,Indore,iOS,Mobiles
ORD0004401,CUST000605,SELL0961,2026-05-22,14:08:05,2026-05-27,,34262.61,UPI,Lost,Package Lost,Kochi,iOS,Electronics
ORD0004402,CUST000642,SELL0497,2026-05-24,17:20:32,2026-05-29,2026-05-28,48774.98,Bank Transfer,Delivered,,Lucknow,iOS,Home
ORD0004403,CUST000978,SELL0319,2026-05-03,03:52:05,2026-05-05,2026-05-05,1252.39,Cash on Delivery,Delivered,,Noida,Mobile Web,Mobiles
ORD0004404,CUST000663,SELL0778,2026-05-23,19:12:06,2026-05-29,2026-05-28,58692.23,Bank Transfer,Delivered,,Mumbai,iOS,Beauty
ORD0004405,CUST000994,SELL0281,2026-06-09,00:24:04,2026-06-14,2026-06-13,7782.34,Card,Delivered,, AHMEDABAD ,iOS,Appliances
ORD0004406,CUST000519,SELL0640,2026-06-03,12:20:43,2026-06-05,2026-06-05,8196.75,Card,Delivered,,Noida,Mobile Web,Sports
ORD0004407,CUST000845,SELL0103,2026-05-30,19:34:44,2026-06-05,2026-06-06,4058.69,Wallet,Delivered,,Hyderabad,iOS,Books
ORD0004408,CUST001093,SELL0319,2026-06-11,13:38:09,2026-06-17,,59118.56,UPI,Lost,Package Lost,Delhi,Mobile Web,Mobiles
ORD0004409,CUST000902,SELL0056,2026-05-16,19:19:17,2026-05-19,2026-05-17,33870.02,Cash on Delivery,Delivered,,Nagpur,iOS,Books
ORD0004410,CUST000291,SELL0470,2026-05-17,05:26:13,2026-05-23,,61928.81,Bank Transfer,Processing,Seller Dispatch Pending,Kolkata,Android,Grocery
ORD0004411,CUST000375,SELL0814,2026-06-12,02:29:30,2026-06-19,2026-06-22,25313.54,UPI,Returned,Size Issue,Pune,Mobile Web,Sports
ORD0004412,CUST000814,SELL0086,2026-06-05,23:52:28,2026-06-10,2026-06-10,493.84,Card,Delivered,,Nagpur,Mobile Web,Grocery
ORD0004413,CUST000093,SELL0132,2026-06-11,22:27:37,2026-06-17,2026-06-17,63553.85,Card,Delivered,,Hyderabad,Mobile Web,Books
ORD0004414,CUST001176,SELL0228,2026-05-24,05:26:28,2026-05-26,2026-05-31,53935.6,Card,Delayed,Weather Delay,Pune,iOS,Mobiles
ORD0004415,CUST000923,SELL0870,2026-06-11,17:17:44,2026-06-17,2026-06-16,6731.65,Cash on Delivery,Delivered,,Noida,Android,Mobiles
ORD0004416,CUST000799,SELL0558,2026-06-14,14:00:48,2026-06-16,,41090.38,UPI,Cancelled,Seller Cancelled,Chennai,iOS,Grocery
ORD0004417,CUST000592,SELL0103,2026-05-29,09:19:56,2026-06-01,2026-05-31,4646.65,Wallet,Delivered,,Kochi,iOS,Books
ORD0004418,CUST000169,SELL0085,2026-05-11,10:34:31,2026-05-15,2026-05-14,14967.54,Card,Delivered,,Mumbai,iOS,Grocery
ORD0004419,CUST000879,SELL0114,2026-05-04,11:24:00,2026-05-10,2026-05-09,22747.18,Wallet,Delivered,,Pune,Mobile Web,Beauty
ORD0004420,CUST000872,SELL0518,2026-05-01,12:14:14,2026-05-05,2026-05-06,5254.88,Card,Refund Pending,Payment Hold,Pune,Mobile Web,Fashion
ORD0004421,CUST001021,SELL0453,2026-05-26,01:39:29,2026-06-01,2026-06-03,52730.68,Cash on Delivery,Delayed,Address Issue,Gurugram,Web,Appliances
ORD0004422,CUST000212,SELL0695,2026-06-09,07:20:55,2026-06-12,2026-06-13,58726.28,UPI,Delivered,,Coimbatore,iOS,Mobiles
ORD0004423,CUST000568,SELL0292,2026-05-27,01:02:15,2026-06-01,2026-06-01,49454.68,UPI,Delivered,,Hyderabad,iOS,Grocery
ORD0004424,CUST000982,SELL0124,2026-05-15,15:03:03,2026-05-18,2026-05-17,53678.89,Cash on Delivery,Delivered,,Kolkata,Web,Beauty
ORD0004425,CUST000037,SELL0235,2026-05-27,04:41:12,2026-05-29,2026-05-30,22283.36,Bank Transfer,Delivered,,Gurugram,Mobile Web,Furniture
ORD0004426,CUST000818,SELL0666,2026-05-08,16:26:40,2026-05-14,2026-05-13,6591.61,Card,Delivered,,Jaipur,Mobile Web,Sports
ORD0004427,CUST001073,SELL0053,2026-05-31,07:00:07,2026-06-02,2026-06-02,42774.95,Cash on Delivery,Delivered,,Nagpur,iOS,Sports
ORD0004428,CUST000646,SELL0797,2026-06-02,20:19:04,2026-06-06,2026-06-05,47326.89,UPI,Delivered,,Kolkata,Web,Fashion
ORD0004429,CUST001178,SELL0108,2026-05-31,18:07:32,2026-06-05,2026-06-08,64416.79,Cash on Delivery,Delayed,Address Issue,Pune,Android,Mobiles
ORD0004430,CUST001174,SELL0730,2026-06-02,23:19:56,2026-06-04,2026-06-09,21780.6,Bank Transfer,Refund Pending,Return Pickup Pending,Nagpur,Mobile Web,Sports
ORD0004431,CUST001121,SELL0052,2026-06-01,17:09:14,2026-06-05,2026-06-03,63743.99,Wallet,Delivered,,Coimbatore,Web,Home
ORD0004432,CUST000277,SELL0214,2026-06-07,20:50:36,2026-06-13,2026-06-11,64393.73,UPI,Delivered,,Nagpur,Android,Sports
ORD0004433,CUST000077,SELL0934,2026-05-14,07:35:10,2026-05-21,2026-05-31,57325.47,Card,Delayed,Courier Delay,Hyderabad,Mobile Web,Books
ORD0004434,CUST000032,SELL0180,2026-05-10,01:59:58,2026-05-14,2026-05-14,2127.72,Wallet,Delivered,,Kolkata,Web,Appliances
ORD0004435,CUST001144,SELL0517,2026-06-10,05:42:23,2026-06-12,2026-06-15,63131.33,cash on delivery,Delayed,Weather Delay,Nagpur,Android,Electronics
ORD0004436,CUST001154,SELL0240,2026-05-06,20:36:47,2026-05-11,,57967.67, Bank Transfer ,Cancelled,Payment Failed,Pune,Android,Sports
ORD0004437,CUST000914,SELL0739,2026-06-01,04:13:23,2026-06-07,2026-06-17,53180.17,Cash on Delivery,Delayed,Address Issue,Indore,Web,Appliances
ORD0004438,CUST000179,SELL1000,2026-05-21,04:38:00,2026-05-25,2026-05-23,52888.94,Cash on Delivery,Delivered,,Delhi,Web,Home
ORD0004439,CUST000356,SELL0960,2026-05-21,14:30:52,2026-05-24,2026-05-22,42531.87,Bank Transfer,Delivered,,Lucknow,Android,Home
ORD0004440,CUST000637,SELL0114,2026-06-12,21:41:47,2026-06-14,,40565.55,Cash on Delivery,Processing,Warehouse Delay,Noida,iOS,Beauty
ORD0004441,CUST001017,SELL0207,2026-05-06,05:05:05,2026-05-12,2026-05-21,60411.39,Card,Returned,Customer Return,Hyderabad,Mobile Web,Home
ORD0004442,CUST001174,SELL0137,2026-05-07,19:26:06,2026-05-13,,52644.63,Card,Cancelled,Customer Cancelled,Ahmedabad,iOS,Mobiles
ORD0004443,CUST000261,SELL0812,2026-05-30,22:08:57,2026-06-02,,29773.29,Cash on Delivery,Lost,Package Lost,Ahmedabad,Mobile Web,Appliances
ORD0004444,CUST000938,SELL0452,2026-05-28,03:32:48,2026-05-30,,13878.73,Card,Cancelled,Seller Cancelled,Jaipur,Web,Books
ORD0004445,CUST000767,SELL0400,2026-06-13,13:56:49,2026-06-15,2026-06-17,9857.85,Bank Transfer,Delivered,,Chennai,Web,Beauty
ORD0004446,CUST001195,SELL0180,2026-05-15,07:20:21,2026-05-17,2026-05-18,45297.66,Cash on Delivery,Delivered,,Noida,Android,Appliances
ORD0004447,CUST000270,SELL0087,2026-05-26,05:02:09,2026-05-29,2026-05-29,6364.61,Card,Delivered,,Nagpur,iOS,Fashion
ORD0004448,CUST000808,SELL0834,2026-05-17,19:40:00,2026-05-19,2026-05-24,22422.1,CASH ON DELIVERY,Delayed,Last Mile Capacity,Delhi,Mobile Web,Furniture
ORD0004449,CUST000844,SELL0493,2026-05-29,21:42:08,2026-06-03,2026-06-02,38844.39,Wallet,Delivered,,Kochi,Web,Sports
ORD0004450,CUST000945,SELL0902,2026-06-02,21:52:02,2026-06-09,2026-06-18,28498.49,Bank Transfer,Delayed,Weather Delay,Chennai,Mobile Web,Mobiles
ORD0004451,CUST001165,SELL0930,2026-05-06,19:50:55,2026-05-10,2026-05-11,41744.38,UPI,Delivered,,Chennai,iOS,Fashion
ORD0004452,CUST000249,SELL0752,2026-05-26,19:07:40,2026-05-30,2026-06-06,23091.09,UPI,Returned,Size Issue,Noida,Web,Home
ORD0004453,CUST000512,SELL0514,2026-05-18,04:10:48,2026-05-22,,24880.2,Cash on Delivery,Cancelled,Customer Cancelled,Hyderabad,Android,Appliances
ORD0004454,CUST000035,SELL0691,2026-05-27,13:38:07,2026-05-31,2026-05-30,44269.98,Cash on Delivery,Delivered,,Gurugram,Mobile Web,Fashion
ORD0004455,CUST000749,SELL0681,2026-05-13,02:30:47,2026-05-19,2026-05-22,45907.18,Cash on Delivery,Returned,Customer Return,Noida,Android,Electronics
ORD0004456,CUST000083,SELL0186,2026-05-01,17:06:25,2026-05-07,2026-05-06,61521.45,Card,Delivered,,Lucknow,Mobile Web,Beauty
ORD0004457,CUST000182,SELL0865,2026-06-05,01:54:08,2026-06-07,2026-06-07,362.01,Cash on Delivery,Delivered,,Pune,iOS,Mobiles
ORD0004458,CUST000936,SELL0015,2026-05-23,17:09:24,2026-05-25,2026-05-28,58470.22,UPI,Delayed,Weather Delay,Ahmedabad,iOS,Furniture
ORD0004459,CUST000237,SELL0251,2026-05-28,19:13:02,2026-05-30,2026-05-30,60820.76,UPI,Delivered,,Lucknow,Mobile Web,Furniture
ORD0004460,CUST000302,SELL0467,2026-05-25,06:38:47,2026-05-27,2026-06-02,52479.94,UPI,delayed,Weather Delay,Nagpur,Mobile Web,Mobiles
ORD0004461,CUST000881,SELL0778,2026-05-11,16:43:38,2026-05-16,2026-05-15,23215.15,UPI,Delivered,,Noida,Mobile Web,Beauty
ORD0004462,CUST000392,SELL0518,2026-06-13,21:30:56,2026-06-19,2026-06-25,52666.02,Bank Transfer,Returned,Wrong Item,Hyderabad,Android,Fashion
ORD0004463,CUST000501,SELL0452,2026-06-08,08:24:52,2026-06-10,2026-06-09,29796.63,Cash on Delivery,Delivered,,Gurugram,Mobile Web,Books
ORD0004464,CUST000830,SELL0640,2026-05-08,21:21:19,2026-05-11,2026-05-11,49370.32,Cash on Delivery,Delivered,,Gurugram,Web,Sports
ORD0004465,CUST000302,SELL0828,2026-06-12,05:14:17,2026-06-19,2026-06-19,22416.31,Bank Transfer,Delivered,, GURUGRAM ,Mobile Web,Sports
ORD0004466,CUST000201,SELL0139,2026-05-29,21:56:18,2026-05-31,2026-05-29,53971.31,Wallet,Delivered,,Ahmedabad,Android,Beauty
ORD0004467,CUST000661,SELL0001,2026-05-07,17:12:31,2026-05-13,2026-05-14,40967.93,Bank Transfer,Delivered,,Kochi,Web,Electronics
ORD0004468,CUST001180,SELL0488,2026-05-04,09:06:59,2026-05-06,,36488.32,Cash on Delivery,Cancelled,Seller Cancelled,Nagpur,iOS,Appliances
ORD0004469,CUST000282,SELL0369,2026-05-02,11:45:49,2026-05-05,,5787.55,Card,Cancelled,Payment Failed,Bengaluru,Mobile Web,Books
ORD0004470,CUST000812,SELL0433,2026-06-06,06:42:14,2026-06-11,,17716.16,UPI,Cancelled,Seller Cancelled,Kolkata,Android,Mobiles
ORD0004471,CUST000973,SELL0356,2026-05-13,13:34:45,2026-05-16,2026-05-16,45263.46,Bank Transfer,Delivered,,Mumbai,Android,Electronics
ORD0004472,CUST000336,SELL0827,2026-05-24,02:27:18,2026-05-27,2026-05-27,18711.67,Bank Transfer,Delivered,,Gurugram,Web,Sports
ORD0004473,CUST001118,SELL0996,2026-05-26,04:38:18,2026-05-30,2026-05-29,36014.35,Cash on Delivery,Delivered,,Gurugram,Web,Beauty
ORD0004474,CUST000996,SELL0774,2026-05-22,10:44:11,2026-05-29,2026-05-29,33131.12,Card,Delivered,,Delhi,iOS,Books
ORD0004475,CUSTX982975,SELL0415,2026-05-06,20:48:31,2026-05-11,2026-05-12,5514.43,Wallet,Delivered,,Lucknow,Android,Sports
ORD0004476,CUST001079,SELL0777,2026-06-13,00:59:50,2026-06-20,2026-06-18,18273.85,Wallet,Delivered,,Chennai,iOS,Sports
ORD0004477,CUST000886,SELL0738,2026-05-30,23:13:21,2026-06-01,2026-06-04,41455.32,Bank Transfer,Delayed,Courier Delay,Mumbai,Web,Appliances
ORD0004478,CUST000504,SELL0257,2026-05-07,17:53:09,2026-05-11,2026-05-10,45324.18,Card,Delivered,,Coimbatore,Android,Electronics
ORD0004479,CUST000920,SELL0848,2026-05-07,19:06:57,2026-05-09,,15275.64,Cash on Delivery,Lost,Package Lost,Indore,Mobile Web,Electronics
ORD0004480,CUST000684,SELL0471,2026-06-02,07:37:52,2026-06-08,2026-06-08,12631.36,UPI,Returned,Damaged Item,Indore,Mobile Web,Electronics
ORD0004481,CUST000956,SELL0929,2026-05-09,09:57:42,2026-05-11,,33435.12,UPI,Processing,Address Verification,Delhi,Web,Mobiles
ORD0004482,CUST001031,SELL0165,2026-05-27,23:59:10,2026-05-30,2026-05-30,57497.88,UPI,Delivered,,Noida,Web,Appliances
ORD0004483,CUST000984,SELL0919,2026-05-15,11:34:53,2026-05-21,2026-05-21,15575.28,Bank Transfer,Delivered,,Delhi,Web,Electronics
ORD0004484,CUST000346,SELL0667,2026-06-11,07:16:37,2026-06-16,2026-06-15,51092.51,Cash on Delivery,Delivered,,Indore,Web,Electronics
ORD0004485,CUST000700,SELL0867,2026-05-26,01:11:56,2026-05-29,2026-05-30,23624.69,UPI,Delivered,,Hyderabad,Android,Mobiles
ORD0004486,CUST001075,SELL0554,2026-05-20,14:55:30,2026-05-25,2026-05-26,3116.86,Card,Delivered,,Ahmedabad,iOS,Sports
ORD0004487,CUST000860,SELL0486,2026-05-01,11:46:02,2026-05-05,2026-05-12,20493.33,UPI,Returned,Size Issue,Coimbatore,Mobile Web,Home
ORD0004488,CUST000031,SELL0482,2026-06-08,02:12:56,2026-06-12,2026-06-11,12548.98,Cash on Delivery,Delivered,,Kolkata,Mobile Web,Sports
ORD0004489,CUST000015,SELL0001,2026-05-12,00:42:55,2026-05-18,2026-05-19,4590.66,Wallet,Delivered,, DELHI ,Android,Electronics
ORD0004490,CUST000714,SELL0802,2026-05-31,21:19:59,2026-06-06,,18547.03,upi,Cancelled,Customer Cancelled,Mumbai,Mobile Web,Appliances
ORD0004491,CUST001013,SELL0583,2026-06-06,13:04:29,2026-06-08,2026-06-09,738.58,UPI,Delivered,,Gurugram,Android,Appliances
ORD0004492,CUST000686,SELL0920,2026-05-15,00:30:30,2026-05-18,2026-05-19,41477.75,Bank Transfer,Delivered,,Mumbai,Android,Appliances
ORD0004493,CUST000297,SELL0311,2026-06-01,21:31:21,2026-06-03,2026-06-02,60886.42,Wallet,Delivered,,Jaipur,Mobile Web,Fashion
ORD0004494,CUST000899,SELL0774,2026-05-15,09:40:08,2026-05-18,2026-05-23,19496.61,UPI,Refund Pending,Payment Hold,Pune,iOS,Books
ORD0004495,CUST000097,SELL0896,2026-05-12,15:09:00,2026-05-15,2026-05-15,4430.31,Bank Transfer,Delivered,,Noida,Android,Mobiles
ORD0004496,CUST000781,SELL0758,2026-05-14,11:49:53,2026-05-19,2026-05-21,53942.88,Cash on Delivery,Delayed,Courier Delay,Delhi,Web,Sports
ORD0004497,CUST000976,SELL0588,2026-05-29,18:28:51,2026-06-02,,24555.71,UPI,Cancelled,Customer Cancelled,Coimbatore,Mobile Web,Appliances
ORD0004498,CUST000263,SELL0869,2026-05-05,07:32:46,2026-05-07,2026-05-06,35615.53,UPI,Delivered,,Indore,Web,Beauty
ORD0004499,CUST000005,SELL0822,2026-05-29,07:01:36,2026-06-04,2026-06-03,29534.16,Card,Delivered,,Jaipur,Web,Home
ORD0004500,CUST000324,SELL0315,2026-06-08,23:44:21,2026-06-13,2026-06-12,55806.14,Bank Transfer,Delivered,,Jaipur,iOS,Electronics
ORD0004501,CUST000546,SELL0175,2026-05-13,15:31:28,2026-05-15,2026-05-14,32889.71,UPI,Delivered,,Gurugram,Mobile Web,Fashion
ORD0004502,CUST000781,SELL0857,2026-05-26,23:22:05,2026-05-28,2026-05-27,11847.01,Wallet,Delivered,,Coimbatore,Android,Beauty
ORD0004503,CUST000946,SELL0083,2026-06-13,05:47:45,2026-06-18,2026-06-17,55865.8,Card,Delivered,,Bengaluru,Mobile Web,Fashion
ORD0004504,CUST001116,SELL0307,2026-05-31,18:17:17,2026-06-02,2026-06-02,10382.27,Cash on Delivery,Delivered,,Nagpur,Android,Mobiles
ORD0004505,CUST000815,SELL0347,2026-06-05,22:54:49,2026-06-10,,27671.38,Card,Processing,Seller Dispatch Pending,Delhi,Android,Grocery
ORD0004506,CUST000712,SELL0081,2026-06-14,00:28:49,2026-06-20,2026-06-20,1643.45,wallet,Delivered,,Nagpur,iOS,Sports
ORD0004507,CUST001101,SELL0956,2026-05-02,10:35:31,2026-05-05,,1774.26,UPI,Cancelled,Seller Cancelled,Jaipur,iOS,Furniture
ORD0004508,CUST000545,SELL0701,2026-05-10,19:02:42,2026-05-12,2026-05-14,41654.44,Card,Returned,Customer Return,Kolkata,Mobile Web,Electronics
ORD0004509,CUST000911,SELL0026,2026-05-29,15:08:44,2026-06-02,2026-06-13,30332.93,UPI,Delayed,Weather Delay,Lucknow,Mobile Web,Appliances
ORD0004510,CUST000804,SELL0371,2026-05-21,02:54:11,2026-05-26,2026-05-25,42722.62,Card,Delivered,,Pune,iOS,Sports
ORD0004511,CUST000841,SELL0079,2026-05-02,07:03:21,2026-05-06,2026-05-07,18536.48,Wallet,Delivered,,Hyderabad,Mobile Web,Beauty
ORD0004512,CUST000290,SELL0314,2026-05-01,15:48:17,2026-05-04,,60119.37,UPI,Cancelled,Customer Cancelled,Hyderabad,iOS,Books
ORD0004513,CUST000816,SELL0832,2026-05-27,17:37:27,2026-05-29,2026-05-29,42139.84,Bank Transfer,Delivered,,Coimbatore,Web,Books
ORD0004514,CUST000723,SELL0108,2026-06-14,04:18:29,2026-06-20,2026-06-28,35262.5,Wallet,Returned,Damaged Item,Mumbai,Web,Mobiles
ORD0004515,CUST000683,SELL0777,2026-05-11,08:52:36,2026-05-18,2026-05-18,14679.7,Cash on Delivery,Delivered,,Kolkata,Web,Sports
ORD0004516,CUST000351,SELL0113,2026-05-19,20:17:49,2026-05-25,2026-05-25,21881.16,Bank Transfer,Delivered,,Noida,Mobile Web,Sports
ORD0004517,CUST000681,SELL0739,2026-05-02,14:26:37,2026-05-04,2026-05-04,28415.91,Card,Delivered,,Delhi,Android,Appliances
ORD0004518,CUST000596,SELL0330,2026-05-23,17:16:05,2026-05-27,2026-06-06,18007.59,Card,Delayed,Address Issue,Kolkata,Android,Furniture
ORD0004519,CUST000562,SELL0901,2026-05-29,14:29:54,2026-06-04,2026-06-05,30822.49,UPI,Delivered,,Bengaluru,Web,Sports
ORD0004520,CUST001149,SELL0774,2026-05-07,02:18:57,2026-05-13,,38292.63,Cash on Delivery,Processing,Warehouse Delay,Pune,Mobile Web,Books
ORD0004521,CUST000573,SELL0737,2026-05-25,14:24:31,2026-06-01,2026-06-01,,UPI,Delivered,,Mumbai,Android,Appliances
ORD0004522,CUST000697,SELL0708,2026-05-09,21:48:11,2026-05-13,2026-05-21,45372.06,cash on delivery,Delayed,Address Issue,Lucknow,Web,Furniture
ORD0004523,CUST000458,SELL0535,2026-05-01,20:25:14,2026-05-08,2026-05-08,11363.88,Wallet,Delivered,,Bengaluru,Android,Home
ORD0004524,CUST000498,SELL0975,2026-05-21,04:06:35,2026-05-25,2026-06-05,12725.77,Wallet,Delayed,Seller Dispatch Delay,Ahmedabad,Web,Books
ORD0004525,CUST000556,SELL0916,2026-06-03,10:30:36,2026-06-06,2026-06-04,50931.18,Bank Transfer,Delivered,,Jaipur,iOS,Home
ORD0004526,CUST000623,SELL0601,2026-05-31,06:57:53,2026-06-03,2026-06-01,16243.63,Bank Transfer,Delivered,,Chennai,Web,Appliances
ORD0004527,CUST000485,SELL0796,2026-05-07,08:16:48,2026-05-12,,64123.24,Bank Transfer,Processing,Warehouse Delay,Bengaluru,Android,Grocery
ORD0004528,CUST000229,SELL0686,2026-05-08,20:34:56,2026-05-10,2026-05-16,2913.72,Card,Refund Pending,Return Pickup Pending,Hyderabad,Web,Beauty
ORD0004529,CUST000428,SELL0547,2026-05-30,21:18:20,2026-06-05,2026-06-11,4545.44,Card,Returned,Customer Return,Jaipur,Android,Electronics
ORD0004530,CUST000867,SELL0111,2026-06-14,09:10:38,2026-06-21,,56617.04,Cash on Delivery,Processing,Warehouse Delay,Lucknow,iOS,Beauty
ORD0004531,CUST001045,SELL0745,2026-05-07,21:40:33,2026-05-12,,55603.54,UPI,Lost,Package Lost,Gurugram,Mobile Web,Mobiles
ORD0004532,CUST000728,SELL0365,2026-05-25,08:08:16,2026-05-29,2026-06-05,4835.96,Wallet,Refund Pending,Return Pickup Pending,Nagpur,iOS,Beauty
ORD0004533,CUST000701,SELL0581,2026-05-23,21:10:25,2026-05-30,2026-06-05,44121.82,Card,Delayed,Seller Dispatch Delay,Jaipur,iOS,Mobiles
ORD0004534,CUST000060,SELL0865,2026-05-11,09:57:49,2026-05-14,2026-05-14,61974.16,Wallet,Delivered,,Kolkata,Web,Mobiles
ORD0004535,CUST000766,SELL0805,2026-06-02,08:57:16,2026-06-08,2026-06-14,33356.33,Wallet,Delayed,Address Issue,Kochi,Android,Beauty
ORD0004536,CUST001105,SELL0025,2026-05-29,10:42:32,2026-05-31,2026-05-31,31815.12,Card,Delivered,,Gurugram,Mobile Web,Fashion
ORD0004537,CUST000474,SELL0454,2026-05-25,22:06:13,2026-05-30,2026-05-30,48867.95,UPI,Delivered,,Jaipur,iOS,Home
ORD0004538,CUST001165,SELL0140,2026-05-16,07:58:48,2026-05-18,2026-05-24,17427.71,UPI,Delayed,Courier Delay,Pune,Mobile Web,Mobiles
ORD0004539,CUST000007,SELL0648,2026-06-12,19:35:34,2026-06-15,2026-06-21,45143.99,Bank Transfer,Refund Pending,Refund Awaited,Jaipur,Web,Home
ORD0004540,CUST000645,SELL0128,2026-05-27,03:57:29,2026-05-30,2026-05-30,20659.39,Cash on Delivery,Delivered,,Hyderabad,Web,Grocery
ORD0004541,CUST000988,SELL0450,2026-06-05,03:57:33,2026-06-08,,7862.43,UPI,Processing,Warehouse Delay, MUMBAI ,Mobile Web,Furniture
ORD0004542,CUST000920,SELL0407,2026-05-12,18:45:39,2026-05-18,2026-05-18,45510.57,Bank Transfer,Delivered,,Pune,iOS,Books
ORD0004543,CUST000970,SELL0673,2026-05-31,17:55:14,2026-06-03,2026-06-10,51857.43,Wallet,Refund Pending,Payment Hold,Kolkata,Mobile Web,Furniture
ORD0004544,CUST001003,SELL0646,2026-05-30,14:50:54,2026-06-03,2026-06-03,62314.23,Card,Delivered,,Delhi,Mobile Web,Books
ORD0004545,CUST000976,SELL0347,2026-05-07,22:14:28,2026-05-14,2026-05-22,39061.01,Card,Delayed,Courier Delay,Kolkata,Android,Grocery
ORD0004546,CUST000034,SELL0847,2026-06-06,23:09:25,2026-06-10,2026-06-10,8263.43,Bank Transfer,Delivered,,Jaipur,iOS,Fashion
ORD0004547,CUST000595,SELL0292,2026-05-15,09:26:53,2026-05-18,2026-05-19,18223.16,Bank Transfer,Delivered,,Indore,Android,Grocery
ORD0004548,CUST000121,SELL0054,2026-06-05,04:27:07,2026-06-08,,64171.3,Card,Lost,Package Lost, NOIDA ,Web,Books
ORD0004549,CUST000760,SELL0610,2026-05-17,09:40:25,2026-05-22,2026-05-20,58990.26,Cash on Delivery,Delivered,,Kochi,iOS,Mobiles
ORD0004550,CUST000007,SELL0670,2026-05-02,10:23:32,2026-05-07,2026-05-05,17365.2,Card,Delivered,,Pune,Mobile Web,Electronics
ORD0004551,CUST000331,SELL0167,2026-05-23,00:39:15,2026-05-27,2026-05-25,38130.79,Bank Transfer,Delivered,,Nagpur,Mobile Web,Sports
ORD0004552,CUST000951,SELL0338,2026-06-04,22:29:06,2026-06-08,,4001.73,Cash on Delivery,Cancelled,Customer Cancelled,Coimbatore,Web,Beauty
ORD0004553,CUST000929,SELL0192,2026-05-27,19:29:34,2026-06-01,,7078.31,Cash on Delivery,Processing,Address Verification,Delhi,iOS,Beauty
ORD0004554,CUST000992,SELL0683,2026-05-21,03:34:03,2026-05-26,,19029.85,Bank Transfer,Processing,Warehouse Delay,Nagpur,iOS,Books
ORD0004555,CUST000885,SELL0261,2026-06-01,12:34:17,2026-06-08,2026-06-06,56005.73,Bank Transfer,Delivered,,Coimbatore,iOS,Grocery
ORD0004556,CUST000119,SELL0722,2026-06-02,02:12:27,2026-06-07,2026-06-07,11958.56,Cash on Delivery,Delivered,,Jaipur,Android,Home
ORD0004557,CUST000634,SELL0184,2026-05-07,10:09:09,2026-05-13,,25451.9,UPI,Cancelled,Payment Failed,Ahmedabad,Android,Home
ORD0004558,CUST001057,SELL0777,2026-05-31,03:39:13,2026-06-03,2026-06-02,2891.28,Wallet,Delivered,,Chennai,iOS,Sports
ORD0004559,CUST000620,SELL0748,2026-05-31,02:11:48,2026-06-03,2026-06-14,11353.2, UPI ,Delayed,Address Issue,Lucknow,Mobile Web,Fashion
ORD0004560,CUST000028,SELL0834,2026-06-01,19:50:12,2026-06-08,,12674.81,Cash on Delivery,Cancelled,Customer Cancelled,Hyderabad,Web,Furniture
ORD0004561,CUST000344,SELL0282,2026-05-30,10:35:09,2026-06-02,2026-06-03,49140.42,Cash on Delivery,Delivered,,Bengaluru,Web,Sports
ORD0004562,CUST000704,SELL0924,2026-06-14,07:53:49,2026-06-20,,36043.5,Bank Transfer,Processing,Seller Dispatch Pending,Delhi,Mobile Web,Grocery
ORD0004563,CUST000670,SELL0288,2026-05-20,20:33:05,2026-05-26,,61606.79,Cash on Delivery,Cancelled,Seller Cancelled,Pune,iOS,Furniture
ORD0004564,CUST000769,SELL0910,2026-05-28,04:07:19,2026-06-04,2026-06-05,58487.83,Wallet,Delivered,,Lucknow,Android,Appliances
ORD0004565,CUST000991,SELL0518,2026-05-25,20:49:26,2026-05-28,2026-05-27,41176.03,Wallet,Delivered,,Lucknow,Android,Fashion
ORD0004566,CUSTX981017,SELL0193,2026-06-14,22:12:13,2026-06-16,2026-06-17,53327.07,Bank Transfer,Refund Pending,Return Pickup Pending,Gurugram,Android,Sports
ORD0004567,CUST000596,SELL0650,2026-05-10,18:10:51,2026-05-13,2026-05-13,38460.3,Cash on Delivery,Delivered,,Mumbai,Mobile Web,Electronics
ORD0004568,CUST000566,SELL0164,2026-06-12,01:38:43,2026-06-19,,64503.72,Cash on Delivery,Cancelled,Seller Cancelled,Bengaluru,Mobile Web,Sports
ORD0004569,CUST000562,SELL0080,2026-06-06,09:00:05,2026-06-10,2026-06-10,21148.67,Card,Delivered,,Nagpur,Web,Sports
ORD0004570,CUST000207,SELL0958,2026-05-02,17:27:14,2026-05-08,2026-05-09,36536.73,Card,Delivered,,Kolkata,Mobile Web,Fashion
ORD0004571,CUST000398,SELL0821,2026-05-23,07:06:03,2026-05-30,,16550.92,Wallet,Cancelled,Seller Cancelled,Noida,Android,Mobiles
ORD0004572,CUST001063,SELL0471,2026-05-19,04:33:53,2026-05-25,2026-05-29,15066.0,Cash on Delivery,Delayed,Courier Delay,Lucknow,Android,Electronics
ORD0004573,CUST000809,SELL0065,2026-06-01,14:03:45,2026-06-06,2026-06-04,43051.36,Bank Transfer,Delivered,,Pune,iOS,Grocery
ORD0004574,CUST000600,SELL0532,2026-05-16,01:53:50,2026-05-21,2026-05-22,47525.2,Bank Transfer,Delivered,,Nagpur,iOS,Sports
ORD0004575,CUST000240,SELL0762,2026-05-23,13:26:59,2026-05-25,2026-05-25,26578.93, Bank Transfer ,Delivered,,Hyderabad,Android,Mobiles
ORD0004576,CUST000170,SELL0157,2026-05-25,06:52:41,2026-06-01,2026-06-05,19517.59,Cash on Delivery,Delayed,Address Issue,Ahmedabad,Web,Home
ORD0004577,CUST000490,SELL0091,2026-05-31,08:53:20,2026-06-07,2026-06-16,16103.03,Card,Delayed,Weather Delay,Lucknow,Web,Mobiles
ORD0004578,CUST000493,SELL0246,2026-06-08,07:09:37,2026-06-15,2026-06-15,18433.8,Cash on Delivery,Delivered,,Coimbatore,iOS,Mobiles
ORD0004579,CUST000791,SELL0032,2026-06-03,23:10:57,2026-06-10,2026-06-11,25330.29,Wallet,Refund Pending,Return Pickup Pending,Mumbai,Web,Grocery
ORD0004580,CUST000778,SELL0647,2026-06-13,23:53:37,2026-06-15,2026-06-15,9646.26,Bank Transfer,Delivered,,Ahmedabad,Android,Home
ORD0004581,CUST000679,SELL0351,2026-05-22,17:22:48,2026-05-27,2026-05-27,40017.31,UPI,Delivered,,Pune,Web,Electronics
ORD0004582,CUST000526,SELL0047,2026-05-08,02:32:41,2026-05-15,2026-05-13,19414.15,Bank Transfer,Delivered,,Nagpur,Mobile Web,Mobiles
ORD0004583,CUST000424,SELL0258,2026-05-10,06:01:47,2026-05-15,2026-05-21,46885.31,Wallet,Refund Pending,Payment Hold,Ahmedabad,iOS,Furniture
ORD0004584,CUST000884,SELL0046,2026-06-12,09:28:13,2026-06-17,,50679.28,UPI,Processing,Warehouse Delay,Gurugram,Android,Electronics
ORD0004585,CUST000624,SELL0954,2026-05-10,16:48:31,2026-05-14,2026-05-13,60652.11,bank transfer,Delivered,,Jaipur,Web,Furniture
ORD0004586,CUST000058,SELL0099,2026-05-03,05:35:05,2026-05-08,2026-05-08,35858.12,UPI,Delivered,,Kolkata,iOS,Books
ORD0004587,CUST000412,SELL0222,2026-05-14,06:30:34,2026-05-19,2026-05-18,58391.75,Bank Transfer,Delivered,,Delhi,Mobile Web,Fashion
ORD0004588,CUST000222,SELL0749,2026-06-12,08:32:14,2026-06-17,2026-06-17,54673.23,Bank Transfer,Delivered,,Indore,iOS,Appliances
ORD0004589,CUST000058,SELL0884,2026-05-11,21:17:01,2026-05-13,2026-05-14,50829.06,Card,Refund Pending,Payment Hold,Kochi,Mobile Web,Electronics
ORD0004590,CUST000483,SELL0949,2026-05-12,09:44:53,2026-05-16,2026-05-26,1025.6,Bank Transfer,Delayed,Last Mile Capacity,Hyderabad,Mobile Web,Electronics
ORD0004591,CUST000293,SELL0146,2026-05-23,12:34:02,2026-05-28,2026-05-27,19793.34,UPI,Delivered,,Noida,Web,Fashion
ORD0004592,CUST000591,SELL0867,2026-06-06,22:59:48,2026-06-09,2026-06-09,49310.23,Wallet,Delivered,,Ahmedabad,Web,Mobiles
ORD0004593,CUST000471,SELL0718,2026-06-13,08:25:07,2026-06-17,2026-06-16,62086.05,Bank Transfer,Delivered,,Ahmedabad,Web,Sports
ORD0004594,CUST000185,SELL0714,2026-05-31,21:05:29,2026-06-04,2026-06-12,63781.43,Wallet,Delayed,Seller Dispatch Delay,Pune,iOS,Appliances
ORD0004595,CUST000705,SELL0630,2026-05-20,19:08:22,2026-05-26,2026-05-25,54514.0,UPI,Delivered,,Jaipur,Android,Grocery
ORD0004596,CUST000378,SELL0251,2026-06-12,19:25:45,2026-06-16,2026-06-21,51486.29,UPI,Returned,Damaged Item,Hyderabad,Android,Furniture
ORD0004597,CUST000490,SELL0756,2026-06-01,19:09:10,2026-06-04,,10324.5,Wallet,Cancelled,Payment Failed,Lucknow,iOS,Mobiles
ORD0004598,CUST000842,SELL0341,2026-05-17,03:47:54,2026-05-19,2026-05-21,37868.29,UPI,Delivered,, NAGPUR ,iOS,Fashion
ORD0004599,CUST000598,SELL0425,2026-06-03,17:08:30,2026-06-05,2026-06-05,61856.89,Wallet,Delivered,,Kochi,Android,Sports
ORD0004600,CUST000858,SELL0647,2026-05-20,23:44:04,2026-05-26,2026-05-26,48299.08,UPI,Delivered,,Delhi,Web,Home
ORD0004601,CUST000229,SELL0437,2026-05-04,05:31:12,2026-05-06,,20495.73,Card,Cancelled,Payment Failed,Jaipur,Android,Beauty
ORD0004602,CUST000071,SELL0135,2026-05-14,00:59:41,2026-05-19,2026-05-19,46497.32,UPI,Delivered,,Ahmedabad,Web,Grocery
ORD0004603,CUST000759,SELL0873,2026-05-24,23:40:29,2026-05-26,,3099.41,Card,Processing,Warehouse Delay,Kochi,Mobile Web,Grocery
ORD0004604,CUST000337,SELL0125,2026-06-14,13:55:29,2026-06-19,2026-06-17,1960.03,Wallet,Delivered,,Indore,Web,Furniture
ORD0004605,CUST000536,SELL0222,2026-05-01,11:30:15,2026-05-06,2026-05-06,20763.65,Wallet,Delivered,,Hyderabad,iOS,Fashion
ORD0004606,CUST000441,SELL0247,2026-06-11,19:19:07,2026-06-16,2026-06-15,8707.75,Cash on Delivery,Delivered,,Kolkata,iOS,Grocery
ORD0004607,CUST000811,SELL0289,2026-05-09,03:41:24,2026-05-11,2026-05-12,,Card,Delivered,,Delhi,Android,Appliances
ORD0004608,CUST000291,SELL0107,2026-05-24,15:59:43,2026-05-30,2026-05-30,58071.15,Wallet,Delivered,,Kochi,Mobile Web,Furniture
ORD0004609,CUST000412,SELL0943,2026-05-29,12:50:45,2026-06-04,2026-06-04,3032.98,Bank Transfer,Delivered,,Bengaluru,Mobile Web,Furniture
ORD0004610,CUST000542,SELL0658,2026-06-14,08:06:45,2026-06-19,,11691.47,Wallet,Processing,Seller Dispatch Pending,Gurugram,iOS,Appliances
ORD0004611,CUST000016,SELL0047,2026-05-08,02:13:30,2026-05-12,2026-05-13,44877.4,Cash on Delivery,Returned,Size Issue,Ahmedabad,Mobile Web,Mobiles
ORD0004612,CUST000374,SELL0620,2026-05-14,01:45:43,2026-05-19,2026-05-18,24183.68,Cash on Delivery,Delivered,,Hyderabad,Mobile Web,Furniture
ORD0004613,CUST001001,SELL0299,2026-05-05,05:07:19,2026-05-08,,29971.52,Bank Transfer,Lost,Package Lost,Indore,iOS,Appliances
ORD0004614,CUST000020,SELL0263,2026-05-15,11:55:26,2026-05-17,2026-05-20,7477.48,Wallet,Refund Pending,Return Pickup Pending,Chennai,Android,Home
ORD0004615,CUST000628,SELL0150,2026-05-30,09:16:49,2026-06-01,,55876.4,Cash on Delivery,Cancelled,Payment Failed,Pune,iOS,Books
ORD0004616,CUST000129,SELL0064,2026-06-08,03:00:30,2026-06-10,2026-06-10,37341.64,UPI,Delivered,,Nagpur,Mobile Web,Appliances
ORD0004617,CUST001148,SELL0217,2026-05-13,14:10:03,2026-05-16,2026-05-17,41487.08,Wallet,delivered,,Kochi,Android,Mobiles
ORD0004618,CUST001041,SELL0832,2026-05-13,05:59:17,2026-05-20,2026-05-31,37985.79,Wallet,Delayed,Weather Delay,Chennai,Mobile Web,Books
ORD0004619,CUST000381,SELL0060,2026-06-14,02:35:18,2026-06-19,2026-06-19,59582.21,Bank Transfer,Delivered,,Kolkata,Web,Appliances
ORD0004620,CUST000177,SELL1000,2026-06-07,15:07:40,2026-06-12,,11914.34,Card,Lost,Package Lost,Pune,iOS,Home
ORD0004621,CUST000086,SELL0148,2026-05-04,12:17:03,2026-05-08,2026-05-07,58023.69,Cash on Delivery,Delivered,,Mumbai,iOS,Home
ORD0004622,CUST000191,SELL0429,2026-06-11,12:08:12,2026-06-17,,26021.44,Card,Processing,Warehouse Delay,Pune,Mobile Web,Furniture
ORD0004623,CUST001193,SELL0441,2026-06-06,00:10:38,2026-06-11,2026-06-12,34250.09,wallet,Delivered,,Kolkata,iOS,Appliances
ORD0004624,CUST001040,SELL0069,2026-05-26,12:03:04,2026-05-28,2026-06-02,30011.31,Cash on Delivery,Returned,Wrong Item,Indore,Web,Home
ORD0004625,CUST000228,SELL0450,2026-05-19,21:27:53,2026-05-26,2026-05-27,3753.29,Wallet,Delivered,,Bengaluru,Android,Furniture
ORD0004626,CUST000583,SELL0329,2026-05-22,21:40:41,2026-05-29,2026-05-31,33833.8,Cash on Delivery,Delivered,,Hyderabad,Web,Fashion
ORD0004627,CUST000625,SELL0914,2026-05-15,14:32:37,2026-05-21,,45737.54,Card,Cancelled,Seller Cancelled,Jaipur,Android,Furniture
ORD0004628,CUST000046,SELL0563,2026-05-10,01:27:09,2026-05-17,,37634.9,Bank Transfer,Lost,Package Lost,Lucknow,Android,Appliances
ORD0004629,CUST000310,SELL0180,2026-06-14,03:50:27,2026-06-21,,909.29,Card,Cancelled,Seller Cancelled,Pune,Android,Appliances
ORD0004630,CUST000484,SELL0949,2026-05-02,21:59:40,2026-05-09,2026-05-09,39334.6,Wallet,Delivered,,Delhi,Web,Electronics
ORD0004631,CUST000882,SELL0297,2026-05-23,14:39:22,2026-05-26,2026-05-25,17486.51,Wallet,Delivered,,Gurugram,Mobile Web,Appliances
ORD0004632,CUST000107,SELL0913,2026-06-01,11:35:12,2026-06-03,2026-06-02,39959.91,Cash on Delivery,Delivered,,Delhi,Mobile Web,Sports
ORD0004633,CUST000291,SELL0323,2026-05-20,19:49:12,2026-05-24,2026-05-24,1602.79,Cash on Delivery,Delivered,,Noida,iOS,Electronics
ORD0004634,CUST000935,SELL0744,2026-05-12,11:10:32,2026-05-14,2026-05-16,59609.39,Cash on Delivery,Delivered,,Delhi,Mobile Web,Books
ORD0004635,CUST000686,SELL0533,2026-05-25,11:52:24,2026-05-31,2026-06-06,12670.87,UPI,Delayed,Last Mile Capacity,Chennai,Web,Grocery
ORD0004636,CUST000010,SELL0282,2026-05-29,05:55:31,2026-06-04,,31505.79,Card,Cancelled,Seller Cancelled,Gurugram,iOS,Sports
ORD0004637,CUST000380,SELL0470,2026-05-19,22:28:08,2026-05-26,2026-05-24,22076.75,Cash on Delivery,Delivered,,Kolkata,Mobile Web,Grocery
ORD0004638,CUST001043,SELL0125,2026-05-14,01:01:35,2026-05-19,2026-05-20,41255.67,UPI,Delivered,,Gurugram,Mobile Web,Furniture
ORD0004639,CUST000939,SELL0807,2026-06-13,18:57:22,2026-06-15,,29397.67,Card,Lost,Package Lost,Hyderabad,iOS,Books
ORD0004640,CUST000211,SELL0645,2026-06-02,03:43:40,2026-06-04,,45853.93,UPI,Cancelled,Payment Failed,Delhi,iOS,Appliances
ORD0004641,CUST000365,SELL0457,2026-06-03,20:51:29,2026-06-08,2026-06-07,46408.01,Bank Transfer,Delivered,,Delhi,iOS,Grocery
ORD0004642,CUST000954,SELL0146,2026-06-06,23:05:28,2026-06-13,2026-06-13,22021.03,Cash on Delivery,Delivered,,Jaipur,Android,Fashion
ORD0004643,CUST000550,SELL0938,2026-05-06,00:50:33,2026-05-08,2026-05-08,47278.73,Wallet,Delivered,,Pune,Android,Home
ORD0004644,CUST000206,SELL0996,2026-05-11,18:48:05,2026-05-15,2026-05-17,25349.38,Wallet,Delivered,,Jaipur,Android,Beauty
ORD0004645,CUST001061,SELL0449,2026-05-04,18:02:31,2026-05-10,2026-05-10,9281.81,Card,Delivered,,Pune,Mobile Web,Fashion
ORD0004646,CUST000627,SELL0050,2026-05-22,13:12:02,2026-05-29,2026-06-08,4154.25,UPI,Delayed,Courier Delay,Pune,Mobile Web,Books
ORD0004647,CUST000738,SELL0082,2026-06-14,10:13:42,2026-06-19,,63349.98,Bank Transfer,Cancelled,Seller Cancelled,Chennai,Android,Appliances
ORD0004648,CUST000263,SELL0642,2026-05-15,15:40:57,2026-05-21,,22768.09, Wallet ,Processing,Warehouse Delay,Mumbai,iOS,Furniture
ORD0004649,CUST000790,SELL0027,2026-06-09,15:47:26,2026-06-12,2026-06-13,62427.75,Bank Transfer,Delivered,,Nagpur,Android,Appliances
ORD0004650,CUST001143,SELL0219,2026-06-14,15:01:49,2026-06-21,2026-06-21,27462.64,UPI,Delivered,,Kolkata,iOS,Sports
ORD0004651,CUST001024,SELL0731,2026-06-09,07:30:34,2026-06-12,2026-06-15,3012.55,Bank Transfer,Delayed,Weather Delay,Indore,Mobile Web,Furniture
ORD0004652,CUST000382,SELL0301,2026-05-21,07:13:42,2026-05-24,2026-05-25,27993.37,UPI,Delivered,,Indore,Mobile Web,Books
ORD0004653,CUST000855,SELL0423,2026-05-03,08:37:17,2026-05-10,,20425.89,Cash on Delivery,Cancelled,Customer Cancelled,Delhi,Android,Furniture
ORD0004654,CUST000413,SELL0796,2026-06-12,20:56:14,2026-06-16,,30292.04,Card,Cancelled,Seller Cancelled,Indore,iOS,Grocery
ORD0004655,CUST000231,SELL0050,2026-05-06,10:14:55,2026-05-13,,18555.68,Wallet,Lost,Package Lost, COIMBATORE ,iOS,Books
ORD0004656,CUST000372,SELL0927,2026-05-28,00:36:54,2026-06-03,,19868.0,Bank Transfer,Cancelled,Seller Cancelled,Chennai,Mobile Web,Home
ORD0004657,CUST000138,SELL0736,2026-05-24,08:24:21,2026-05-26,2026-06-02,61404.46,Wallet,Delayed,Seller Dispatch Delay,Chennai,Android,Mobiles
ORD0004658,CUST000904,SELL0131,2026-06-13,18:40:26,2026-06-19,2026-06-18,41746.12,Cash on Delivery,Delivered,,Chennai,iOS,Fashion
ORD0004659,CUST000440,SELL0825,2026-05-23,21:49:46,2026-05-27,2026-05-26,41541.39,Wallet,Delivered,,Lucknow,Web,Appliances
ORD0004660,CUST000898,SELL0703,2026-05-13,19:57:31,2026-05-20,,30046.38,Cash on Delivery,Processing,Seller Dispatch Pending,Coimbatore,Android,Furniture
ORD0004661,CUST000571,SELL0373,2026-05-07,21:00:01,2026-05-10,2026-05-10,50229.1,Card,Delivered,,Mumbai,Web,Furniture
ORD0004662,CUST000910,SELL0177,2026-05-15,06:49:18,2026-05-20,2026-05-19,14522.2,UPI,Delivered,,Ahmedabad,Web,Fashion
ORD0004663,CUST000529,SELL0922,2026-05-28,21:18:16,2026-05-30,2026-05-30,31174.77,Card,Delivered,,Noida,Web,Mobiles
ORD0004664,CUST000696,SELL0083,2026-06-02,17:01:38,2026-06-08,2026-06-08,3006.42,Cash on Delivery,Delivered,,Pune,Mobile Web,Fashion
ORD0004665,CUST000150,SELL0980,2026-06-11,19:20:06,2026-06-18,2026-06-27,63381.39,Cash on Delivery,Returned,Damaged Item,Coimbatore,iOS,Grocery
ORD0004666,CUST000023,SELL0724,2026-05-31,10:14:42,2026-06-05,2026-06-08,53772.48,Wallet,Refund Pending,Return Pickup Pending,Indore,Web,Grocery
ORD0004667,CUST000350,SELL0199,2026-05-22,19:13:55,2026-05-27,,28560.0,UPI,Processing,Address Verification,Jaipur,Android,Fashion
ORD0004668,CUST000819,SELL0296,2026-05-14,01:38:28,2026-05-18,2026-05-19,26543.02,Wallet,Delivered,,Delhi,iOS,Mobiles
ORD0004669,CUST000950,SELL0868,2026-05-31,23:43:16,2026-06-05,2026-06-12,21737.78,Bank Transfer,Delayed,Courier Delay,Kochi,Web,Grocery
ORD0004670,CUST001033,SELL0156,2026-05-21,19:32:43,2026-05-26,2026-05-25,63873.43,Cash on Delivery,Delivered,,Kolkata,iOS,Furniture
ORD0004671,CUST000415,SELL0809,2026-05-30,19:03:05,2026-06-05,2026-06-13,55842.34,Wallet,Delayed,Seller Dispatch Delay,Coimbatore,Mobile Web,Books
ORD0004672,CUST000466,SELL0338,2026-05-10,07:56:25,2026-05-17,2026-05-15,13928.74,Card,Delivered,,Bengaluru,Mobile Web,Beauty
ORD0004673,CUST000180,SELL0908,2026-06-06,12:01:43,2026-06-10,,63527.25,Card,Cancelled,Customer Cancelled,Gurugram,Web,Grocery
ORD0004674,CUST000953,SELL0823,2026-05-29,11:34:28,2026-06-03,,53610.49,Cash on Delivery,Lost,Package Lost,Jaipur,Mobile Web,Sports
ORD0004675,CUST000549,SELL0184,2026-05-26,00:05:16,2026-05-31,2026-06-01,54735.78,Card,Delivered,,Kolkata,Mobile Web,Home
ORD0004676,CUST000702,SELL0728,2026-05-21,03:15:20,2026-05-24,2026-05-24,50183.58,UPI,Delivered,,Nagpur,Web,Fashion
ORD0004677,CUST000969,SELL0402,2026-06-11,11:53:21,2026-06-13,2026-06-17,3470.79,Card,Refund Pending,Payment Hold,Delhi,Mobile Web,Home
ORD0004678,CUST000637,SELL0689,2026-05-02,11:46:01,2026-05-05,2026-05-15,13424.67,Bank Transfer,Delayed,Seller Dispatch Delay,Indore,iOS,Books
ORD0004679,CUST000481,SELL0943,2026-05-21,03:41:17,2026-05-26,2026-05-25,19007.42,UPI,Delivered,,Hyderabad,Mobile Web,Furniture
ORD0004680,CUST000480,SELL0459,2026-05-08,11:03:02,2026-05-14,2026-05-14,15982.82,UPI,Delivered,,Kochi,Android,Furniture
ORD0004681,CUST000996,SELLX9591,2026-05-24,22:02:33,2026-05-26,2026-05-27,59655.11,Wallet,Delivered,,Gurugram,Android,Beauty
ORD0004682,CUST000087,SELL0029,2026-05-29,17:27:57,2026-05-31,2026-05-30,40703.03,Cash on Delivery,Delivered,,Indore,Android,Furniture
ORD0004683,CUST000434,SELL0490,2026-05-11,03:13:47,2026-05-14,2026-05-14,58777.12,UPI,Delivered,,Lucknow,Mobile Web,Fashion
ORD0004684,CUST001132,SELL0388,2026-05-02,01:45:19,2026-05-04,2026-05-09,22760.81,Card,Returned,Wrong Item,Noida,Android,Home
ORD0004685,CUST000783,SELL0114,2026-05-15,17:00:38,2026-05-19,,11036.22,UPI,Lost,Package Lost,Kochi,Web,Beauty
ORD0004686,CUST000295,SELL0835,2026-06-13,21:30:18,2026-06-15,2026-06-15,17621.91,Card,Delivered,,Chennai,Web,Beauty
ORD0004687,CUST000914,SELL0468,2026-05-31,22:13:02,2026-06-05,2026-06-07,53717.1,Bank Transfer,Returned,Customer Return,Chennai,Mobile Web,Sports
ORD0004688,CUST000065,SELL0275,2026-06-05,07:51:59,2026-06-12,2026-06-14,12194.15,UPI,Returned,Damaged Item,Coimbatore,iOS,Home
ORD0001242,CUST000540,SELL0056,2026-05-06,07:18:17,2026-05-09,2026-05-09,13261.57,UPI,Delivered,,Bengaluru,Android,Books
ORD0004690,CUST000511,SELL0047,2026-06-13,02:28:36,2026-06-19,2026-06-21,59799.65,Bank Transfer,Delivered,,Delhi,Web,Mobiles
ORD0004691,CUST000594,SELL0494,2026-05-03,18:59:50,2026-05-10,2026-05-10,38261.79,Card,Delivered,,Delhi,iOS,Beauty
ORD0004692,CUST000258,SELL0786,2026-06-08,12:50:16,2026-06-15,2026-06-15,13607.41,Cash on Delivery,Delivered,,Hyderabad,Web,Grocery
ORD0004693,CUST000900,SELL0770,2026-06-10,08:32:11,2026-06-13,2026-06-15,24885.46,UPI,Returned,Size Issue,Bengaluru,Web,Fashion
ORD0004694,CUST000277,SELL0518,2026-06-03,06:30:08,2026-06-09,,57455.91,Wallet,Cancelled,Customer Cancelled,Coimbatore,iOS,Fashion
ORD0004695,CUST000112,SELL0606,2026-06-06,15:59:55,2026-06-11,2026-06-17,21458.64,Cash on Delivery,Returned,Size Issue,Pune,Web,Appliances
ORD0004696,CUST000265,SELL0721,2026-05-06,02:37:59,2026-05-09,2026-05-16,8625.64,Bank Transfer,Delayed,Address Issue,Noida,iOS,Books
ORD0004697,CUST000762,SELL0726,2026-06-06,05:59:27,2026-06-13,2026-06-13,29510.66,UPI,Delivered,,Noida,Mobile Web,Furniture
ORD0004698,CUST001148,SELL0525,2026-05-30,00:30:58,2026-06-01,2026-06-02,10476.18,Card,Refund Pending,Payment Hold,Coimbatore,Mobile Web,Sports
ORD0004699,CUST000798,SELL0656,2026-06-05,03:42:55,2026-06-09,2026-06-09,28050.33,Card,Delivered,,Coimbatore,Web,Mobiles
ORD0004700,CUST000073,SELL0617,2026-05-14,23:36:26,2026-05-20,2026-05-18,64556.96,UPI,Delivered,,Pune,iOS,Electronics
ORD0004701,CUST000539,SELL0001,2026-05-31,07:57:35,,2026-06-03,12016.53,Bank Transfer,Delivered,,Kolkata,iOS,Electronics
ORD0004702,CUST000885,SELL0245,2026-05-20,07:06:49,2026-05-24,,4243.73,UPI,Cancelled,Payment Failed,Kolkata,Mobile Web,Appliances
ORD0004703,CUST000228,SELL0108,2026-06-04,11:28:04,2026-06-06,2026-06-06,58250.98,Card,Delivered,,Indore,iOS,Mobiles
ORD0004704,CUST000219,SELL0749,2026-06-08,17:08:40,2026-06-15,2026-06-14,24900.56,Cash on Delivery,Delivered,,Pune,Mobile Web,Appliances
ORD0004705,CUST001090,SELL0443,2026-05-06,11:41:05,2026-05-10,2026-05-11,33015.49,Cash on Delivery,Delivered,,Indore,Web,Appliances
ORD0004706,CUST000239,SELL0495,2026-05-06,00:05:32,2026-05-13,,39651.69,Bank Transfer,Cancelled,Customer Cancelled,Mumbai,Mobile Web,Fashion
ORD0004707,CUST000036,SELL0325,2026-06-03,16:52:46,2026-06-06,2026-06-16,42087.87,Bank Transfer,Delayed,Courier Delay,Jaipur,Web,Fashion
ORD0004708,CUST000449,SELL0041,2026-05-27,16:00:06,2026-06-01,2026-06-01,21807.85,UPI,Delivered,,Lucknow,Android,Grocery
ORD0004709,CUST000933,SELL0795,2026-05-14,05:57:28,2026-05-20,2026-05-20,45828.87,UPI,Delivered,,Gurugram,iOS,Fashion
ORD0004710,CUST001101,SELL0407,2026-05-21,08:13:43,2026-05-25,2026-05-31,37447.95,Cash on Delivery,Refund Pending,Refund Awaited,Lucknow,Mobile Web,Books
ORD0004711,CUST000292,SELL0380,2026-05-20,21:06:24,2026-05-23,2026-05-28,42594.11,Wallet,Delayed,Last Mile Capacity,Coimbatore,Mobile Web,Grocery
ORD0004712,CUST001076,SELL0115,2026-05-30,16:24:40,2026-06-06,2026-06-13,53281.74,Card,Delayed,Weather Delay,Ahmedabad,Android,Appliances
ORD0004713,CUST000991,SELL0942,2026-05-18,16:24:06,2026-05-25,2026-05-24,20647.78,Bank Transfer,Delivered,,Jaipur,iOS,Mobiles
ORD0004714,CUST000112,SELL0448,2026-05-20,10:44:32,2026-05-27,2026-06-07,26595.67,UPI,Delayed,Courier Delay,Bengaluru,Android,Electronics
ORD0004715,CUST000853,SELL0168,2026-05-15,15:11:02,2026-05-18,,8252.2,Card,Cancelled,Seller Cancelled,Lucknow,iOS,Grocery
ORD0004716,CUST000416,SELL0537,2026-05-22,03:17:14,2026-05-29,,57152.15,Card,Processing,Warehouse Delay,Indore,Web,Appliances
ORD0004717,CUST000930,SELL0485,2026-05-22,14:53:15,2026-05-24,2026-05-28,12178.07,Wallet,Delayed,Weather Delay,Kochi,iOS,Fashion
ORD0004718,CUST000950,SELL0117,2026-05-02,17:33:13,2026-05-07,2026-05-05,15687.41,Bank Transfer,Delivered,,Noida,Mobile Web,Electronics
ORD0004719,CUST000350,SELL0627,2026-05-08,17:01:01,2026-05-12,2026-05-13,2674.31,UPI,Delivered,,Jaipur,Android,Mobiles
ORD0004720,CUST000373,SELL0419,2026-05-10,08:12:27,2026-05-12,2026-05-20,31967.1,Cash on Delivery,Returned,Damaged Item,Ahmedabad,Web,Home
ORD0004721,CUST000406,SELL0010,2026-06-01,09:56:01,2026-06-06,2026-06-08,24846.24,Card,Returned,Damaged Item,Noida,Web,Grocery
ORD0004722,CUST000350,SELL0077,2026-05-27,12:40:25,2026-06-01,,8902.5,Cash on Delivery,Cancelled,Customer Cancelled,Kochi,Mobile Web,Beauty
ORD0004723,CUST001024,SELL0350,2026-05-04,08:48:26,2026-05-09,2026-05-09,50118.81,Card,Delivered,,Gurugram,Android,Furniture
ORD0004724,CUST000881,SELL0434,2026-05-27,18:12:32,2026-05-31,2026-05-29,6576.13,UPI,Delivered,,Noida,Mobile Web,Fashion
ORD0004725,CUST000215,SELL0295,2026-05-04,04:49:17,2026-05-07,2026-05-06,1446.57,Bank Transfer,Delivered,,Mumbai,Web,Appliances
ORD0004726,CUST000973,SELL0297,2026-05-01,20:12:11,2026-05-04,2026-05-04,294.3,Bank Transfer,Delivered,,Pune,Web,Appliances
ORD0004727,CUST000937,SELL0904,2026-05-16,22:13:47,2026-05-23,,31916.09,Bank Transfer,Cancelled,Payment Failed,Delhi,Android,Home
ORD0004728,CUST000592,SELL0011,2026-06-11,17:39:33,2026-06-18,2026-06-17,9786.18,Cash on Delivery,Delivered,,Chennai,iOS,Sports
ORD0004729,CUST000844,SELL0481,2026-05-03,21:04:34,2026-05-05,,48584.83,Card,Processing,Seller Dispatch Pending,Nagpur,Web,Mobiles
ORD0004730,CUST000781,SELL0948,2026-05-12,09:55:17,2026-05-17,2026-05-17,52048.66,Wallet,Delivered,,Coimbatore,Mobile Web,Home
ORD0004731,CUST001119,SELL0128,2026-05-12,03:25:40,2026-05-16,2026-05-16,59585.23,Wallet,Delivered,,Chennai,Web,Grocery
ORD0004732,CUST000283,SELL0840,2026-05-10,01:18:07,2026-05-16,2026-05-21,40997.79, Wallet ,Delayed,Courier Delay,Coimbatore,Mobile Web,Furniture
ORD0004733,CUST000819,SELL0394,2026-06-12,05:56:25,2026-06-14,2026-06-12,26129.33,Cash on Delivery,Delivered,,Nagpur,Mobile Web,Sports
ORD0004734,CUST000075,SELL0991,2026-06-02,11:28:38,2026-06-05,2026-06-05,33518.27,Cash on Delivery,Delivered,, CHENNAI ,Mobile Web,Beauty
ORD0004735,CUST001044,SELL0511,2026-05-23,17:25:04,2026-05-30,2026-05-28,20524.8,Wallet,Delivered,,Coimbatore,Web,Mobiles
ORD0004736,CUST001144,SELL0168,2026-06-03,22:12:38,2026-06-05,2026-06-07,38116.59, UPI ,Delivered,,Pune,Mobile Web,Grocery
ORD0004737,CUST000832,SELL0406,2026-06-04,04:46:29,2026-06-11,,59283.54,UPI,Cancelled,Seller Cancelled,Chennai,Mobile Web,Electronics
ORD0004738,CUST001087,SELL0978,2026-05-15,20:31:49,2026-05-22,2026-05-23,26505.21,Bank Transfer,Delivered,,Ahmedabad,iOS,Electronics
ORD0004739,CUST000589,SELL0203,2026-06-04,20:44:35,2026-06-06,2026-06-06,10482.56,Bank Transfer,Delivered,,Indore,Web,Appliances
ORD0004740,CUST000514,SELL0424,2026-05-12,18:11:13,2026-05-14,2026-05-14,59104.67,UPI,Delivered,,Coimbatore,iOS,Fashion
ORD0004741,CUST000951,SELL0794,2026-05-02,21:52:48,2026-05-08,2026-05-12,12018.94,Bank Transfer,Delayed,Weather Delay,Indore,Android,Furniture
ORD0004742,CUST000486,SELL0949,2026-05-25,20:16:14,2026-05-31,2026-05-31,44750.92,Wallet,Delivered,,Indore,Mobile Web,Electronics
ORD0004743,CUST000827,SELL0795,2026-05-23,00:43:10,2026-05-30,,58906.16,Cash on Delivery,CANCELLED,Seller Cancelled,Noida,Android,Fashion
ORD0004744,CUST000720,SELL0851,2026-06-05,20:15:38,2026-06-08,2026-06-09,14045.18,Bank Transfer,Delivered,,Noida,iOS,Electronics
ORD0004745,CUST001045,SELL0727,2026-05-05,12:15:37,2026-05-07,,1994.34,Wallet,Processing,Address Verification,Coimbatore,Mobile Web,Beauty
ORD0004746,CUST000917,SELL0300,2026-05-20,05:06:28,2026-05-27,2026-05-27,27250.5,Wallet,Delivered,,Kochi,Android,Home
ORD0004747,CUST000508,SELL0759,2026-05-28,08:51:55,2026-06-03,2026-06-08,63906.9,Cash on Delivery,Returned,Size Issue,Nagpur,Mobile Web,Sports
ORD0004748,CUST001024,SELL0309,2026-05-26,06:33:46,2026-06-02,2026-06-01,14473.52,Wallet,Delivered,,Kolkata,iOS,Fashion
ORD0004749,CUST001060,SELL0567,2026-06-06,06:53:54,2026-06-11,2026-06-11,64654.28,UPI,Delivered,,Kolkata,iOS,Electronics
ORD0004750,CUST000999,SELL0263,2026-06-04,07:12:35,2026-06-07,,46419.63,Card,Lost,Package Lost,Pune,Mobile Web,Home
ORD0000885,CUST000545,SELL0259,2026-06-09,02:29:21,2026-06-16,,38905.81,Cash on Delivery,Cancelled,Payment Failed,Delhi,iOS,Books
ORD0004752,CUSTX964894,SELL0634,2026-05-28,12:53:49,2026-06-01,,1191.22,Card,Cancelled,Customer Cancelled,Ahmedabad,Web,Grocery
ORD0004753,CUST000620,SELL0403,2026-05-22,05:59:11,2026-05-26,2026-05-25,7693.31,UPI,Delivered,,Hyderabad,iOS,Home
ORD0004754,CUST000537,SELL0165,2026-05-10,11:51:11,2026-05-14,2026-05-14,24109.02,Bank Transfer,Delivered,,Mumbai,Mobile Web,Appliances
ORD0004755,CUST000070,SELL0307,2026-06-13,04:28:19,2026-06-15,2026-06-15,1885.66,Bank Transfer,Delivered,,Pune,Web,Mobiles
ORD0004756,CUST000856,SELL0516,2026-05-11,14:44:34,2026-05-13,2026-05-24,20190.05,Cash on Delivery,Delayed,Last Mile Capacity,Indore,iOS,Sports
ORD0004757,CUST000851,SELL0734,2026-05-02,19:39:24,2026-05-07,2026-05-08,58687.76,Cash on Delivery,Delivered,,Noida,Mobile Web,Appliances
ORD0004758,CUST000037,SELL0379,2026-06-03,12:36:18,2026-06-05,2026-06-05,3629.07,Wallet,Delivered,,Gurugram,iOS,Sports
ORD0004759,CUST000244,SELL0741,2026-05-28,12:31:35,2026-05-30,2026-05-31,59462.05,Cash on Delivery,Returned,Damaged Item,Indore,iOS,Home
ORD0004760,CUST000529,SELL0633,2026-06-14,16:58:28,2026-06-16,,56855.1,UPI,Processing,Warehouse Delay,Indore,Android,Grocery
ORD0004761,CUST000881,SELL0984,2026-05-22,02:47:44,2026-05-24,2026-05-24,62257.48,Cash on Delivery,Delivered,,Lucknow,iOS,Fashion
ORD0004762,CUST000342,SELL0826,2026-05-19,17:29:06,2026-05-22,2026-05-21,11362.44,Card,Delivered,,Jaipur,Android,Grocery
ORD0004763,CUST001014,SELL0219,2026-06-05,18:14:04,2026-06-12,2026-06-12,25200.03,Bank Transfer,Delivered,,Nagpur,Web,Sports
ORD0004764,CUST001124,SELL0649,2026-05-07,07:54:18,2026-05-09,2026-05-11,61045.34,Cash on Delivery,delivered,,Delhi,Android,Fashion
ORD0004765,CUST000974,SELL0724,2026-05-16,10:47:32,2026-05-20,2026-05-20,44651.66,Bank Transfer,Delivered,,Hyderabad,iOS,Grocery
ORD0004766,CUST001180,SELL0702,2026-06-10,19:28:57,2026-06-14,2026-06-15,37014.24,Cash on Delivery,Delivered,,Kochi,Android,Sports
ORD0004767,CUST000155,SELL0508,2026-05-20,13:14:07,2026-05-22,2026-05-20,18140.51,UPI,Delivered,,Mumbai,iOS,Fashion
ORD0004768,CUST000451,SELL0480,2026-06-13,17:15:57,2026-06-18,2026-06-16,8812.14,Card,Delivered,,Lucknow,Mobile Web,Fashion
ORD0004769,CUST000081,SELL0920,2026-05-29,13:13:58,2026-06-04,,26203.51,Wallet,Processing,Warehouse Delay,Coimbatore,Android,Appliances
ORD0004770,CUST000813,SELL0332,2026-05-18,20:22:46,2026-05-24,2026-06-04,26708.96,Wallet,Delayed,Seller Dispatch Delay,Kochi,Web,Furniture
ORD0004771,CUST000753,SELL0109,2026-06-11,07:02:59,2026-06-16,2026-06-17,31318.44,UPI,Delivered,,Jaipur,Mobile Web,Grocery
ORD0004772,CUST000567,SELL0358,2026-06-10,13:49:19,2026-06-13,2026-06-12,26648.83,UPI,Delivered,,Gurugram,iOS,Fashion
ORD0004773,CUST000899,SELL0781,2026-06-04,04:08:37,2026-06-09,2026-06-09,45134.25,Bank Transfer,Delivered,,Pune,Mobile Web,Mobiles
ORD0004774,CUST000497,SELL0296,2026-05-16,04:58:35,2026-05-22,2026-06-01,8313.1,Bank Transfer,Delayed,Seller Dispatch Delay,Indore,Web,Mobiles
ORD0004775,CUST001179,SELL0103,2026-06-08,08:38:44,2026-06-11,2026-06-12,61879.94,Card,Delivered,,Ahmedabad,Android,Books
ORD0004776,CUST000732,SELLX9734,2026-05-10,18:13:39,2026-05-13,2026-05-13,18994.63,Card,Delivered,,Hyderabad,Android,Sports
ORD0004777,CUST000597,SELL0696,2026-05-04,06:46:40,2026-05-09,2026-05-09,42059.35,Bank Transfer,delivered,,Ahmedabad,Android,Sports
ORD0004778,CUST000672,SELL0064,2026-05-09,18:15:10,2026-05-15,2026-05-19,42013.99,Cash on Delivery,Delayed,Address Issue,Chennai,Web,Appliances
ORD0004779,CUST001074,SELL0418,2026-05-03,09:00:50,2026-05-08,,63476.46,Wallet,Cancelled,Seller Cancelled,Bengaluru,iOS,Grocery
ORD0004780,CUST000978,SELL0114,2026-05-07,17:31:21,2026-05-09,2026-05-07,15005.39,UPI,Delivered,,Lucknow,Web,Beauty
ORD0004781,CUST000182,SELL0587,2026-05-29,17:15:52,2026-06-01,2026-06-01,31324.96,UPI,Delivered,,Delhi,Mobile Web,Books
ORD0004782,CUST000773,SELL0908,2026-05-04,15:08:20,2026-05-09,2026-05-10,4609.67,UPI,Delivered,,Indore,Web,Grocery
ORD0004783,CUST000901,SELL0342,2026-05-06,15:08:58,2026-05-08,2026-05-08,11293.01,Card,Delivered,,Coimbatore,Web,Beauty
ORD0004784,CUST000571,SELL0775,2026-06-07,17:30:52,2026-06-12,2026-06-12,52961.42,UPI,Delivered,,Mumbai,Web,Furniture
ORD0004785,CUST001067,SELL0335,2026-06-03,09:23:36,2026-06-08,2026-06-08,3014.8,Bank Transfer,Delivered,,Indore,iOS,Grocery
ORD0004786,CUST000570,SELL0401,2026-05-13,08:12:17,2026-05-19,2026-05-19,40096.02,UPI,Delivered,,Coimbatore,iOS,Furniture
ORD0004787,CUST000577,SELL0518,2026-05-03,04:41:23,2026-05-09,2026-05-13,25784.5,Wallet,Returned,Damaged Item,Noida,Mobile Web,Fashion
ORD0004788,CUST000322,SELL0498,2026-06-02,09:33:12,2026-06-04,2026-06-03,11988.96,UPI,Delivered,,Noida,Mobile Web,Electronics
ORD0004789,CUST000091,SELL0913,2026-05-13,09:34:33,2026-05-16,2026-05-16,38072.98,UPI,Delivered,,Ahmedabad,iOS,Sports
ORD0004790,CUST000593,SELL0776,2026-05-31,21:37:21,2026-06-02,,6263.74,Wallet,Cancelled,Customer Cancelled,Hyderabad,Android,Grocery
ORD0004791,CUST000810,SELL0349,2026-06-03,21:42:53,2026-06-06,2026-06-05,25140.69,Card,Delivered,,Kochi,iOS,Fashion
ORD0004792,CUST000665,SELL0626,2026-05-29,10:15:36,2026-05-31,2026-06-05,17036.85,UPI,Delayed,Courier Delay,Mumbai,iOS,Books
ORD0004793,CUST000333,SELL0207,2026-06-04,20:57:04,2026-06-08,,3009.06,UPI,Processing,Address Verification,Mumbai,Android,Home
ORD0004794,CUST001159,SELL0857,2026-06-12,22:39:15,2026-06-18,2026-06-17,41612.61,Cash on Delivery,Delivered,,Gurugram,Web,Beauty
ORD0004795,CUST000176,SELL0570,2026-05-05,03:35:26,2026-05-10,2026-05-10,35741.7,UPI,Delivered,,Kochi,Web,Sports
ORD0004796,CUST000378,SELL0697,2026-05-31,19:58:02,2026-06-04,2026-06-13,33229.54,Bank Transfer,Delayed,Courier Delay,Noida,Mobile Web,Fashion
ORD0004797,CUST000572,SELL0755,2026-05-07,22:25:27,2026-05-10,2026-05-10,43007.3,Wallet,Delivered,,Kolkata,Web,Fashion
ORD0004798,CUST000118,SELL0898,2026-05-12,06:20:57,2026-05-19,2026-05-17,28457.41,Card,Delivered,,Delhi,Android,Mobiles
ORD0004799,CUST000991,SELL0875,2026-06-04,18:07:55,2026-06-06,2026-06-06,33724.26,Cash on Delivery,Delivered,,Coimbatore,Web,Sports
ORD0004800,CUST001097,SELL0205,2026-05-14,06:02:17,2026-05-19,2026-05-20,16604.81,Cash on Delivery,Delivered,,Nagpur,Mobile Web,Books
ORD0004801,CUST000064,SELL0115,2026-05-15,17:59:23,2026-05-17,2026-05-19,25815.58,Bank Transfer,Returned,Customer Return,Bengaluru,Android,Appliances
ORD0004802,CUST000362,SELL0363,2026-05-20,00:59:22,2026-05-22,,61655.58,Wallet,Cancelled,Payment Failed,Pune,Web,Mobiles
ORD0004803,CUST001195,SELL0030,2026-05-30,20:25:58,2026-06-05,2026-06-05,8877.79,Card,Delivered,,Ahmedabad,iOS,Home
ORD0004804,CUST000195,SELL0148,2026-05-03,19:46:51,2026-05-10,2026-05-09,60010.18,Bank Transfer,Delivered,,Hyderabad,Android,Home
ORD0004805,CUSTX933426,SELL0277,2026-05-28,20:27:51,2026-05-31,2026-06-01,54438.91,Bank Transfer,Delivered,,Noida,Android,Beauty
ORD0004806,CUST001075,SELL0752,2026-05-30,17:48:09,2026-06-05,2026-06-05,50181.04,UPI,Delivered,,Indore,iOS,Home
ORD0004807,CUST000705,SELL0677,2026-05-21,09:06:38,2026-05-26,2026-05-26,34389.02,UPI,Delivered,,Ahmedabad,Android,Furniture
ORD0004808,CUST000869,SELL0426,2026-05-16,21:52:42,2026-05-22,2026-06-02,33176.48,Wallet,Delayed,Address Issue,Gurugram,Mobile Web,Grocery
ORD0004809,CUST000407,SELL0583,2026-06-10,10:17:59,2026-06-13,2026-06-14,18616.51,Wallet,Delivered,,Coimbatore,Android,Appliances
ORD0004810,CUST001167,SELL0399,2026-05-07,20:32:45,2026-05-12,2026-05-12,58612.89,Wallet,Delivered,,Ahmedabad,Android,Grocery
ORD0004811,CUST000459,SELL0605,2026-05-05,22:56:42,2026-05-09,2026-05-09,19578.47,Bank Transfer,Delivered,,Jaipur,Web,Grocery
ORD0004812,CUST000855,SELL0871,2026-05-05,06:58:58,2026-05-07,2026-05-17,36889.64,Bank Transfer,Delayed,Seller Dispatch Delay,Ahmedabad,Web,Grocery
ORD0004813,CUST000456,SELL0550,2026-05-17,05:28:19,2026-05-21,2026-05-24,25050.54,Bank Transfer,Refund Pending,Refund Awaited,Jaipur,Web,Appliances
ORD0004814,CUST000339,SELL0716,2026-05-08,15:03:44,2026-05-13,2026-05-13,9949.28,Bank Transfer,delivered,,Noida,Mobile Web,Home
ORD0004815,CUST000218,SELL0012,2026-05-23,06:08:32,2026-05-26,2026-05-28,22825.63,Bank Transfer,Delivered,,Coimbatore,iOS,Fashion
ORD0004816,CUST001018,SELL0152,2026-06-05,18:40:16,2026-06-09,2026-06-08,16355.66,Card,Delivered,,Chennai,Mobile Web,Furniture
ORD0004817,CUST000848,SELL0132,2026-05-07,17:56:48,2026-05-10,,46129.68,Bank Transfer,Processing,Warehouse Delay,Kochi,Android,Books
ORD0004818,CUST000474,SELL0617,2026-06-02,15:22:01,2026-06-06,2026-06-06,52839.74,Wallet,Delivered,,Noida,Android,Electronics
ORD0004819,CUST000086,SELL0960,2026-06-07,00:34:09,2026-06-11,2026-06-13,1767.73,Card,Delivered,,Kolkata,Web,Home
ORD0004820,CUST000741,SELL0046,2026-05-20,13:01:27,2026-05-24,2026-05-24,62549.91,UPI,Delivered,,Chennai,Mobile Web,Electronics
ORD0004821,CUST000119,SELL0415,2026-06-07,07:35:53,2026-06-11,2026-06-13,5707.04,Bank Transfer,Delayed,Seller Dispatch Delay,Nagpur,iOS,Sports
ORD0004822,CUST000737,SELL0313,2026-05-15,06:23:14,2026-05-17,2026-05-16,46273.85,UPI,Delivered,,Hyderabad,Android,Furniture
ORD0004823,CUST000715,SELL0748,2026-05-20,03:51:07,2026-05-26,2026-05-26,32101.03,Bank Transfer,Delivered,,Gurugram,Mobile Web,Fashion
ORD0004824,CUST000816,SELL0940,2026-05-03,01:06:52,2026-05-09,2026-05-09,26720.01,Bank Transfer,Delivered,,Nagpur,Android,Sports
ORD0004825,CUST000808,SELL0114,2026-05-28,00:49:41,2026-06-04,2026-06-04,19644.37,Wallet,Delivered,,Delhi,Mobile Web,Beauty
ORD0004826,CUST000032,SELL0608,2026-05-14,17:32:21,2026-05-18,2026-05-24,55286.65,UPI,Returned,Customer Return,Kolkata,Android,Fashion
ORD0004827,CUST000438,SELL0894,2026-05-03,01:20:40,2026-05-05,2026-05-07,30568.41,Cash on Delivery,Delivered,,Mumbai,iOS,Furniture
ORD0004828,CUST001084,SELL0996,2026-05-07,03:12:11,2026-05-11,2026-05-09,14376.29,Card,Delivered,,Jaipur,Web,Beauty
ORD0004829,CUST000768,SELL0681,2026-05-05,15:06:49,2026-05-07,2026-05-07,6305.25,Bank Transfer,Delivered,,Mumbai,Web,Electronics
ORD0004830,CUST000346,SELL0739,2026-06-03,21:44:52,2026-06-05,2026-06-06,30084.51,Card,Delivered,, BENGALURU ,Android,Appliances
ORD0004831,CUST000185,SELL0146,2026-05-01,02:59:30,2026-05-03,2026-05-03,46241.05,Cash on Delivery,Delivered,,Mumbai,iOS,Fashion
ORD0004832,CUST001070,SELL0923,2026-05-15,21:30:30,2026-05-19,2026-05-28,60752.99,Wallet,Returned,Wrong Item,Indore,Web,Books
ORD0004833,CUST000602,SELL0314,2026-06-12,21:08:01,2026-06-14,,38134.45,Bank Transfer,Processing,Warehouse Delay,Pune,Android,Books
ORD0004834,CUST000054,SELL0254,2026-05-09,08:50:51,2026-05-11,2026-05-10,61455.53,Bank Transfer,Delivered,,Nagpur,iOS,Home
ORD0004835,CUST001121,SELL0941,2026-06-04,04:12:58,2026-06-11,,17317.65,Cash on Delivery,Lost,Package Lost,Jaipur,iOS,Mobiles
ORD0004836,CUST000137,SELL0468,2026-05-25,18:15:57,2026-05-29,2026-05-29,,UPI,Delivered,,Lucknow,iOS,Sports
ORD0004837,CUST001139,SELL0405,2026-05-11,05:30:52,2026-05-18,2026-05-17,11476.09,Bank Transfer,Delivered,,Noida,Mobile Web,Fashion
ORD0004838,CUST000979,SELL0945,2026-05-20,22:59:45,2026-05-27,,57676.03,Bank Transfer,Cancelled,Seller Cancelled,Nagpur,Android,Beauty
ORD0004839,CUST001057,SELL0791,2026-06-10,00:40:46,2026-06-17,2026-06-17,9271.75,Wallet,Delivered,,Jaipur,Web,Furniture
ORD0004840,CUST000997,SELL0094,2026-06-02,14:13:30,2026-06-08,2026-06-18,50573.73,Wallet,Delayed,Last Mile Capacity,Delhi,Web,Sports
ORD0004841,CUST000345,SELL0189,2026-05-20,06:12:18,2026-05-27,2026-05-27,36238.32,Wallet,Delivered,,Indore,Android,Fashion
ORD0004842,CUST000486,SELL0856,2026-05-02,02:45:11,2026-05-04,2026-05-06,13950.93,Wallet,Delivered,,Coimbatore,Web,Grocery
ORD0004843,CUST000708,SELL0045,2026-06-04,08:50:23,2026-06-06,2026-06-06,50535.39,Wallet,Delivered,,Chennai,Web,Sports
ORD0004844,CUST001122,SELL0602,2026-05-08,15:50:41,2026-05-10,2026-05-17,18583.79,Bank Transfer,Refund Pending,Return Pickup Pending,Gurugram,iOS,Electronics
ORD0004845,CUST001186,SELL0084,2026-05-21,06:59:26,2026-05-28,2026-05-30,26626.13,Cash on Delivery,Delivered,,Coimbatore,Android,Appliances
ORD0004846,CUST000255,SELL0463,2026-05-21,09:21:27,2026-05-27,2026-06-03,44008.3,Bank Transfer,Delayed,Address Issue,Delhi,Android,Beauty
ORD0004847,CUST001112,SELL0322,2026-05-29,15:16:32,2026-05-31,2026-05-29,23858.37,Bank Transfer,Delivered,, INDORE ,Android,Books
ORD0004848,CUST000710,SELL0478,2026-05-01,09:03:52,2026-05-03,2026-05-03,57247.05,UPI,Delivered,,Kolkata,Android,Beauty
ORD0004849,CUST000345,SELL0025,2026-05-19,11:43:06,2026-05-26,2026-05-25,58984.76,Cash on Delivery,Delivered,,Indore,Web,Fashion
ORD0004850,CUST001196,SELL0788,2026-06-12,21:06:11,2026-06-16,2026-06-17,11411.78,Card,Delivered,,Hyderabad,Web,Home
ORD0004851,CUST000179,SELL0645,2026-05-28,07:05:21,2026-05-30,2026-05-30,38278.38,UPI,Delivered,,Delhi,Android,Appliances
ORD0004852,CUST000775,SELL0054,2026-05-11,16:56:24,2026-05-16,2026-05-23,49019.81,Wallet,Refund Pending,Refund Awaited, AHMEDABAD ,Android,Books
ORD0004853,CUST000729,SELL0633,2026-06-08,21:12:57,2026-06-15,2026-06-15,61829.81,UPI,Delivered,,Ahmedabad,Android,Grocery
ORD0004854,CUST001040,SELL0318,2026-05-24,05:53:01,2026-05-28,2026-05-28,51983.02,Wallet,Delivered,,Mumbai,Mobile Web,Sports
ORD0004855,CUST001110,SELL0579,2026-06-10,14:28:48,2026-06-15,2026-06-14,59233.4,Card,Delivered,,Jaipur,Mobile Web,Books
ORD0004856,CUST000114,SELL0159,2026-05-02,04:54:36,2026-05-09,2026-05-10,18115.08,Bank Transfer,Delivered,,Coimbatore,iOS,Books
ORD0004857,CUST000606,SELL0315,2026-05-05,16:58:37,2026-05-10,2026-05-10,34866.94,UPI,Delivered,,Mumbai,Mobile Web,Electronics
ORD0004858,CUST000423,SELL0762,2026-06-13,03:52:23,2026-06-20,2026-06-29,29964.48,Wallet,Delayed,Courier Delay,Kochi,Android,Mobiles
ORD0004859,CUST000350,SELL0639,2026-05-15,06:30:15,2026-05-22,,35688.85,Card,Cancelled,Seller Cancelled,Pune,iOS,Sports
ORD0004860,CUST000717,SELL0956,2026-05-12,22:45:29,2026-05-19,,31072.75,Bank Transfer,Cancelled,Payment Failed,Indore,Mobile Web,Furniture
ORD0004861,CUST000274,SELL0414,2026-06-07,09:42:22,2026-06-12,2026-06-13,2652.91,UPI,Delivered,,Kolkata,Mobile Web,Beauty
ORD0004862,CUST001143,SELL0408,2026-05-08,21:09:38,2026-05-14,2026-05-19,5704.8,Card,Returned,Size Issue,Gurugram,iOS,Fashion
ORD0004863,CUST000453,SELL0813,2026-06-01,01:34:10,2026-06-04,,25018.35,Bank Transfer,Cancelled,Seller Cancelled,Nagpur,Android,Mobiles
ORD0004864,CUST000733,SELL0273,2026-05-12,19:47:13,2026-05-19,2026-05-19,39244.16,UPI,Delivered,,Delhi,Mobile Web,Fashion
ORD0004865,CUST000873,SELL0075,2026-06-08,21:33:49,2026-06-15,,64652.78,Cash on Delivery,Cancelled,Payment Failed,Coimbatore,Web,Home
ORD0004866,CUST000972,SELL0572,2026-05-18,18:01:30,2026-05-20,2026-05-19,54858.29,Wallet,Delivered,,Nagpur,Mobile Web,Home
ORD0004867,CUST000516,SELL0534,2026-05-20,07:42:06,2026-05-25,2026-05-28,15309.12,UPI,Returned,Damaged Item,Nagpur,iOS,Home
ORD0004868,CUST000797,SELL0855,2026-05-26,07:51:11,2026-05-28,2026-05-28,3389.09,Wallet,Delivered,, COIMBATORE ,iOS,Fashion
ORD0004869,CUST000039,SELL0011,2026-05-27,10:37:26,2026-05-30,2026-05-31,47060.08,UPI,Delivered,,Gurugram,Web,Sports
ORD0004870,CUST000820,SELL0800,2026-05-22,05:10:04,2026-05-26,2026-05-26,43900.08,Bank Transfer, Delivered ,,Kochi,Web,Home
ORD0004871,CUST000779,SELL0322,2026-06-05,00:53:33,2026-06-08,,31740.27,UPI,Processing,Seller Dispatch Pending,Delhi,Web,Books
ORD0004872,CUST000379,SELL0602,2026-05-18,03:32:22,2026-05-20,2026-05-23,32224.13,Cash on Delivery,Refund Pending,Refund Awaited,Gurugram,Mobile Web,Electronics
ORD0004873,CUST000501,SELL0053,2026-05-29,12:02:09,2026-06-05,,52898.86,Bank Transfer,Processing,Warehouse Delay,Nagpur,Web,Sports
ORD0004874,CUST000576,SELL0743,2026-05-08,15:38:42,2026-05-13,2026-05-15,14581.94,Cash on Delivery,Refund Pending,Return Pickup Pending,Pune,Web,Grocery
ORD0004875,CUST000556,SELL0225,2026-06-11,21:08:27,2026-06-15,2026-06-14,42807.62,Card,Delivered,,Hyderabad,iOS,Fashion
ORD0004876,CUST000363,SELL0915,2026-05-03,14:34:52,2026-05-06,2026-05-07,8222.98,Bank Transfer,Delivered,,Mumbai,Mobile Web,Sports
ORD0004877,CUST000122,SELL0420,2026-05-10,14:06:44,2026-05-15,2026-05-16,25503.43,Wallet,Delivered,,Coimbatore,Android,Sports
ORD0004878,CUST001143,SELL0054,2026-05-05,01:10:35,2026-05-11,2026-05-11,58372.67,Cash on Delivery,Delivered,,Jaipur,Android,Books
ORD0004879,CUST000509,SELL0048,2026-05-10,09:41:13,2026-05-13,,64039.78,Wallet,Processing,Seller Dispatch Pending,Pune,Android,Appliances
ORD0004880,CUST000180,SELL0165,2026-05-29,14:09:50,2026-06-04,2026-06-06,35778.71,Wallet,Delayed,Seller Dispatch Delay,Jaipur,Web,Appliances
ORD0004881,CUST000658,SELL0241,2026-05-29,03:38:31,2026-06-03,2026-06-05,48103.7,Card,delayed,Weather Delay,Indore,Web,Sports
ORD0004882,CUST000532,SELL0597,2026-05-17,19:07:00,2026-05-20,2026-05-18,52004.37,UPI,Delivered,,Coimbatore,Web,Grocery
ORD0004883,CUST000388,SELL0053,2026-06-02,15:56:24,2026-06-04,,46323.46,UPI,Processing,Seller Dispatch Pending,Hyderabad,Android,Sports
ORD0004884,CUST000238,SELL0809,2026-05-27,14:16:06,2026-05-30,2026-05-30,40992.86,UPI,Delivered,,Noida,Mobile Web,Books
ORD0004885,CUST000361,SELL0841,2026-05-12,11:17:26,2026-05-16,2026-05-23,34862.22,Wallet,Returned,Damaged Item,Delhi,Web,Furniture
ORD0004886,CUST001163,SELL0354,2026-06-13,05:09:09,2026-06-16,2026-06-16,55799.81,Bank Transfer,Delivered,,Coimbatore,Mobile Web,Appliances
ORD0004887,CUST000549,SELL0204,2026-05-09,05:02:38,2026-05-15,2026-05-16,46900.84,Wallet,delivered,,Delhi,Web,Fashion
ORD0004888,CUST000900,SELL0534,2026-05-24,09:54:59,2026-05-29,,850.6,UPI,Lost,Package Lost,Jaipur,Web,Home
ORD0004889,CUST000341,SELL0137,2026-05-11,12:25:48,2026-05-16,2026-05-16,7867.42,Wallet,Delivered,, HYDERABAD ,Mobile Web,Mobiles
ORD0004890,CUST000108,SELL0021,2026-05-27,05:20:13,2026-06-02,2026-06-12,2347.67,Card,Delayed,Address Issue,Lucknow,Mobile Web,Furniture
ORD0004891,CUST001193,SELL0516,2026-05-06,18:22:27,2026-05-09,2026-05-09,58341.46,Cash on Delivery,Delivered,,Hyderabad,iOS,Sports
ORD0004892,CUST000593,SELL0712,2026-05-13,12:37:39,2026-05-17,2026-05-22,10244.09,Cash on Delivery,Delayed,Courier Delay,Chennai,Android,Sports
ORD0004893,CUST000557,SELL0956,2026-06-03,23:50:00,2026-06-08,2026-06-09,4262.9,Card,Delivered,,Hyderabad,Mobile Web,Furniture
ORD0004894,CUST001073,SELL0301,2026-05-03,07:31:52,2026-05-09,,56236.78,UPI,Processing,Seller Dispatch Pending,Bengaluru,Mobile Web,Books
ORD0004895,CUST000194,SELL0309,2026-05-18,23:13:36,2026-05-23,2026-05-29,48724.5,Bank Transfer,Returned,Damaged Item,Noida,Android,Fashion
ORD0004896,CUST000196,SELL0616,2026-06-14,16:07:38,2026-06-20,2026-06-19,4709.74,Cash on Delivery,Delivered,,Gurugram,Web,Beauty
ORD0004897,CUST001182,SELL0175,2026-05-14,11:15:26,2026-05-21,2026-06-01,17541.8,Card,Delayed,Seller Dispatch Delay,Bengaluru,Android,Fashion
ORD0004898,CUST000355,SELL0693,2026-06-03,20:47:58,2026-06-05,2026-06-06,28209.87,Bank Transfer,Delivered,,Bengaluru,iOS,Appliances
ORD0004899,CUST000678,SELL0479,2026-05-13,16:42:13,2026-05-18,2026-05-17,30911.87,Wallet,Delivered,,Jaipur,Android,Beauty
ORD0004900,CUST000910,SELL0566,2026-05-08,19:40:30,2026-05-12,2026-05-11,17241.56,UPI,Delivered,,Coimbatore,iOS,Sports
ORD0004901,CUST001001,SELL0708,2026-06-06,02:01:41,2026-06-12,2026-06-12,2955.72,Wallet,Delivered,,Mumbai,iOS,Furniture
ORD0004902,CUST000491,SELL0194,2026-05-25,19:48:58,2026-05-30,2026-06-04,-299.0,Cash on Delivery,Delayed,Weather Delay,Coimbatore,Android,Home
ORD0004903,CUST000131,SELL0368,2026-06-05,05:23:26,2026-06-12,2026-06-14,63542.56,Bank Transfer,Delayed,Last Mile Capacity,Gurugram,iOS,Fashion
ORD0004904,CUST000343,SELL0634,2026-05-28,03:42:02,2026-06-03,2026-06-08,55870.32,Cash on Delivery,Refund Pending,Return Pickup Pending,Pune,Web,Grocery
ORD0004905,CUST000335,SELL0318,2026-05-08,18:18:24,2026-05-11,2026-05-10,35780.33,UPI,Delivered,,Noida,Web,Sports
ORD0004906,CUST000555,SELL0916,2026-05-05,00:22:02,2026-05-07,2026-05-10,11059.04,UPI,Delayed,Last Mile Capacity,Coimbatore,Web,Home
ORD0004907,CUST000415,SELL0836,2026-05-03,02:03:02,2026-05-08,2026-05-17,44085.79,UPI,Delayed,Courier Delay,Hyderabad,Web,Mobiles
ORD0004908,CUST001083,SELL0928,2026-05-16,12:41:19,2026-05-18,2026-05-19,25224.71,Wallet,Delivered,,Pune,iOS,Beauty
ORD0004909,CUST000290,SELL0473,2026-05-03,11:11:05,2026-05-07,2026-05-07,5788.05,Wallet,Delivered,,Nagpur,Mobile Web,Sports
ORD0004910,CUST001111,SELL0746,2026-06-14,18:07:21,2026-06-19,2026-06-19,21796.88,Card,Delivered,,Delhi,Web,Grocery
ORD0004911,CUST000306,SELL0286,2026-05-21,23:44:42,2026-05-25,,44994.14,Bank Transfer,Cancelled,Customer Cancelled,Kochi,iOS,Grocery
ORD0004912,CUST000219,SELL0911,2026-05-13,01:36:48,2026-05-19,,1506.74,Card,Cancelled,Payment Failed,Lucknow,Android,Books
ORD0004913,CUST000345,SELL0905,2026-06-10,12:27:30,2026-06-12,2026-06-11,56392.33,Card,Delivered,,Chennai,Web,Fashion
ORD0004914,CUST001179,SELL0864,2026-05-16,07:24:32,2026-05-23,,63895.11,Cash on Delivery,Processing,Warehouse Delay,Delhi,iOS,Mobiles
ORD0004915,CUST000649,SELL0357,2026-06-01,18:08:25,2026-06-04,,20866.98,UPI,Processing,Address Verification,Jaipur,Web,Beauty
ORD0004916,CUST000063,SELL0350,2026-06-01,03:53:36,2026-06-06,,33263.38,Card,Processing,Address Verification,Coimbatore,iOS,Furniture
ORD0004917,CUST000027,SELL0853,2026-05-23,12:10:11,2026-05-27,2026-05-25,51313.21,Bank Transfer,Delivered,,Kochi,Mobile Web,Beauty
ORD0004918,CUST001089,SELL0468,2026-05-09,19:17:43,2026-05-13,2026-05-19,50321.97,Bank Transfer,Returned,Size Issue,Pune,Android,Sports
ORD0004919,CUST001040,SELL0235,2026-05-26,10:46:15,2026-06-02,2026-06-04,10422.07,Card,Delivered,,Chennai,Mobile Web,Furniture
ORD0004920,CUSTX948198,SELL0249,2026-05-28,19:05:42,2026-06-02,,60573.61,Cash on Delivery,Cancelled,Seller Cancelled,Ahmedabad,iOS,Electronics
ORD0004921,CUST000737,SELL0738,2026-06-11,10:38:51,2026-06-14,2026-06-14,56180.3,Bank Transfer,Delivered,,Jaipur,Mobile Web,Appliances
ORD0004922,CUST000213,SELL0685,2026-05-01,21:34:37,2026-05-05,,,UPI,Cancelled,Payment Failed,Hyderabad,iOS,Books
ORD0004923,CUST000094,SELL0909,2026-06-05,01:22:37,2026-06-12,2026-06-19,17058.97,UPI,Delayed,Seller Dispatch Delay,Ahmedabad,iOS,Fashion
ORD0004924,CUST000291,SELL0280,2026-06-09,13:45:30,2026-06-12,2026-06-16,24380.48,Bank Transfer, Delayed ,Address Issue,Hyderabad,iOS,Mobiles
ORD0004925,CUST000728,SELL0179,2026-06-08,22:53:27,2026-06-14,2026-06-14,7332.52,UPI,Delivered,,Noida,iOS,Beauty
ORD0004926,CUST000404,SELL0272,2026-05-08,19:34:26,2026-05-14,2026-05-16,11041.0,Card,Delivered,,Bengaluru,iOS,Beauty
ORD0004927,CUST000538,SELL0636,2026-05-20,00:11:19,2026-05-23,,11413.07,Cash on Delivery,Cancelled,Customer Cancelled,Bengaluru,Web,Appliances
ORD0004928,CUST000034,SELL0796,2026-05-17,11:01:06,2026-05-23,,47735.53,Bank Transfer,Processing,Warehouse Delay,Kolkata,Web,Grocery
ORD0004929,CUST000033,SELL0781,2026-05-09,01:51:55,2026-05-16,2026-05-17,62035.28,Cash on Delivery,Delivered,,Indore,iOS,Mobiles
ORD0004930,CUST000781,SELL0670,2026-05-09,00:59:45,2026-05-15,2026-05-24,46908.79,Card,Delayed,Seller Dispatch Delay,Lucknow,Mobile Web,Electronics
ORD0004931,CUST001126,SELL0443,2026-05-24,19:49:22,2026-05-31,,42693.04,Cash on Delivery,Cancelled,Payment Failed,Kochi,Mobile Web,Appliances
ORD0004932,CUST000128,SELL0406,2026-06-07,08:02:59,2026-06-10,2026-06-10,46998.64,Card,Delivered,, CHENNAI ,Web,Electronics
ORD0004933,CUST000239,SELL0631,2026-06-10,18:27:59,2026-06-16,2026-06-16,64481.45,Card,Delivered,,Indore,Mobile Web,Appliances
ORD0004934,CUST000855,SELL0977,2026-05-07,20:29:29,2026-05-09,2026-05-10,58127.25,Cash on Delivery,Delivered,,Coimbatore,Web,Sports
ORD0004935,CUST000931,SELL0189,2026-06-09,22:23:24,2026-06-13,2026-06-13,31068.44,Bank Transfer,Delivered,,Ahmedabad,Mobile Web,Fashion
ORD0004936,CUST000585,SELL0734,2026-05-26,10:00:08,2026-06-01,2026-06-01,52962.19,Cash on Delivery,Delivered,,Kolkata,iOS,Appliances
ORD0004937,CUST000798,SELL0086,2026-05-06,21:30:19,2026-31-05,2026-05-09,45368.36,Cash on Delivery,Delivered,,Nagpur,Android,Grocery
ORD0004938,CUST001182,SELL0337,2026-06-04,16:15:47,2026-06-09,2026-06-16,51920.61,Bank Transfer,Refund Pending,Return Pickup Pending,Kochi,Mobile Web,Appliances
ORD0004939,CUST000251,SELL0555,2026-06-01,11:08:51,2026-06-05,2026-06-03,24580.86,Wallet,Delivered,,Coimbatore,iOS,Beauty
ORD0004940,CUST000731,SELL0330,2026-05-07,05:00:43,2026-05-09,2026-05-09,55790.05,Card,Delivered,,Coimbatore,Web,Furniture
ORD0004941,CUST000329,SELL0538,2026-05-14,01:18:24,2026-05-19,2026-05-18,17533.58,Cash on Delivery,Delivered,,Chennai,Web,Mobiles
ORD0004942,CUST000157,SELL0244,2026-05-05,00:43:00,2026-05-11,2026-05-11,28149.48,Wallet,Delivered,,Noida,iOS,Beauty
ORD0004943,CUST001183,SELL0308,2026-05-09,04:06:55,2026-05-12,,21788.67,Wallet,Lost,Package Lost,Indore,Web,Grocery
ORD0004944,CUST000603,SELL0290,2026-06-07,01:08:09,2026-06-10,,24729.45,Bank Transfer,Processing,Warehouse Delay,Pune,Web,Home
ORD0004945,CUST000685,SELL0815,2026-06-05,20:09:33,2026-06-10,2026-06-09,47203.69,Cash on Delivery,Delivered,,Bengaluru,iOS,Grocery
ORD0004946,CUST000234,SELL0067,2026-05-01,05:34:24,2026-05-08,2026-05-09,5985.46,Wallet,Delivered,,Lucknow,Mobile Web,Home
ORD0004947,CUST000886,SELL0169,2026-05-02,08:21:20,2026-05-07,2026-05-14,42583.03,Wallet,Returned,Damaged Item,Kochi,Mobile Web,Fashion
ORD0004948,CUST000624,SELL0722,2026-06-13,14:14:42,2026-06-20,2026-06-19,11693.66,Cash on Delivery,Delivered,,Ahmedabad,Mobile Web,Home
ORD0004949,CUST000607,SELL0752,2026-05-08,12:42:37,2026-05-13,2026-05-13,19241.53,Card,Delivered,,Indore,Android,Home
ORD0004950,CUST000050,SELL0522,2026-06-07,02:46:01,2026-06-13,,13986.15,Cash on Delivery,Cancelled,Seller Cancelled,Mumbai,Mobile Web,Fashion
ORD0004951,CUST000159,SELL0528,2026-06-11,07:02:50,2026-06-17,,49811.89,Wallet,Processing,Address Verification,Mumbai,Web,Appliances
ORD0004952,CUST000435,SELL0167,2026-06-07,08:47:48,2026-06-13,,63279.29,Cash on Delivery,Cancelled,Payment Failed,Pune,Mobile Web,Sports
ORD0004953,CUST000757,SELL0137,2026-05-15,15:39:46,2026-05-19,2026-05-25,24888.05,Bank Transfer,Returned,Customer Return,Chennai,Android,Mobiles
ORD0004954,CUST000646,SELL0109,2026-06-12,01:44:14,2026-06-17,2026-06-17,50657.42,Card,Delivered,,Jaipur,Web,Grocery
ORD0004955,CUST000095,SELL0405,2026-05-22,07:31:25,2026-05-26,2026-05-31,55376.66,Wallet,Delayed,Weather Delay,Pune,iOS,Fashion
ORD0004956,CUST000988,SELL0687,2026-06-06,21:42:37,2026-06-12,,17311.46,Card,Cancelled,Seller Cancelled,Ahmedabad,iOS,Beauty
ORD0004957,CUST000794,SELL0639,2026-05-10,22:19:29,2026-05-17,2026-05-16,39030.24,UPI,Delivered,,Chennai,Web,Sports
ORD0004958,CUST000425,SELL0207,2026-05-12,02:33:43,2026-05-17,2026-05-18,39189.21,Card,Returned,Customer Return,Gurugram,Mobile Web,Home
ORD0004959,CUST000365,SELL0647,2026-05-01,02:46:15,2026-05-04,2026-05-04,14321.52,Card,Delivered,,Coimbatore,Android,Home
ORD0004960,CUST000111,SELL0879,2026-05-31,19:04:12,2026-06-04,2026-06-04,37808.14,UPI,Returned,Customer Return,Hyderabad,Android,Home
ORD0004961,CUST000583,SELL0723,2026-06-03,07:58:39,2026-06-10,2026-06-10,17509.42,UPI,Delivered,,Delhi,Android,Books
ORD0004962,CUST001017,SELL0683,2026-05-07,20:18:01,2026-05-13,2026-05-13,57403.95,Card,Delivered,,Pune,Mobile Web,Books
ORD0004963,CUST000015,SELL0550,2026-05-30,04:09:29,2026-06-05,2026-06-15,31269.85,Cash on Delivery,Delayed,Last Mile Capacity,Indore,iOS,Appliances
ORD0004964,CUST000734,SELL0080,2026-06-02,01:10:12,2026-06-08,2026-06-08,25720.65,Wallet,Delivered,,Pune,Android,Sports
ORD0004965,CUST000953,SELL0596,2026-06-05,04:18:53,2026-06-08,,390.41,UPI,Cancelled,Seller Cancelled,Mumbai,Android,Home
ORD0004966,CUST000006,SELL0996,2026-05-14,02:09:44,2026-05-21,2026-05-21,42913.06,Bank Transfer,Delivered,,Ahmedabad,Mobile Web,Beauty
ORD0004967,CUST001117,SELL0996,2026-06-08,14:33:25,2026-06-15,2026-06-15,51548.52,UPI,Delivered,,Chennai,Android,Beauty
ORD0004968,CUST000354,SELL0283,2026-05-31,12:29:49,2026-06-06,2026-06-17,12441.11,UPI,Delayed,Courier Delay,Jaipur,Mobile Web,Home
ORD0004969,CUST000195,SELL0587,2026-05-02,11:46:31,2026-05-08,2026-05-09,20692.48,Bank Transfer,Delivered,,Jaipur,Mobile Web,Books
ORD0004970,CUST000896,SELL0605,2026-05-07,14:24:02,2026-05-11,2026-05-11,11183.19,Wallet,Delivered,,Chennai,iOS,Grocery
ORD0004971,CUST000856,SELL0388,2026-06-05,10:30:54,2026-06-11,2026-06-11,21269.51,UPI,Delivered,,Nagpur,Mobile Web,Home
ORD0004972,CUST000660,SELL0711,2026-05-23,14:14:06,2026-05-25,,19303.51,Card,Processing,Seller Dispatch Pending,Indore,Web,Fashion
ORD0004973,CUST000506,SELL0246,2026-05-06,18:36:16,2026-05-11,2026-05-12,36994.49,UPI,Delivered,,Nagpur,Web,Mobiles
ORD0004974,CUST000869,SELL0030,2026-05-11,04:51:57,2026-05-18,2026-05-24,41007.14,Cash on Delivery,Returned,Wrong Item,Bengaluru,Mobile Web,Home
ORD0004975,CUST000337,SELL0377,2026-05-14,04:31:32,2026-05-17,,48695.52,UPI, Processing ,Warehouse Delay,Pune,iOS,Electronics
ORD0004976,CUST000029,SELL0172,2026-05-09,00:06:50,2026-05-11,,46144.22,Bank Transfer,Cancelled,Payment Failed,Ahmedabad,Mobile Web,Grocery
ORD0004977,CUST000775,SELL0659,2026-05-23,01:39:48,2026-05-27,2026-05-29,56573.88,Card,Delivered,,Delhi,iOS,Books
ORD0004978,CUST000430,SELL0723,2026-05-04,18:53:21,2026-05-10,2026-05-10,21370.9,UPI,Delivered,,Mumbai,Android,Books
ORD0004979,CUST001029,SELL0814,2026-05-18,13:33:03,2026-05-25,2026-05-29,49653.91,Card,Returned,Damaged Item,Pune,Mobile Web,Sports
ORD0004980,CUST000403,SELL0137,2026-06-14,23:26:58,2026-06-16,2026-06-22,42521.33,Card,Returned,Customer Return,Hyderabad,Mobile Web,Mobiles
ORD0004981,CUST001095,SELL0039,2026-06-07,12:53:10,2026-06-10,2026-06-10,35182.3,Cash on Delivery,Delivered,,Chennai,Android,Books
ORD0004982,CUST000861,SELL0870,2026-05-06,14:02:07,2026-05-10,2026-05-10,10906.97,Card,Delivered,,Lucknow,Web,Mobiles
ORD0004983,CUST000596,SELL0430,2026-06-01,02:46:45,2026-06-08,2026-06-08,35699.35,Bank Transfer,Delivered,,Chennai,iOS,Mobiles
ORD0004984,CUST000211,SELL0428,2026-05-31,08:35:33,2026-06-04,2026-06-04,48157.46,Wallet,Delivered,,Delhi,Mobile Web,Fashion
ORD0004985,CUST001038,SELL0158,2026-06-07,06:29:49,2026-06-11,2026-06-20,59796.61,Wallet,Delayed,Weather Delay,Jaipur,Android,Fashion
ORD0004986,CUST000023,SELL0081,2026-05-14,09:57:34,2026-05-21,2026-05-21,59717.73,Cash on Delivery,Delivered,,Bengaluru,Mobile Web,Sports
ORD0004987,CUST000237,SELL0032,2026-05-24,05:29:07,2026-05-28,2026-06-02,37069.42,Wallet,Delayed,Address Issue,Delhi,iOS,Grocery
ORD0004988,CUST000126,SELL0049,2026-06-01,21:40:51,2026-06-08,2026-06-07,7329.74,UPI,Delivered,,Nagpur,Mobile Web,Mobiles
ORD0004989,CUST001064,SELL0792,2026-05-26,05:59:18,2026-06-02,2026-06-01,44057.04,Cash on Delivery,Delivered,,Pune,Web,Books
ORD0004990,CUST001094,SELL0039,2026-06-04,05:56:19,2026-06-11,,41070.25,Card,Cancelled,Payment Failed,Mumbai,iOS,Books
ORD0004991,CUST000405,SELL0535,2026-05-25,19:05:13,2026-05-27,2026-05-26,59785.88,Bank Transfer,Delivered,,Mumbai,Web,Home
ORD0004992,CUST000387,SELL0286,2026-05-31,10:32:30,2026-06-03,2026-06-03,10048.27,Card,Delivered,,Chennai,Mobile Web,Grocery
ORD0004993,CUST000002,SELL0125,2026-06-03,20:51:21,2026-06-10,,13503.0,Cash on Delivery,Cancelled,Seller Cancelled, DELHI ,Web,Furniture
ORD0004994,CUST000550,SELL0067,2026-05-09,16:25:44,2026-05-15,2026-05-17,36253.25,UPI,REFUND PENDING,Refund Awaited,Chennai,iOS,Home
ORD0004995,CUST001081,SELL0271,2026-06-08,12:00:52,2026-06-13,,22623.93,Card,Cancelled,Payment Failed,Gurugram,Mobile Web,Furniture
ORD0004996,CUST000644,SELL0115,2026-05-15,12:10:20,2026-05-18,,38529.8,Wallet,Processing,Address Verification,Lucknow,Mobile Web,Appliances
ORD0004997,CUST000989,SELL0146,2026-05-20,07:08:14,2026-05-27,2026-05-26,47666.23,UPI,Delivered,,Gurugram,iOS,Fashion
ORD0004998,CUST001024,SELL0052,2026-05-13,19:45:26,2026-05-16,2026-05-16,8343.27,Cash on Delivery,Delivered,,Hyderabad,Web,Home
ORD0004999,CUST000476,SELL0473,2026-06-07,06:52:13,2026-06-09,2026-06-13,27887.47,Wallet,Delayed,Last Mile Capacity,Bengaluru,Mobile Web,Sports
ORD0005000,CUST000515,SELL0358,2026-06-14,21:41:04,2026-06-20,2026-06-20,17144.1,Cash on Delivery,Delivered,,Pune,iOS,Fashion
