ticket_id,order_id,customer_id,ticket_created_date,ticket_status,assigned_team,resolution_time_hours,escalation_flag
TKT000001,ORD0000759,CUST001184,2026-06-17,Open,Logistics Ops,82.0,Yes
TKT000002,ORD0004152,CUSTX954637,2026-05-08,Open,Logistics Ops,92.0,No
TKT000003,ORD0000190,CUST000698,2026-06-16,Pending,Escalation Desk,176.0,Yes
TKT000004,ORD0003682,CUST000079,2026-06-10,Resolved,Support Ops,128.0,No
TKT000005,ORD0003794,CUST000939,2026-06-01,Resolved,Escalation Desk,148.0,Yes
TKT000006,ORD0004750,CUST000999,2026-05-11,In Progress,Refund Ops,73.0,Yes
TKT000007,ORD0004604,CUST000337,2026-05-31,Resolved,Refund Ops,,No
TKT000008,ORD0001181,CUST000215,2026-06-14,Resolved,Support Ops,21.0,No
TKT000009,ORD0004772,CUST000567,2026-06-02,Pending,Seller Ops,118.0,No
TKT000010,ORD0000750,CUST000431,2026-05-12, Pending ,Logistics Ops,41.0,No
TKT000011,ORD0002454,CUST000022,2026-05-02,Pending,Support Ops,40.0,No
TKT000012,ORD0000061,CUST001057,2026-05-05,Pending,Escalation Desk,14.0,No
TKT000013,ORD0004647,CUST000738,2026-06-17,Open,Logistics Ops,82.0,No
TKT000014,ORD0003925,CUST000158,2026-05-25,Closed,Seller Ops,75.0,No
TKT000015,ORD0003923,CUST000682,2026-06-16,Closed,Seller Ops,73.0,No
TKT000016,ORD0004536,CUST001105,2026-06-19,Closed,Refund Ops,,No
TKT000017,ORD0001441,CUST000448,2026-05-23,Open,Seller Ops,86.0,No
TKT000018,ORD0003513,CUST000119,2026-05-01,Resolved,Seller Ops,109.0,No
TKT000019,ORD0004972,CUST000660,2026-05-13,Escalated,Escalation Desk,,No
TKT000020,ORD0000602,CUST000265,2026-05-12,Pending,Refund Ops,40.0,No
TKT000021,ORD0002050,CUST000849,2026-05-15,Closed,City Ops,22.0,Yes
TKT000022,ORD0004467,CUST000661,2026-05-23,Open,Escalation Desk,40.0,Yes
TKT000023,ORD0004390,CUST000945,2026-05-09,Closed,Logistics Ops,116.0,No
TKT000024,ORD0003342,CUST000484,2026-06-02,Resolved,Support Ops,132.0,No
TKT000025,ORD0004660,CUST000898,2026-06-16,Resolved,Seller Ops,26.0,No
TKT000026,ORD0002149,CUST000255,2026-05-12,Resolved,Seller Ops,120.0,Yes
TKT000027,ORD0001762,CUST000671,2026-06-16,Resolved,Refund Ops,107.0,No
TKT000028,ORD0001203,CUST000685,2026-05-31,Resolved,Seller Ops,122.0,No
TKT000029,ORD0001202,CUST001092,2026-05-17,In Progress,Escalation Desk,77.0,No
TKT000030,ORD0002077,CUST001059,2026-05-20,Escalated,Seller Ops,137.0,No
TKT000031,ORD0001068,CUST000612,2026-05-07,In Progress,City Ops,168.0,No
TKT000032,ORD0003743,CUST000649,2026-05-08,Resolved,Refund Ops,15.0,No
TKT000033,ORD0004680,CUST000480,2026-05-19,Escalated,Logistics Ops,,Yes
TKT000034,ORD0004298,CUST000759,2026-05-28,Escalated,Refund Ops,169.0,No
TKT000035,ORD0002133,CUST001080,2026-05-04,Resolved,Support Ops,10.0,No
TKT000036,ORD0003455,CUST000338,2026-05-22,Resolved,City Ops,117.0,No
TKT000037,ORD0004516,CUST000351,2026-05-16,Pending,Seller Ops,26.0,No
TKT000038,ORD0002696,CUST000519,2026-06-07,Resolved,Support Ops,97.0,No
TKT000039,ORD0003621,CUST000634,2026-06-03,In Progress,Logistics Ops,103.0,Yes
TKT000040,ORD0004204,CUST000787,2026-06-15,Pending,City Ops,69.0,No
TKT000041,ORD0003277,CUST000030,2026-05-08,Resolved,Refund Ops,42.0,No
TKT000042,ORD0001864,CUST000594,2026-06-15,Resolved,City Ops,124.0,No
TKT000043,ORD0002192,CUST000186,2026-05-12,Resolved,Logistics Ops,155.0,No
TKT000044,ORD0004981,CUST001095,2026-05-21,Escalated,Refund Ops,132.0,No
TKT000045,ORD0004280,CUST000123,2026-05-05,Resolved,Refund Ops,145.0,No
TKT000046,ORD0001861,CUST000750,2026-06-18,Resolved,Escalation Desk,39.0,No
TKT000047,ORD0002132,CUST000974,2026-05-31,Resolved,Support Ops,48.0,No
TKT000048,ORDX9478271,CUST000739,2026-06-18,Escalated,Logistics Ops,24.0,No
TKT000049,ORD0004277,CUST000129,2026-05-22,Resolved,City Ops,52.0,No
TKT000050,ORD0003597,CUST000368,2026-05-18,Closed,Logistics Ops,101.0,No
TKT000051,ORD0004978,CUST000430,2026-06-09,In Progress,Escalation Desk,73.0,No
TKT000052,ORD0004333,CUST000553,2026-06-20,Resolved,Support Ops,159.0,No
TKT000053,ORD0001576,CUST001151,2026-05-10,Pending,Support Ops,128.0,No
TKT000054,ORD0002834,CUST000833,2026-05-21,In Progress,City Ops,63.0,No
TKT000055,ORD0001019,CUSTX963115,2026-06-05,Open,Support Ops,70.0,No
TKT000056,ORD0001162,CUST000537,2026-05-04,Escalated,Support Ops,94.0,No
TKT000057,ORD0003511,CUST000809,2026-06-01,Closed,City Ops,89.0,No
TKT000058,ORD0000620,CUST000070,2026-05-30,Resolved,City Ops,46.0,No
TKT000059,ORD0001751,CUST000998,2026-05-20,Resolved,Logistics Ops,38.0,Yes
TKT000060,ORD0000869,CUST000201,2026-05-08,Pending,Seller Ops,133.0,Yes
TKT000061,ORD0000264,CUST000916,2026-06-20,Open,Seller Ops,65.0,No
TKT000062,ORD0002709,CUST000844,2026-05-19,In Progress,Refund Ops,69.0,No
TKT000063,ORD0003485,CUST000505,2026-05-21,Closed,Escalation Desk,98.0,Yes
TKT000064,ORD0004451,CUST001165,2026-06-11,Pending,Refund Ops,,No
TKT000065,ORD0002066,CUST000157,2026-06-14,In Progress,Refund Ops,135.0,No
TKT000066,ORD0000373,CUST000536,2026-05-25,Resolved,Support Ops,87.0,Yes
TKT000067,ORD0000295,CUST000114,2026-06-20,Resolved,City Ops,114.0,No
TKT000068,ORD0000051,CUST000104,2026-05-23,Pending,Logistics Ops,172.0,No
TKT000069,ORD0002187,CUST000680,2026-05-20,Pending,Seller Ops,54.0,No
TKT000070,ORD0004950,CUST000050,2026-06-07,Resolved,Logistics Ops,,No
TKT000071,ORDX9248355,CUST000356,2026-05-08,Resolved,Refund Ops,45.0,No
TKT000072,ORD0004705,CUST001090,2026-06-09,Resolved,Logistics Ops,,No
TKT000073,ORD0000824,CUST000437,2026-05-31,Pending,City Ops,,No
TKT000074,ORD0002463,CUST000466,2026-05-05,Resolved,City Ops,98.0,No
TKT000075,ORD0002319,CUST000596,2026-06-19,Resolved,Refund Ops,98.0,No
TKT000076,ORD0001854,CUST000010,2026-05-26,Escalated,Refund Ops,135.0,Yes
TKT000077,ORD0001904,CUST001140,2026-05-10,Closed,City Ops,14.0,No
TKT000078,ORD0001759,CUST000625,2026-05-17,Pending,Logistics Ops,13.0,Yes
TKT000079,ORD0001444,CUST000885,2026-06-04,Closed,Logistics Ops,84.0,No
TKT000080,ORD0004016,CUST001100,2026-06-12,Pending,Support Ops,11.0,No
TKT000081,ORD0002912,CUST000665,2026-05-25,Closed,Support Ops,57.0,No
TKT000082,ORD0004737,CUST000832,2026-05-01,Pending,Refund Ops,22.0,Yes
TKT000083,ORD0004742,CUST000486,2026-05-11,Resolved,Seller Ops,26.0,No
TKT000084,ORD0001616,CUST001152,2026-05-24,Escalated,Escalation Desk,75.0,No
TKT000085,ORD0000771,CUST001043,2026-05-17,Pending,City Ops,65.0,No
TKT000086,ORD0000558,CUST000024,2026-05-20,Escalated,Escalation Desk,7.0,No
TKT000087,ORD0001335,CUST000368,2026-06-05,Pending,Seller Ops,140.0,No
TKT000088,ORD0001611,CUST000400,2026-05-23,Pending,Escalation Desk,84.0,No
TKT000089,ORD0004004,CUST000392,2026-05-04,Resolved,Seller Ops,30.0,No
TKT000090,ORD0001887,CUST000528,2026-06-03,Open,Support Ops,141.0,No
TKT000091,ORD0000026,CUST000800,2026-06-01,Resolved,City Ops,168.0,No
TKT000092,ORD0000327,CUST000727,2026-05-09,Closed,Refund Ops,15.0,No
TKT000093,ORD0000531,CUST000692,2026-05-19,Resolved,Logistics Ops,33.0,No
TKT000094,ORD0000861,CUST000584,2026-05-22,Closed,Support Ops,,No
TKT000095,ORD0001961,CUST000513,2026-06-07,Resolved,Seller Ops,14.0,No
TKT000096,ORD0000855,CUST000317,2026-06-09, Escalated ,Refund Ops,129.0,No
TKT000097,ORD0000026,CUST000800,2026-05-11,In Progress,Logistics Ops,22.0,No
TKT000098,ORD0001584,CUST000754,2026-05-12,Pending,Support Ops,68.0,No
TKT000099,ORD0002452,CUST000847,2026-06-20,Resolved,Seller Ops,,No
TKT000100,ORD0000929,CUST000725,2026-06-13,Resolved,Escalation Desk,60.0,No
TKT000101,ORD0001367,CUST000535,2026-06-06,Pending,Seller Ops,70.0,No
TKT000102,ORD0004732,CUST000283,2026-05-24,Open,Escalation Desk,123.0,No
TKT000103,ORD0003050,CUST000612,2026-05-25,Resolved,Seller Ops,39.0,No
TKT000104,ORD0004057,CUST000214,2026-05-23,Pending,Seller Ops,,Yes
TKT000105,ORD0000233,CUST000797,2026-06-13,In Progress,Logistics Ops,47.0,No
TKT000106,ORD0000345,CUST000680,2026-05-05,Pending,Escalation Desk,77.0,No
TKT000107,ORD0001397,CUST000773,2026-06-11,Resolved,Refund Ops,,No
TKT000108,ORDX9611361,CUST000582,2026-06-09,Open,Support Ops,103.0,No
TKT000109,ORD0002791,CUST000821,2026-06-04,Resolved,Logistics Ops,,No
TKT000110,ORD0003472,CUST000784,2026-06-13,Resolved,Seller Ops,,Yes
TKT000111,ORD0004690,CUST000511,2026-06-19,Open,City Ops,139.0,No
TKT000112,ORD0003306,CUST000767,2026-05-24, Pending ,Refund Ops,118.0,No
TKT000113,ORD0000741,CUST000311,2026-05-21,Open,Refund Ops,79.0,No
TKT000114,ORD0000549,CUST001135,2026-05-21,Open,Seller Ops,51.0,No
TKT000115,ORD0002030,CUST000621,2026-05-06,Resolved,Refund Ops,82.0,Yes
TKT000116,ORD0002094,CUST000622,2026-05-25,Pending,Refund Ops,110.0,No
TKT000117,ORD0001081,CUST000060,2026-05-11,Escalated,Logistics Ops,51.0,No
TKT000118,ORD0000802,CUST000972,2026-05-07,Closed,Support Ops,41.0,No
TKT000119,ORD0003677,CUST000794,2026-06-12,Closed,Seller Ops,,No
TKT000120,ORD0002487,CUST000385,2026-05-27,Escalated,Logistics Ops,120.0,No
TKT000121,ORD0003205,CUST000607,2026-05-26,open,Support Ops,72.0,No
TKT000122,ORD0003854,CUST000976,2026-05-11,Resolved,Escalation Desk,85.0,No
TKT000123,ORD0001173,CUST000389,2026-05-19,Resolved,Seller Ops,177.0,No
TKT000124,ORD0003733,CUST000370,2026-05-31,Resolved,Refund Ops,160.0,No
TKT000125,ORD0001861,CUST000750,2026-06-20,Resolved,Refund Ops,45.0,No
TKT000126,ORD0002593,CUST000453,2026-05-21,Resolved,Seller Ops,17.0,No
TKT000127,ORD0003736,CUST001171,2026-05-09,Closed,Logistics Ops,60.0,No
TKT000128,ORD0000280,CUST000664,2026-05-21,Open,Support Ops,41.0,No
TKT000129,ORD0001874,CUST000914,2026-05-01,Resolved,Refund Ops,24.0,No
TKT000130,ORD0001512,CUST000560,2026-06-17,Resolved,Refund Ops,55.0,No
TKT000131,ORD0000563,CUST000034,2026-05-18,Resolved,Seller Ops,70.0,No
TKT000132,ORD0002331,CUST000968,2026-06-18,In Progress,Refund Ops,70.0,Yes
TKT000133,ORD0000465,CUST001198,2026-05-10,Resolved,Refund Ops,155.0,No
TKT000134,ORD0000505,CUST000285,2026-06-20,In Progress,Escalation Desk,167.0,No
TKT000135,ORD0003134,CUST000993,2026-06-09,Resolved,Seller Ops,136.0,No
TKT000136,ORD0000980,CUST000188,2026-05-29,Resolved,Escalation Desk,41.0,No
TKT000137,ORD0000317,CUST000987,2026-06-08,Resolved,City Ops,,No
TKT000138,ORD0002140,CUST000066,2026-06-09,Open,Escalation Desk,166.0,Yes
TKT000139,ORD0000149,CUST001077,2026-05-13,Closed,Seller Ops,147.0,No
TKT000140,ORD0003716,CUST000044,2026-06-06,In Progress,Support Ops,60.0,Yes
TKT000141,ORD0003170,CUST000419,2026-05-01,In Progress,Support Ops,157.0,No
TKT000142,ORD0000964,CUST000336,2026-05-25,Pending,Escalation Desk,20.0,No
TKT000143,ORD0004832,CUST001070,2026-06-10,Resolved,Refund Ops,48.0,Yes
TKT000144,ORD0002481,CUST000538,2026-05-17,resolved,City Ops,86.0,No
TKT000145,ORD0000198,CUST001127,2026-06-11,Pending,City Ops,94.0,No
TKT000146,ORD0003563,CUST000971,2026-05-01,Closed,Seller Ops,141.0,No
TKT000147,ORD0002543,CUST000510,2026-05-05,Closed,Support Ops,105.0,No
TKT000148,ORD0004904,CUST000343,2026-05-19,Closed,City Ops,34.0,Yes
TKT000149,ORD0000246,CUST001070,2026-06-05,Closed,Support Ops,51.0,No
TKT000150,ORD0004500,CUST000324,2026-06-02,Resolved,Escalation Desk,135.0,No
TKT000151,ORD0002132,CUST000974,2026-05-21,Escalated,City Ops,31.0,No
TKT000152,ORD0001976,CUST001030,2026-05-22,Resolved,City Ops,102.0,No
TKT000153,ORD0000734,CUST001113,2026-05-12,Resolved,Logistics Ops,180.0,No
TKT000154,ORD0004503,CUST000946,2026-06-07,Resolved,Support Ops,39.0,No
TKT000155,ORD0004007,CUST000801,2026-05-15,PENDING,Logistics Ops,109.0,No
TKT000156,ORD0003313,CUST000310,2026-05-01,Resolved,Support Ops,143.0,No
TKT000157,ORD0004252,CUST000136,2026-05-02,Resolved,Seller Ops,50.0,No
TKT000158,ORD0003440,CUST001044,2026-05-30,Pending,Logistics Ops,122.0,No
TKT000159,ORD0001331,CUST000364,2026-05-20,Closed,Seller Ops,175.0,Yes
TKT000160,ORD0000791,CUST001183,2026-05-31,Resolved,Refund Ops,124.0,Yes
TKT000161,ORD0002580,CUST000613,2026-06-04,Resolved,Support Ops,159.0,No
TKT000162,ORD0004067,CUST000761,2026-05-29,Closed,Seller Ops,87.0,No
TKT000163,ORD0003582,CUST000289,2026-06-06,Escalated,Refund Ops,140.0,No
TKT000164,ORD0000544,CUST000815,2026-05-11,Escalated,Seller Ops,139.0,No
TKT000165,ORD0004984,CUST000211,2026-05-07,Open,Refund Ops,115.0,No
TKT000166,ORD0000971,CUST000145,2026-05-09,Pending,Seller Ops,70.0,Yes
TKT000167,ORD0004342,CUST000434,2026-05-27,Pending,Escalation Desk,,No
TKT000168,ORD0000257,CUST000847,2026-06-14,Pending,Seller Ops,123.0,No
TKT000169,ORD0001368,CUST000188,2026-06-03,Escalated,Escalation Desk,130.0,Yes
TKT000170,ORD0000865,CUST000385,2026-06-01,Resolved,Seller Ops,70.0,No
TKT000171,ORD0003778,CUST000382,2026-06-11,Resolved,Refund Ops,162.0,No
TKT000172,ORD0000604,CUST001165,2026-05-03,Closed,City Ops,35.0,No
TKT000173,ORD0000200,CUST001072,2026-05-01,Resolved,Seller Ops,145.0,No
TKT000174,ORD0001903,CUST000671,2026-05-16,In Progress,Escalation Desk,68.0,No
TKT000175,ORD0002125,CUST000223,2026-06-16,Escalated,Seller Ops,162.0,Yes
TKT000176,ORD0002437,CUST000203,2026-06-03,Resolved,Escalation Desk,,No
TKT000177,ORD0000267,CUST000157,2026-05-19,Resolved,Support Ops,159.0,Yes
TKT000178,ORD0002322,CUST000781,2026-05-09, Pending ,Logistics Ops,149.0,No
TKT000179,ORD0002990,CUST000262,2026-06-10,Resolved,Support Ops,126.0,Yes
TKT000180,ORD0001240,CUSTX955313,2026-06-15,Open,Refund Ops,,Yes
TKT000181,ORD0003504,CUST000401,2026-05-20,Escalated,Refund Ops,149.0,No
TKT000182,ORD0004763,CUST001014,2026-06-14,Resolved,Refund Ops,19.0,No
TKT000183,ORD0001040,CUST000804,2026-05-18,Resolved,Support Ops,94.0,Yes
TKT000184,ORD0002769,CUST000085,2026-06-20,Closed,Refund Ops,19.0,No
TKT000185,ORD0001028,CUST001018,2026-06-17,Resolved,Logistics Ops,128.0,No
TKT000186,ORD0000422,CUST000756,2026-06-06,Closed,Escalation Desk,147.0,Yes
TKT000187,ORD0000807,CUST000277,2026-06-16,Pending,Support Ops,47.0,No
TKT000188,ORD0000629,CUST000707,2026-06-07,Pending,Refund Ops,,No
TKT000189,ORD0002304,CUST000898,2026-06-03,Resolved,Refund Ops,146.0,No
TKT000190,ORD0001097,CUST000173,2026-05-20,Resolved,Refund Ops,56.0,Yes
TKT000191,ORD0000536,CUST000969,2026-06-01,Resolved,City Ops,119.0,Yes
TKT000192,ORD0000099,CUST000386,2026-06-06,Escalated,Support Ops,158.0,No
TKT000193,ORD0000540,CUST000210,2026-06-13,Resolved,Escalation Desk,,No
TKT000194,ORD0004926,CUST000404,2026-05-20,Pending,Escalation Desk,37.0,No
TKT000195,ORD0001645,CUST000020,2026-06-17,Escalated,Seller Ops,148.0,No
TKT000196,ORD0001459,CUST000165,2026-06-20,RESOLVED,Seller Ops,52.0,No
TKT000197,ORD0004998,CUST001024,2026-05-10,Resolved,Refund Ops,63.0,No
TKT000198,ORD0003891,CUST000624,2026-05-29,Closed,Seller Ops,56.0,No
TKT000199,ORD0003969,CUST000702,2026-06-18,Pending,Seller Ops,88.0,No
TKT000200,ORD0002297,CUST000866,2026-05-17,Closed,Seller Ops,110.0,No
TKT000201,ORDX9878437,CUST001196,2026-06-08,In Progress,Seller Ops,105.0,No
TKT000202,ORD0003094,CUST000656,2026-05-26,In Progress,Refund Ops,72.0,Yes
TKT000203,ORD0001109,CUST000099,2026-06-01,Resolved,Logistics Ops,100.0,Yes
TKT000204,ORD0002346,CUST000625,2026-05-19,Escalated,City Ops,62.0,No
TKT000205,ORD0004824,CUST000816,2026-06-18,Open,Seller Ops,14.0,No
TKT000206,ORD0001318,CUST000199,2026-05-08,Pending,Escalation Desk,,No
TKT000207,ORD0004380,CUST000709,2026-06-11,Pending,Escalation Desk,31.0,No
TKT000208,ORD0000186,CUST001034,2026-06-14,Resolved,Support Ops,89.0,No
TKT000209,ORD0000502,CUST000295,2026-05-01,Closed,City Ops,55.0,No
TKT000210,ORD0001801,CUST000338,2026-06-05,Escalated,Seller Ops,105.0,No
TKT000211,ORD0004970,CUST000896,2026-05-18,Pending,Seller Ops,96.0,Yes
TKT000212,ORD0004172,CUST000178,2026-05-19,Resolved,Support Ops,126.0,No
TKT000213,ORD0003155,CUST000881,2026-05-24,Pending,City Ops,162.0,No
TKT000214,ORD0001089,CUST001062,2026-05-23,Pending,Refund Ops,93.0,No
TKT000215,ORD0003421,CUST000273,2026-06-18, Resolved ,Support Ops,122.0,No
TKT000216,ORD0002489,CUST000368,2026-05-31,Resolved,City Ops,92.0,Yes
TKT000217,ORD0000407,CUST001073,2026-06-01,Resolved,Seller Ops,144.0,No
TKT000218,ORD0001697,CUST000983,2026-05-30,Escalated,Seller Ops,156.0,No
TKT000219,ORD0002049,CUST000712,2026-05-13,Resolved,Refund Ops,98.0,No
TKT000220,ORD0000590,CUST000027,2026-05-19,In Progress,Support Ops,93.0,No
TKT000221,ORD0002214,CUST000823,2026-06-01,Escalated,Escalation Desk,13.0,No
TKT000222,ORD0000056,CUST000124,2026-06-20,Resolved,Refund Ops,105.0,No
TKT000223,ORD0004339,CUST001022,2026-05-22,Open,Logistics Ops,47.0,No
TKT000224,ORD0001392,CUST001162,2026-05-29,Resolved,Escalation Desk,,No
TKT000225,ORD0002630,CUST000516,2026-06-10,Escalated,City Ops,45.0,No
TKT000226,ORD0003086,CUST001092,2026-05-25,Escalated,Refund Ops,,No
TKT000227,ORD0002043,CUST000807,2026-05-30,Resolved,City Ops,159.0,Yes
TKT000228,ORD0000430,CUST000930,2026-05-10,Escalated,Refund Ops,78.0,No
TKT000229,ORD0001994,CUST000966,2026-05-05,Pending,Seller Ops,70.0,No
TKT000230,ORD0004547,CUST000595,2026-05-10,Escalated,Support Ops,14.0,No
TKT000231,ORD0000742,CUST000681,2026-06-18,Escalated,Seller Ops,,No
TKT000232,ORD0003759,CUST000582,2026-05-15,Escalated,Support Ops,90.0,No
TKT000233,ORD0004878,CUST001143,2026-05-08,Pending,Escalation Desk,131.0,No
TKT000234,ORD0001677,CUST001192,2026-06-20,Pending,City Ops,23.0,Yes
TKT000235,ORD0003066,CUST000404,2026-05-30,Resolved,Escalation Desk,64.0,No
TKT000236,ORD0004571,CUST000398,2026-06-02,Closed,Refund Ops,132.0,No
TKT000237,ORD0000240,CUST000013,2026-05-02,Escalated,Logistics Ops,67.0,No
TKT000238,ORD0003040,CUST000713,2026-05-13,Pending,Support Ops,178.0,No
TKT000239,ORD0003463,CUST000332,2026-05-27,Resolved,Refund Ops,156.0,No
TKT000240,ORD0000072,CUST001186,2026-06-09,Pending,Seller Ops,77.0,No
TKT000241,ORD0003989,CUST000565,2026-05-06,Pending,Support Ops,18.0,No
TKT000242,ORD0001470,CUST000776,2026-05-10,Open,Seller Ops,,No
TKT000243,ORD0003637,CUST000747,2026-06-06,Escalated,Support Ops,96.0,Yes
TKT000244,ORD0002958,CUST000733,2026-05-10,Pending,Escalation Desk,125.0,Yes
TKT000245,ORD0001431,CUST000674,2026-05-24,Pending,Escalation Desk,86.0,No
TKT000246,ORD0003916,CUST000512,2026-06-13,Resolved,Support Ops,56.0,No
TKT000247,ORD0003482,CUST000640,2026-05-08,Escalated,Logistics Ops,,No
TKT000248,ORD0003908,CUST000093,2026-05-10,Pending,Support Ops,125.0,No
TKT000249,ORD0003075,CUST000880,2026-06-13,Pending,City Ops,122.0,Yes
TKT000250,ORD0004553,CUST000929,2026-06-13,Open,City Ops,157.0,No
TKT000251,ORD0002562,CUST000238,2026-06-14,Pending,Logistics Ops,76.0,No
TKT000252,ORD0004736,CUST001144,2026-06-08,Closed,Seller Ops,14.0,Yes
TKT000253,ORD0000964,CUST000336,2026-05-23,Resolved,Seller Ops,39.0,No
TKT000254,ORD0001479,CUST001115,2026-05-04,Pending,Logistics Ops,124.0,Yes
TKT000255,ORD0001218,CUSTX922363,2026-05-07,Escalated,Logistics Ops,110.0,No
TKT000256,ORD0003270,CUST000073,2026-05-24,Escalated,Logistics Ops,89.0,No
TKT000257,ORD0000186,CUST001034,2026-06-09,Escalated,Seller Ops,105.0,No
TKT000258,ORD0002832,CUST000999,2026-06-11,Resolved,Logistics Ops,119.0,No
TKT000259,ORD0000893,CUST000570,2026-06-20,Escalated,City Ops,102.0,No
TKT000260,ORD0001493,CUST000421,2026-05-07,Escalated,Escalation Desk,81.0,No
TKT000261,ORD0003455,CUST000338,2026-05-22,Resolved,City Ops,66.0,Yes
TKT000262,ORD0003291,CUST000280,2026-05-04,In Progress,Seller Ops,124.0,No
TKT000263,ORD0004406,CUST000519,2026-06-07,Open,City Ops,156.0,No
TKT000264,ORD0003283,CUST000800,2026-06-09,Resolved,Support Ops,179.0,No
TKT000265,ORD0003593,CUST000551,2026-05-11,Resolved,City Ops,144.0,No
TKT000266,ORD0000550,CUST000656,2026-05-15,Resolved,Logistics Ops,152.0,No
TKT000267,ORD0002372,CUST000732,2026-05-27,Resolved,Support Ops,69.0,No
TKT000268,ORD0000154,CUST000745,2026-06-19,Pending,Logistics Ops,85.0,Yes
TKT000269,ORD0000232,CUST000903,2026-05-07,Resolved,Support Ops,36.0,No
TKT000270,ORD0004440,CUST000637,2026-05-27,Pending,Logistics Ops,19.0,No
TKT000271,ORD0000535,CUST000983,2026-05-25,Open,Escalation Desk,,No
TKT000272,ORDX9963126,CUST000084,2026-06-14,Escalated,Seller Ops,110.0,No
TKT000273,ORD0000430,CUST000930,2026-06-18,Closed,Seller Ops,41.0,Yes
TKT000274,ORD0004635,CUST000686,2026-05-21,Closed,Support Ops,107.0,Yes
TKT000275,ORD0000449,CUST000803,2026-05-02,Closed,City Ops,83.0,No
TKT000276,ORD0000238,CUST000152,2026-06-17,Pending,City Ops,27.0,Yes
TKT000277,ORD0001779,CUST000635,2026-05-30,Pending,Seller Ops,47.0,No
TKT000278,ORD0001425,CUST000484,2026-06-15,Resolved,City Ops,,No
TKT000279,ORD0000014,CUST000672,2026-06-04,Resolved,Refund Ops,95.0,No
TKT000280,ORD0001790,CUST000711,2026-05-27,Resolved,Escalation Desk,10.0,No
TKT000281,ORD0000164,CUST001118,2026-06-07,Open,Logistics Ops,9.0,No
TKT000282,ORDX9665342,CUST000876,2026-06-08,Resolved,Logistics Ops,33.0,No
TKT000283,ORD0004348,CUST000713,2026-05-28,Resolved,City Ops,14.0,No
TKT000284,ORD0002420,CUST000771,2026-05-14,Pending,Support Ops,,No
TKT000285,ORD0002353,CUST000031,2026-06-20,Resolved,Seller Ops,143.0,No
TKT000286,ORD0002828,CUST000619,2026-05-20,Escalated,City Ops,54.0,No
TKT000287,ORD0001088,CUST000089,2026-05-15,Resolved,Refund Ops,66.0,No
TKT000288,ORD0002588,CUST000056,2026-05-07,Closed,Logistics Ops,84.0,No
TKT000289,ORD0001244,CUST001170,2026-05-07,Pending,Refund Ops,136.0,No
TKT000290,ORD0000547,CUST000484,2026-05-28,Pending,City Ops,137.0,No
TKT000291,ORD0002179,CUST000633,2026-06-05,In Progress,Seller Ops,127.0,No
TKT000292,ORD0003429,CUST000867,2026-05-13,Resolved,Support Ops,157.0,No
TKT000293,ORD0004525,CUST000556,2026-05-16,Pending,Logistics Ops,83.0,No
TKT000294,ORD0000005,CUST001168,2026-05-07,Resolved,City Ops,114.0,No
TKT000295,ORD0004530,CUST000867,2026-05-21,Resolved,Support Ops,112.0,No
TKT000296,ORD0000705,CUST001074,2026-06-16,Resolved,Refund Ops,167.0,No
TKT000297,ORD0001738,CUST000687,2026-05-11,Pending,Refund Ops,117.0,Yes
TKT000298,ORD0002106,CUST000743,2026-06-03,Open,Seller Ops,,No
TKT000299,ORD0002380,CUST000079,2026-06-04,Resolved,City Ops,118.0,No
TKT000300,ORD0001958,CUST000050,2026-05-01,Resolved,Logistics Ops,79.0,No
TKT000301,ORD0003336,CUST000083,2026-05-27,Open,Logistics Ops,104.0,No
TKT000302,ORD0004809,CUST000407,2026-05-04,Resolved,City Ops,107.0,No
TKT000303,ORD0002814,CUST000666,2026-06-20,Resolved,Refund Ops,53.0,No
TKT000304,ORD0000094,CUST000672,2026-06-12,Resolved,Escalation Desk,17.0,No
TKT000305,ORD0001766,CUST001051,2026-06-11,In Progress,Escalation Desk,116.0,No
TKT000306,ORD0002261,CUST000790,2026-05-18,Open,Logistics Ops,,No
TKT000307,ORD0001640,CUST000353,2026-06-15,Pending,Logistics Ops,174.0,No
TKT000308,ORD0003081,CUST000898,2026-05-23,Resolved,Escalation Desk,,No
TKT000309,ORD0004184,CUST000111,2026-06-10,Resolved,Support Ops,179.0,Yes
TKT000310,ORD0000122,CUST000590,2026-05-20,Pending,City Ops,75.0,No
TKT000311,ORD0001329,CUST000747,2026-06-01,Resolved,Seller Ops,48.0,No
TKT000312,ORD0004341,CUST000443,2026-05-23,Closed,Support Ops,120.0,No
TKT000313,ORD0004214,CUST000298,2026-05-06,Resolved,Refund Ops,68.0,No
TKT000314,ORD0003994,CUST000882,2026-05-04,Closed,Escalation Desk,7.0,Yes
TKT000315,ORD0002415,CUST000414,2026-05-31,Resolved,Support Ops,30.0,Yes
TKT000316,ORD0002719,CUST000068,2026-06-04,Open,Seller Ops,95.0,No
TKT000317,ORD0003923,CUST000682,2026-06-17,Closed,City Ops,54.0,No
TKT000318,ORD0004452,CUST000249,2026-05-05,Resolved,City Ops,34.0,No
TKT000319,ORD0001742,CUST000198,2026-06-10,Escalated,Escalation Desk,70.0,No
TKT000320,ORD0001731,CUST000572,2026-06-07,Open,Support Ops,47.0,No
TKT000321,ORD0001636,CUST000488,2026-05-04,Closed,Logistics Ops,64.0,Yes
TKT000322,ORD0001313,CUST000477,2026-05-15,In Progress,Escalation Desk,57.0,Yes
TKT000323,ORD0001117,CUST000518,2026-05-21,Resolved,Support Ops,6.0,No
TKT000324,ORD0002461,CUST000182,2026-05-31,Pending,City Ops,29.0,No
TKT000325,ORD0000770,CUST000825,2026-06-18,Resolved,Escalation Desk,87.0,No
TKT000326,ORD0002778,CUST000617,2026-06-20,Pending,Refund Ops,38.0,No
TKT000327,ORD0001731,CUST000572,2026-05-23,Resolved,Support Ops,58.0,No
TKT000328,ORD0002256,CUST000026,2026-06-13,Resolved,Logistics Ops,73.0,No
TKT000329,ORD0001612,CUST001138,2026-05-23,Closed,Logistics Ops,93.0,No
TKT000330,ORD0002851,CUST000820,2026-05-30,Pending,Refund Ops,138.0,No
TKT000331,ORD0002029,CUST000219,2026-05-31,Pending,Support Ops,116.0,No
TKT000332,ORD0004654,CUST000413,2026-05-29, Escalated ,Support Ops,134.0,No
TKT000333,ORD0003581,CUST000259,2026-05-04,Resolved,Support Ops,151.0,No
TKT000334,ORD0001404,CUST000694,2026-05-10,Closed,Logistics Ops,62.0,No
TKT000335,ORD0000209,CUST000024,2026-05-16,In Progress,Logistics Ops,33.0,No
TKT000336,ORD0002132,CUST000974,2026-05-02,Resolved,Escalation Desk,90.0,No
TKT000337,ORD0000741,CUST000311,2026-06-03,Pending,Seller Ops,23.0,No
TKT000338,ORD0001485,CUST000842,2026-05-16,Resolved,City Ops,91.0,No
TKT000339,ORD0002109,CUST001051,2026-05-20,Resolved,City Ops,145.0,No
TKT000340,ORD0002643,CUST000625,2026-05-20,Resolved,Seller Ops,,No
TKT000341,ORD0003807,CUST000059,2026-05-11,Resolved,Seller Ops,167.0,No
TKT000342,ORD0002384,CUST000103,2026-05-17,Resolved,City Ops,126.0,Yes
TKT000343,ORD0001641,CUST000664,2026-05-31,Open,City Ops,6.0,No
TKT000344,ORD0004978,CUST000430,2026-05-28,Resolved,Escalation Desk,13.0,No
TKT000345,ORD0003813,CUST000968,2026-06-06,Pending,Escalation Desk,149.0,No
TKT000346,ORD0000543,CUST000179,2026-06-16,Resolved,Support Ops,13.0,Yes
TKT000347,ORD0000913,CUST000537,2026-06-07,Open,Seller Ops,,No
TKT000348,ORD0004224,CUST000806,2026-05-24,Pending,Escalation Desk,102.0,No
TKT000349,ORD0004599,CUST000598,2026-06-03,Resolved,Support Ops,90.0,No
TKT000350,ORD0000061,CUST001057,2026-05-07,Resolved,Support Ops,83.0,Yes
TKT000351,ORD0000435,CUST000126,2026-05-25,In Progress,Logistics Ops,40.0,No
TKT000352,ORD0002108,CUST000699,2026-05-23,In Progress,Logistics Ops,50.0,No
TKT000353,ORDX9110383,CUST000548,2026-06-17,Resolved,Seller Ops,107.0,No
TKT000354,ORD0002608,CUST000213,2026-06-04,Open,Support Ops,76.0,Yes
TKT000355,ORD0002313,CUST000640,2026-05-14,Pending,City Ops,47.0,No
TKT000356,ORD0003040,CUST000713,2026-05-18,Closed,Escalation Desk,48.0,Yes
TKT000357,ORD0001496,CUST000436,2026-05-17,Closed,Refund Ops,,No
TKT000358,ORD0002575,CUST000241,2026-06-10,Pending,Logistics Ops,118.0,No
TKT000359,ORD0002191,CUST000945,2026-06-08, Escalated ,City Ops,163.0,Yes
TKT000360,ORD0003821,CUST000361,2026-05-09,Resolved,City Ops,143.0,No
TKT000361,ORD0002053,CUST000349,2026-05-25,Open,City Ops,78.0,No
TKT000362,ORD0002859,CUST000953,2026-06-18,Resolved,City Ops,113.0,Yes
TKT000363,ORD0003541,CUST000532,2026-06-18,Resolved,Support Ops,42.0,No
TKT000364,ORD0004844,CUST001122,2026-05-21,Escalated,Logistics Ops,35.0,No
TKT000365,ORD0001661,CUST000686,2026-06-14,Resolved,City Ops,66.0,No
TKT000366,ORD0000703,CUST001142,2026-05-01,Resolved,Refund Ops,130.0,No
TKT000367,ORD0004217,CUST000800,2026-05-04,Pending,City Ops,149.0,Yes
TKT000368,ORD0000054,CUST000160,2026-06-19,Pending,Logistics Ops,141.0,No
TKT000369,ORD0002719,CUST000068,2026-05-04,Open,City Ops,115.0,No
TKT000370,ORD0002202,CUST000934,2026-06-07,Open,Logistics Ops,68.0,Yes
TKT000371,ORD0003026,CUST000584,2026-05-12,Pending,Seller Ops,44.0,No
TKT000372,ORD0002129,CUST000919,2026-05-28,Pending,Seller Ops,141.0,No
TKT000373,ORD0001080,CUST000838,2026-05-09,Resolved,City Ops,140.0,No
TKT000374,ORD0004688,CUST000065,2026-05-06,Escalated,Support Ops,,No
TKT000375,ORD0004816,CUST001018,2026-05-22,Resolved,Seller Ops,122.0,No
TKT000376,ORD0000366,CUST000099,2026-06-14,Pending,Escalation Desk,120.0,No
TKT000377,ORD0000215,CUST000768,2026-05-17,Resolved,Support Ops,147.0,Yes
TKT000378,ORD0000887,CUST000390,2026-06-15,Pending,Seller Ops,9.0,No
TKT000379,ORD0001143,CUST000757,2026-06-18,Resolved,Logistics Ops,157.0,No
TKT000380,ORD0002463,CUST000466,2026-06-19,Pending,Escalation Desk,140.0,No
TKT000381,ORD0000728,CUST000731,2026-05-20,Resolved,Logistics Ops,162.0,No
TKT000382,ORD0002324,CUST000130,2026-05-10,Open,Refund Ops,,Yes
TKT000383,ORD0002009,CUST000127,2026-05-07,Open,City Ops,136.0,No
TKT000384,ORD0004026,CUST000818,2026-05-08,Resolved,Support Ops,,No
TKT000385,ORD0003042,CUST000866,2026-06-07,Resolved,City Ops,65.0,No
TKT000386,ORD0000265,CUST000932,2026-05-03,Resolved,Logistics Ops,162.0,No
TKT000387,ORD0001814,CUST000143,2026-05-08,Resolved,Refund Ops,155.0,No
TKT000388,ORD0001328,CUST000757,2026-05-13,Escalated,Logistics Ops,,No
TKT000389,ORD0002330,CUST000907,2026-05-04,Resolved,City Ops,175.0,No
TKT000390,ORD0000693,CUST000512,2026-06-16,Resolved,City Ops,165.0,No
TKT000391,ORD0002436,CUST001011,2026-06-08,Resolved,Support Ops,122.0,No
TKT000392,ORD0001794,CUST000361,2026-05-06,Resolved,Refund Ops,,Yes
TKT000393,ORD0000314,CUST000550,2026-05-29,Resolved,Logistics Ops,139.0,No
TKT000394,ORD0004726,CUST000973,2026-05-15,Resolved,Logistics Ops,117.0,No
TKT000395,ORD0002486,CUST000201,2026-05-25,Closed,Seller Ops,45.0,No
TKT000396,ORD0000774,CUST000477,2026-05-25,Open,City Ops,104.0,No
TKT000397,ORD0003087,CUST000772,2026-05-14,Resolved,Refund Ops,55.0,No
TKT000398,ORD0000568,CUST000208,2026-05-09,Escalated,City Ops,139.0,Yes
TKT000399,ORD0002098,CUST000098,2026-05-19,Resolved,Escalation Desk,,No
TKT000400,ORD0000805,CUST000870,2026-06-06,Pending,Support Ops,96.0,No
TKT000401,ORD0001879,CUST000874,2026-05-07,Escalated,Refund Ops,142.0,Yes
TKT000402,ORD0000888,CUST000213,2026-05-15,Open,Seller Ops,99.0,No
TKT000403,ORD0004836,CUST000137,2026-05-02,Escalated,Support Ops,142.0,No
TKT000404,ORD0002574,CUST000544,2026-06-18,Resolved,Seller Ops,57.0,No
TKT000405,ORD0000874,CUST000326,2026-05-06,Resolved,Logistics Ops,166.0,Yes
TKT000406,ORD0000097,CUST000125,2026-05-30,Closed,Logistics Ops,155.0,No
TKT000407,ORD0001993,CUST000973,2026-05-16,Pending,Refund Ops,8.0,Yes
TKT000408,ORD0000900,CUST000305,2026-05-29,Pending,Refund Ops,57.0,No
TKT000409,ORD0004832,CUST001070,2026-06-19,Closed,Refund Ops,21.0,No
TKT000410,ORD0002663,CUST000685,2026-06-18,Pending,Refund Ops,145.0,No
TKT000411,ORD0002529,CUST000719,2026-06-19,Closed,Escalation Desk,133.0,No
TKT000412,ORD0002171,CUST000551,2026-06-06,Escalated,Escalation Desk,152.0,No
TKT000413,ORD0003389,CUST000764,2026-06-05,Closed,Refund Ops,153.0,Yes
TKT000414,ORD0002857,CUST000672,2026-06-17,Resolved,Escalation Desk,,Yes
TKT000415,ORD0004249,CUST000118,2026-05-22,Resolved,Logistics Ops,143.0,No
TKT000416,ORD0004973,CUST000506,2026-05-01,Pending,Escalation Desk,48.0,No
TKT000417,ORD0003360,CUST000699,2026-06-10,Resolved,Escalation Desk,24.0,No
TKT000418,ORD0002619,CUST001116,2026-05-06,Closed,Refund Ops,42.0,No
TKT000419,ORD0002283,CUST001110,2026-06-16,Closed,City Ops,98.0,Yes
TKT000420,ORD0002919,CUST000756,2026-05-28,Resolved,Logistics Ops,166.0,No
TKT000421,ORD0003258,CUST000721,2026-05-27,Pending,Seller Ops,44.0,No
TKT000422,ORD0001229,CUST000905,2026-05-15,Resolved,Support Ops,,No
TKT000423,ORD0004616,CUST000129,2026-05-02,Pending,Seller Ops,17.0,No
TKT000424,ORD0002557,CUST000071,2026-05-25,Resolved,Escalation Desk,133.0,No
TKT000425,ORD0004430,CUST001174,2026-05-03,Pending,City Ops,,No
TKT000426,ORD0003475,CUST000570,2026-05-03,Escalated,Support Ops,111.0,No
TKT000427,ORD0000336,CUST000436,2026-05-16,Open,Seller Ops,16.0,No
TKT000428,ORD0002385,CUST001000,2026-05-06,CLOSED,Escalation Desk,112.0,No
TKT000429,ORD0003788,CUST000638,2026-06-17,In Progress,Escalation Desk,106.0,No
TKT000430,ORD0004883,CUST000388,2026-05-12,Pending,Seller Ops,154.0,No
TKT000431,ORD0003270,CUST000073,2026-05-05,Pending,Support Ops,85.0,Yes
TKT000432,ORD0000879,CUST000762,2026-05-05,Resolved,Support Ops,30.0,No
TKT000433,ORD0001803,CUST000580,2026-05-22,In Progress,Support Ops,43.0,Yes
TKT000434,ORD0001354,CUST000419,2026-06-09,Closed,Logistics Ops,,No
TKT000435,ORD0001824,CUST000641,2026-06-15,Pending,City Ops,57.0,No
TKT000436,ORD0003677,CUST000794,2026-06-18,Open,City Ops,74.0,No
TKT000437,ORD0001255,CUST000774,2026-06-10,Resolved,Logistics Ops,175.0,No
TKT000438,ORD0003217,CUST000729,2026-05-12,In Progress,Seller Ops,171.0,No
TKT000439,ORD0004128,CUST000758,2026-05-14,Resolved,City Ops,166.0,No
TKT000440,ORD0001384,CUST000100,2026-05-12,Resolved,Logistics Ops,20.0,No
TKT000441,ORD0002030,CUST000621,2026-06-13,Resolved,Seller Ops,67.0,No
TKT000442,ORD0000780,CUST000417,2026-06-19,Resolved,Support Ops,21.0,No
TKT000443,ORD0000436,CUST001127,2026-06-13,Pending,Seller Ops,65.0,No
TKT000444,ORD0003418,CUST000610,2026-05-31,Resolved,Refund Ops,85.0,No
TKT000445,ORD0002144,CUST000656,2026-05-06,Escalated,City Ops,138.0,No
TKT000446,ORD0001389,CUST001024,2026-06-07,Closed,Escalation Desk,30.0,No
TKT000447,ORD0003195,CUST000563,2026-06-05,Closed,Seller Ops,75.0,No
TKT000448,ORD0004275,CUST000490,2026-06-10,Resolved,Refund Ops,45.0,No
TKT000449,ORD0004789,CUST000091,2026-05-09,Resolved,Logistics Ops,81.0,No
TKT000450,ORD0001244,CUST001170,2026-05-25,In Progress,Refund Ops,172.0,No
TKT000451,ORD0003202,CUST000548,2026-05-29,Closed,Logistics Ops,,No
TKT000452,ORD0004334,CUST001063,2026-06-01,Escalated,Escalation Desk,144.0,No
TKT000453,ORD0001728,CUST001191,2026-06-16,Open,Support Ops,134.0,No
TKT000454,ORDX9662454,CUST001162,2026-06-14,Resolved,Support Ops,89.0,Yes
TKT000455,ORD0004608,CUST000291,2026-05-16,Closed,Refund Ops,,No
TKT000456,ORD0004851,CUST000179,2026-06-01,In Progress,City Ops,18.0,No
TKT000457,ORD0004032,CUST000910,2026-06-02,Resolved,Escalation Desk,115.0,No
TKT000458,ORD0000556,CUST000583,2026-05-20,Escalated,Escalation Desk,24.0,No
TKT000459,ORD0004620,CUST000177,2026-05-22,Resolved,City Ops,179.0,Yes
TKT000460,ORD0002616,CUST000558,2026-05-12,Pending,Logistics Ops,123.0,Yes
TKT000461,ORD0003037,CUST000734,2026-05-08,Closed,Logistics Ops,164.0,No
TKT000462,ORD0004927,CUST000538,2026-06-19,Resolved,Seller Ops,40.0,No
TKT000463,ORD0003127,CUST000381,2026-06-13,Resolved,Seller Ops,9.0,No
TKT000464,ORD0001675,CUST001070,2026-06-11,Closed,Support Ops,180.0,No
TKT000465,ORD0004097,CUST000327,2026-06-20,Pending,Logistics Ops,,No
TKT000466,ORD0001976,CUST001030,2026-05-15,Escalated,Escalation Desk,15.0,Yes
TKT000467,ORD0002005,CUST000380,2026-05-01,Pending,City Ops,,No
TKT000468,ORD0001443,CUST000224,2026-06-19,Escalated,Support Ops,,No
TKT000469,ORD0003821,CUST000361,2026-06-16,Escalated,Refund Ops,93.0,No
TKT000470,ORD0002931,CUST000923,2026-05-07,Pending,Logistics Ops,42.0,No
TKT000471,ORD0003853,CUST001092,2026-05-16,Resolved,City Ops,26.0,No
TKT000472,ORD0001297,CUST000565,2026-05-22,Resolved,Seller Ops,124.0,No
TKT000473,ORD0003338,CUST001154,2026-05-05,Resolved,Seller Ops,164.0,No
TKT000474,ORD0003121,CUST000102,2026-05-18,In Progress,Refund Ops,23.0,No
TKT000475,ORD0002531,CUST000285,2026-05-02,Pending,City Ops,,No
TKT000476,ORD0002385,CUST001000,2026-06-20,Resolved,Seller Ops,78.0,No
TKT000477,ORD0002658,CUST000741,2026-06-06,Resolved,Logistics Ops,,No
TKT000478,ORD0004358,CUST001159,2026-06-05,Escalated,Support Ops,63.0,Yes
TKT000479,ORD0003630,CUST000830,2026-06-04,Pending,Support Ops,85.0,No
TKT000480,ORD0004498,CUST000263,2026-05-21,Resolved,Support Ops,128.0,No
TKT000481,ORD0002168,CUST000511,2026-06-14,Pending,Refund Ops,92.0,No
TKT000482,ORD0001229,CUST000905,2026-06-20,Pending,Logistics Ops,53.0,No
TKT000483,ORD0000360,CUST000746,2026-06-17,Pending,Refund Ops,176.0,No
TKT000484,ORD0004001,CUST000187,2026-06-11,Closed,Refund Ops,89.0,Yes
TKT000485,ORD0000561,CUST000234,2026-06-07,Escalated,Escalation Desk,56.0,No
TKT000486,ORD0001600,CUST001126,2026-06-02,Pending,City Ops,141.0,No
TKT000487,ORD0001705,CUST000812,2026-06-16,Resolved,Refund Ops,93.0,No
TKT000488,ORD0001012,CUST000932,2026-06-18,Closed,Escalation Desk,177.0,No
TKT000489,ORD0001736,CUST000920,2026-05-18,In Progress,Refund Ops,98.0,No
TKT000490,ORD0004731,CUST001119,2026-05-07,Pending,Refund Ops,18.0,Yes
TKT000491,ORD0003307,CUST000879,2026-05-16,Pending,Logistics Ops,,No
TKT000492,ORD0004287,CUST000580,2026-06-10,Pending,Refund Ops,36.0,No
TKT000493,ORD0001821,CUST000204,2026-06-17,Resolved,Seller Ops,55.0,No
TKT000494,ORD0003294,CUST000950,2026-06-15,Resolved,Refund Ops,136.0,No
TKT000495,ORD0001930,CUST001023,2026-06-06,Resolved,Logistics Ops,136.0,No
TKT000496,ORD0001181,CUST000215,2026-05-29,Resolved,City Ops,60.0,No
TKT000497,ORD0003776,CUST000274,2026-06-20,Closed,Refund Ops,138.0,Yes
TKT000498,ORD0001436,CUST000644,2026-06-01,Resolved,City Ops,137.0,No
TKT000499,ORD0004795,CUST000176,2026-06-01,Open,Seller Ops,52.0,No
TKT000500,ORD0001327,CUST000624,2026-05-19,Resolved,Logistics Ops,138.0,Yes
TKT000501,ORD0003559,CUST000132,2026-05-20, Resolved ,Refund Ops,12.0,No
TKT000502,ORD0001882,CUST001055,2026-05-14,Open,Support Ops,115.0,No
TKT000503,ORD0002203,CUST000008,2026-06-10,Resolved,Support Ops,164.0,No
TKT000504,ORD0003395,CUST000744,2026-05-23,Resolved,City Ops,98.0,No
TKT000505,ORD0000459,CUST000829,2026-05-02,Resolved,Support Ops,18.0,No
TKT000506,ORD0001049,CUST001093,2026-06-08,Escalated,Logistics Ops,116.0,No
TKT000507,ORD0002823,CUST000361,2026-05-29,Resolved,City Ops,67.0,No
TKT000508,ORD0003075,CUST000880,2026-05-09,Escalated,Refund Ops,71.0,No
TKT000509,ORD0003468,CUST000503,2026-06-14,Pending,Support Ops,91.0,No
TKT000510,ORD0003997,CUST000034,2026-06-14,Escalated,Refund Ops,75.0,No
TKT000511,ORD0001595,CUST000857,2026-06-10,Resolved,Seller Ops,79.0,No
TKT000512,ORD0003389,CUST000764,2026-06-12,Resolved,City Ops,94.0,No
TKT000513,ORD0001599,CUST000356,2026-05-09,Escalated,Escalation Desk,168.0,No
TKT000514,ORD0001124,CUST001102,2026-06-10,Pending,Logistics Ops,164.0,Yes
TKT000515,ORD0004008,CUST001105,2026-06-19,Escalated,Support Ops,86.0,No
TKT000516,ORD0000820,CUST001160,2026-05-05,Closed,Support Ops,92.0,No
TKT000517,ORD0002779,CUST000332,2026-05-02,In Progress,Refund Ops,19.0,No
TKT000518,ORD0004402,CUST000642,2026-05-15,Resolved,Logistics Ops,143.0,No
TKT000519,ORD0001242,CUST000533,2026-05-02,In Progress,Seller Ops,117.0,No
TKT000520,ORD0000450,CUST000356,2026-06-01,In Progress,Logistics Ops,41.0,No
TKT000521,ORD0004181,CUST001148,2026-05-15,Pending,Logistics Ops,164.0,No
TKT000522,ORD0004815,CUST000218,2026-05-31,Escalated,Seller Ops,81.0,No
TKT000523,ORD0004727,CUST000937,2026-05-28,Escalated,Escalation Desk,76.0,No
TKT000524,ORD0004763,CUST001014,2026-06-16,Resolved,Escalation Desk,52.0,No
TKT000525,ORD0002108,CUST000699,2026-05-14,Closed,Escalation Desk,50.0,No
TKT000526,ORD0002116,CUST000033,2026-06-05,Escalated,Refund Ops,155.0,Yes
TKT000527,ORD0001463,CUST000507,2026-05-04,Pending,City Ops,49.0,Yes
TKT000528,ORD0003989,CUST000565,2026-06-03,Pending,Seller Ops,148.0,No
TKT000529,ORD0003816,CUST000047,2026-06-15,Open,Logistics Ops,84.0,Yes
TKT000530,ORD0003132,CUST000046,2026-06-03,Escalated,Refund Ops,61.0,No
TKT000531,ORD0002861,CUST001046,2026-06-11,In Progress,Escalation Desk,77.0,No
TKT000532,ORD0001381,CUST000099,2026-05-15,Resolved,Logistics Ops,150.0,No
TKT000533,ORD0002112,CUST000238,2026-05-23,Pending,Logistics Ops,48.0,No
TKT000534,ORD0000041,CUST000201,2026-05-08,Pending,City Ops,,No
TKT000535,ORD0004182,CUST000468,2026-05-11,Escalated,Logistics Ops,18.0,No
TKT000536,ORD0000588,CUST000587,2026-05-18,Closed,Seller Ops,71.0,No
TKT000537,ORD0004181,CUST001148,2026-06-17,Resolved,Support Ops,,No
TKT000538,ORD0002165,CUST000706,2026-05-10,Escalated,Seller Ops,20.0,No
TKT000539,ORD0003755,CUST000228,2026-05-19,Pending,Seller Ops,,No
TKT000540,ORD0004708,CUST000449,2026-05-17,Escalated,Logistics Ops,116.0,No
TKT000541,ORD0003916,CUST000512,2026-06-02,Pending,City Ops,128.0,No
TKT000542,ORD0001226,CUST000770,2026-06-14,Open,Seller Ops,174.0,Yes
TKT000543,ORD0002359,CUST000809,2026-05-03,Closed,Support Ops,120.0,No
TKT000544,ORD0001831,CUST001150,2026-06-03,Resolved,Seller Ops,113.0,No
TKT000545,ORD0001543,CUST000085,2026-05-25,Open,Escalation Desk,120.0,No
TKT000546,ORD0000593,CUST000797,2026-05-24,Pending,Support Ops,104.0,No
TKT000547,ORD0003752,CUST000931,2026-05-31,Resolved,Refund Ops,140.0,Yes
TKT000548,ORD0003715,CUST000622,2026-05-22,Resolved,Refund Ops,180.0,No
TKT000549,ORD0000952,CUST000692,2026-06-12,Resolved,Logistics Ops,40.0,No
TKT000550,ORD0002853,CUST001153,2026-05-30,Resolved,Logistics Ops,164.0,No
TKT000551,ORD0003698,CUST000375,2026-05-15,Closed,Escalation Desk,133.0,No
TKT000552,ORD0003140,CUST000426,2026-05-14,Resolved,Refund Ops,49.0,Yes
TKT000553,ORD0003875,CUST000346,2026-06-19,In Progress,Support Ops,49.0,No
TKT000554,ORD0002710,CUST000359,2026-05-28,Closed,Escalation Desk,109.0,No
TKT000555,ORD0004758,CUST000037,2026-05-13,Resolved,Logistics Ops,59.0,No
TKT000556,ORD0003284,CUST000284,2026-05-18,Open,Support Ops,76.0,No
TKT000557,ORD0000776,CUST000431,2026-06-17,Escalated,Support Ops,63.0,No
TKT000558,ORD0000660,CUST000117,2026-05-19,Pending,Refund Ops,76.0,No
TKT000559,ORD0003106,CUST001165,2026-05-04,In Progress,Support Ops,73.0,Yes
TKT000560,ORD0000829,CUST000274,2026-05-26,Pending,Refund Ops,63.0,Yes
TKT000561,ORD0001539,CUST001025,2026-05-03,Resolved,City Ops,55.0,No
TKT000562,ORD0002836,CUST001104,2026-06-18,Pending,Logistics Ops,178.0,No
TKT000563,ORD0001862,CUST000641,2026-06-13,Open,City Ops,127.0,No
TKT000564,ORD0003222,CUST000805,2026-06-10,Escalated,Support Ops,,No
TKT000565,ORD0000079,CUST000414,2026-06-01,Resolved,Seller Ops,75.0,No
TKT000566,ORD0000519,CUST000313,2026-05-27,Resolved,Seller Ops,30.0,No
TKT000567,ORD0001085,CUST001004,2026-05-07,Resolved,Escalation Desk,26.0,No
TKT000568,ORD0001671,CUST000571,2026-06-06,Resolved,Refund Ops,136.0,Yes
TKT000569,ORD0004275,CUST000490,2026-05-24,Pending,Escalation Desk,98.0,Yes
TKT000570,ORD0001608,CUST000821,2026-06-10,Escalated,Support Ops,112.0,Yes
TKT000571,ORD0003088,CUST000207,2026-05-31,Pending,Escalation Desk,46.0,Yes
TKT000572,ORD0004294,CUST001039,2026-05-15,Resolved,Refund Ops,120.0,Yes
TKT000573,ORD0002129,CUST000919,2026-05-18,Escalated,Escalation Desk,166.0,No
TKT000574,ORD0001471,CUST000529,2026-05-07,Resolved,Seller Ops,19.0,No
TKT000575,ORD0002602,CUST000995,2026-05-21,Escalated,Logistics Ops,43.0,No
TKT000576,ORD0003103,CUST000682,2026-05-21,Pending,Refund Ops,,No
TKT000577,ORD0001111,CUST000560,2026-05-26,Pending,Refund Ops,41.0,No
TKT000578,ORD0002263,CUST000003,2026-06-14,resolved,Seller Ops,152.0,No
TKT000579,ORD0003297,CUST000512,2026-05-09,In Progress,Seller Ops,144.0,No
TKT000580,ORD0000016,CUST000390,2026-06-10,Resolved,Logistics Ops,60.0,No
TKT000581,ORD0001709,CUST000497,2026-06-17,Pending,Refund Ops,79.0,No
TKT000582,ORD0003297,CUST000512,2026-06-05,Escalated,Escalation Desk,170.0,Yes
TKT000583,ORD0000530,CUST001108,2026-05-08,In Progress,City Ops,,No
TKT000584,ORD0002674,CUST000536,2026-05-01,Open,City Ops,153.0,No
TKT000585,ORD0001048,CUST001157,2026-06-17,Open,City Ops,15.0,No
TKT000586,ORD0004177,CUST000974,2026-06-10,Closed,Refund Ops,,No
TKT000587,ORD0004386,CUST000993,2026-05-05,Closed,Seller Ops,,No
TKT000588,ORD0001712,CUST000662,2026-05-01,Pending,Seller Ops,142.0,No
TKT000589,ORD0001166,CUST000716,2026-06-14,Pending,Support Ops,146.0,No
TKT000590,ORDX9792478,CUST000758,2026-06-08,Escalated,Logistics Ops,64.0,Yes
TKT000591,ORD0004036,CUST001019,2026-05-21,Resolved,Escalation Desk,160.0,Yes
TKT000592,ORD0002012,CUST000476,2026-06-15,Resolved,Seller Ops,108.0,No
TKT000593,ORD0002361,CUST000786,2026-05-01,Resolved,Seller Ops,54.0,No
TKT000594,ORD0003605,CUST001013,2026-05-07,Pending,Logistics Ops,44.0,No
TKT000595,ORD0003987,CUST000412,2026-05-05,Escalated,Support Ops,22.0,No
TKT000596,ORD0004565,CUST000991,2026-05-29,Resolved,City Ops,12.0,No
TKT000597,ORD0004459,CUST000237,2026-05-21,Closed,Seller Ops,152.0,No
TKT000598,ORD0003863,CUST000348,2026-05-04,Resolved,Support Ops,151.0,Yes
TKT000599,ORD0004683,CUST000434,2026-05-11,Resolved,Refund Ops,169.0,No
TKT000600,ORD0000182,CUST000988,2026-05-27,Closed,Logistics Ops,,No
TKT000601,ORD0000153,CUST000562,2026-05-03,Pending,Logistics Ops,53.0,No
TKT000602,ORD0002509,CUST000804,2026-05-27,Pending,Logistics Ops,101.0,No
TKT000603,ORD0000931,CUST000929,2026-05-04,Closed,Refund Ops,82.0,Yes
TKT000604,ORD0003921,CUSTX950672,2026-05-15,Pending,City Ops,129.0,No
TKT000605,ORD0002498,CUST000523,2026-05-04,Resolved,Support Ops,133.0,No
TKT000606,ORD0002182,CUST000905,2026-05-29,Open,Support Ops,47.0,No
TKT000607,ORD0001671,CUST000571,2026-06-02,Closed,Support Ops,166.0,No
TKT000608,ORD0004947,CUST000886,2026-05-10,Open,City Ops,26.0,No
TKT000609,ORD0002068,CUST000781,2026-05-07,Pending,Escalation Desk,38.0,No
TKT000610,ORD0004970,CUST000896,2026-05-22,Pending,Refund Ops,97.0,Yes
TKT000611,ORD0003527,CUST000076,2026-06-19,Pending,Seller Ops,175.0,No
TKT000612,ORD0004145,CUST000256,2026-05-28,Escalated,Logistics Ops,146.0,No
TKT000613,ORD0003076,CUST000500,2026-05-13,Pending,Refund Ops,35.0,No
TKT000614,ORD0003398,CUST001196,2026-05-18,Pending,Escalation Desk,97.0,No
TKT000615,ORD0002732,CUST000220,2026-05-09,Resolved,Refund Ops,156.0,No
TKT000616,ORD0001959,CUST000919,2026-05-28,Escalated,City Ops,112.0,No
TKT000617,ORD0001863,CUST000510,2026-06-11,Resolved,Seller Ops,112.0,Yes
TKT000618,ORD0004300,CUST001077,2026-06-02,Resolved,Support Ops,34.0,No
TKT000619,ORD0001319,CUST000423,2026-06-20,Pending,Escalation Desk,125.0,No
TKT000620,ORD0003380,CUSTX903985,2026-05-31,Resolved,Support Ops,85.0,No
TKT000621,ORD0004869,CUST000039,2026-05-19,Open,Refund Ops,72.0,No
TKT000622,ORD0003696,CUST000395,2026-05-05,Open,Logistics Ops,31.0,Yes
TKT000623,ORD0001050,CUST000982,2026-06-19,Escalated,Refund Ops,131.0,No
TKT000624,ORD0000520,CUST000143,2026-05-11,Resolved,Support Ops,176.0,No
TKT000625,ORD0002171,CUST000551,2026-06-09,RESOLVED,City Ops,22.0,No
TKT000626,ORD0004106,CUST000361,2026-06-09,Pending,Seller Ops,117.0,No
TKT000627,ORD0001478,CUST000599,2026-05-11,Escalated,Logistics Ops,95.0,Yes
TKT000628,ORD0001013,CUST000002,2026-05-30,Resolved,Seller Ops,36.0,Yes
TKT000629,ORD0004675,CUST000549,2026-06-01,Open,Escalation Desk,70.0,No
TKT000630,ORD0004560,CUST000028,2026-05-13,Resolved,Support Ops,168.0,No
TKT000631,ORD0003504,CUST000401,2026-06-12,Resolved,Refund Ops,25.0,No
TKT000632,ORD0004094,CUST000528,2026-05-02,In Progress,Escalation Desk,52.0,No
TKT000633,ORD0000590,CUST001050,2026-06-17,Pending,Seller Ops,175.0,No
TKT000634,ORD0001641,CUST000664,2026-05-03,Resolved,Logistics Ops,96.0,No
TKT000635,ORD0003149,CUST000270,2026-06-03,Open,Logistics Ops,38.0,No
TKT000636,ORD0001248,CUST000469,2026-06-14,Closed,Seller Ops,,No
TKT000637,ORD0001793,CUST000407,2026-06-13,Resolved,Support Ops,71.0,No
TKT000638,ORD0000441,CUST001075,2026-05-17,Open,Logistics Ops,81.0,Yes
TKT000639,ORD0002320,CUST000164,2026-06-02,In Progress,Seller Ops,50.0,No
TKT000640,ORD0003224,CUST000403,2026-06-05,Resolved,Seller Ops,35.0,No
TKT000641,ORD0002213,CUST000671,2026-06-02,Resolved,Logistics Ops,29.0,No
TKT000642,ORD0004590,CUST000483,2026-05-06,Pending,Refund Ops,118.0,No
TKT000643,ORD0003384,CUST001088,2026-05-17,open,Logistics Ops,72.0,No
TKT000644,ORD0000356,CUST001126,2026-06-17,Closed,Support Ops,105.0,No
TKT000645,ORD0003044,CUST001016,2026-06-06,Resolved,Escalation Desk,47.0,No
TKT000646,ORD0000215,CUST000768,2026-06-13,Escalated,Escalation Desk,16.0,No
TKT000647,ORD0003810,CUST000371,2026-06-14,Escalated,Logistics Ops,173.0,Yes
TKT000648,ORD0003221,CUST000029,2026-05-27,Pending,Escalation Desk,172.0,Yes
TKT000649,ORD0001125,CUST000004,2026-06-04,Pending,Seller Ops,138.0,No
TKT000650,ORD0000343,CUST000322,2026-05-05,Resolved,Seller Ops,38.0,No
TKT000651,ORD0003542,CUST000931,2026-05-27,Resolved,Seller Ops,57.0,No
TKT000652,ORD0004921,CUST000737,2026-05-16,Closed,Seller Ops,142.0,No
TKT000653,ORD0001578,CUST000202,2026-05-26,Closed,Escalation Desk,166.0,No
TKT000654,ORD0002704,CUST000508,2026-05-29,Closed,Escalation Desk,15.0,No
TKT000655,ORD0000922,CUST000653,2026-05-31,Pending,Escalation Desk,64.0,No
TKT000656,ORD0003844,CUST000917,2026-06-16,Closed,Support Ops,22.0,No
TKT000657,ORD0004540,CUST000645,2026-06-12,Pending,Refund Ops,69.0,No
TKT000658,ORD0003305,CUST000009,2026-06-11,Resolved,City Ops,56.0,No
TKT000659,ORD0002796,CUST001124,2026-05-13,Resolved,Refund Ops,127.0,No
TKT000660,ORD0002343,CUST001084,2026-06-09,Escalated,Support Ops,,No
TKT000661,ORD0001110,CUST000806,2026-05-11,Pending,City Ops,36.0,No
TKT000662,ORD0002162,CUST000625,2026-06-03,Resolved,Logistics Ops,113.0,No
TKT000663,ORD0000532,CUST000401,2026-05-21,In Progress,Refund Ops,47.0,No
TKT000664,ORD0004811,CUST000459,2026-05-01,Pending,Seller Ops,31.0,No
TKT000665,ORD0002688,CUST000042,2026-05-01,Pending,Seller Ops,94.0,No
TKT000666,ORD0002677,CUST001173,2026-06-01,Resolved,Seller Ops,84.0,No
TKT000667,ORD0004011,CUST001190,2026-06-20,Escalated,Seller Ops,83.0,No
TKT000668,ORD0003973,CUST000428,2026-05-06,Resolved,Support Ops,149.0,No
TKT000669,ORD0002892,CUST000444,2026-06-16,In Progress,Refund Ops,14.0,No
TKT000670,ORD0000977,CUST001180,2026-06-04,Pending,Logistics Ops,105.0,No
TKT000671,ORD0004624,CUST001040,2026-05-15,In Progress,Support Ops,43.0,No
TKT000672,ORD0003132,CUST000046,2026-05-07,Escalated,City Ops,105.0,Yes
TKT000673,ORD0002254,CUST000278,2026-06-06,Pending,Logistics Ops,128.0,Yes
TKT000674,ORD0003199,CUST000635,2026-06-12,Pending,City Ops,158.0,No
TKT000675,ORD0000563,CUST000034,2026-05-06,Pending,City Ops,146.0,No
TKT000676,ORD0000868,CUST000303,2026-05-25,Resolved,City Ops,142.0,Yes
TKT000677,ORD0001730,CUST000001,2026-05-31,Open,Seller Ops,166.0,No
TKT000678,ORD0001038,CUST000808,2026-05-02,Resolved,Escalation Desk,176.0,Yes
TKT000679,ORDX9929464,CUST000013,2026-05-11,In Progress,Seller Ops,72.0,No
TKT000680,ORD0004896,CUST000196,2026-05-21,Resolved,Refund Ops,17.0,No
TKT000681,ORD0001040,CUST000804,2026-05-02,Escalated,Logistics Ops,55.0,No
TKT000682,ORD0004332,CUST000610,2026-05-19,Resolved,Support Ops,154.0,No
TKT000683,ORD0003744,CUST001069,2026-06-12,Pending,Logistics Ops,137.0,No
TKT000684,ORD0000955,CUST000447,2026-05-11,Pending,Support Ops,71.0,No
TKT000685,ORD0002836,CUST001104,2026-05-18,Closed,City Ops,139.0,No
TKT000686,ORD0003610,CUST001053,2026-05-10,Resolved,City Ops,,Yes
TKT000687,ORD0000054,CUST000160,2026-05-17,In Progress,Seller Ops,11.0,Yes
TKT000688,ORD0002325,CUST000245,2026-06-03,Open,Logistics Ops,6.0,No
TKT000689,ORD0003190,CUST000136,2026-06-08,Pending,Escalation Desk,134.0,No
TKT000690,ORD0001650,CUST000640,2026-05-11,In Progress,Refund Ops,82.0,Yes
TKT000691,ORD0004447,CUST000270,2026-05-06,Resolved,Logistics Ops,127.0,No
TKT000692,ORD0001826,CUST000135,2026-05-06,Escalated,City Ops,64.0,No
TKT000693,ORD0001805,CUST000981,2026-05-28,Resolved,Escalation Desk,37.0,No
TKT000694,ORD0003671,CUST000594,2026-05-17,Closed,City Ops,65.0,No
TKT000695,ORD0001060,CUST000705,2026-06-01,Resolved,Logistics Ops,14.0,No
TKT000696,ORD0001758,CUSTX948783,2026-05-11,Pending,Logistics Ops,38.0,Yes
TKT000697,ORD0004482,CUST001031,2026-05-08,Resolved,Escalation Desk,30.0,No
TKT000698,ORD0004886,CUST001163,2026-06-15,Open,Escalation Desk,,No
TKT000699,ORD0002045,CUST000038,2026-06-05,Escalated,Logistics Ops,110.0,No
TKT000700,ORD0003957,CUST000693,2026-06-01,Resolved,Refund Ops,41.0,No
TKT000701,ORD0004042,CUST000837,2026-06-16,In Progress,City Ops,80.0,No
TKT000702,ORD0000375,CUST000486,2026-05-28,Resolved,Escalation Desk,6.0,Yes
TKT000703,ORD0003605,CUST001013,2026-06-13,Pending,Logistics Ops,50.0,No
TKT000704,ORD0001449,CUST000928,2026-06-10,Pending,City Ops,126.0,No
TKT000705,ORD0000373,CUST000536,2026-06-08,Resolved,City Ops,174.0,No
TKT000706,ORD0000935,CUST000449,2026-06-16,In Progress,Seller Ops,,Yes
TKT000707,ORD0001800,CUST000574,2026-05-18,Open,City Ops,33.0,No
TKT000708,ORD0003476,CUST000695,2026-05-27,Escalated,Escalation Desk,112.0,No
TKT000709,ORD0003571,CUST000455,2026-05-21,Pending,Logistics Ops,168.0,No
TKT000710,ORD0003016,CUST000666,2026-05-07,Resolved,Support Ops,124.0,Yes
TKT000711,ORD0000137,CUST000960,2026-05-01,Resolved,Refund Ops,178.0,No
TKT000712,ORD0002723,CUST001172,2026-05-02,Resolved,City Ops,177.0,No
TKT000713,ORD0002958,CUST000733,2026-06-06,Pending,Escalation Desk,32.0,No
TKT000714,ORD0000101,CUST000446,2026-06-17,Resolved,Escalation Desk,52.0,No
TKT000715,ORD0004457,CUST000182,2026-05-18,Resolved,City Ops,120.0,No
TKT000716,ORD0002850,CUST000712,2026-05-03,Open,Refund Ops,66.0,Yes
TKT000717,ORD0003602,CUST000735,2026-05-26,Resolved,Refund Ops,,Yes
TKT000718,ORD0004693,CUST000900,2026-05-26,Escalated,Seller Ops,41.0,No
TKT000719,ORD0000440,CUST000808,2026-06-07,Pending,Seller Ops,113.0,No
TKT000720,ORD0000985,CUST001144,2026-05-22,Escalated,Refund Ops,87.0,No
TKT000721,ORD0000649,CUST000872,2026-06-01,Resolved,Seller Ops,159.0,Yes
TKT000722,ORD0000885,CUST000898,2026-06-20,Resolved,Logistics Ops,118.0,Yes
TKT000723,ORD0001483,CUST001049,2026-05-29,Resolved,Logistics Ops,50.0,No
TKT000724,ORD0004567,CUST000596,2026-06-02,Pending,Logistics Ops,152.0,No
TKT000725,ORD0004975,CUST000337,2026-06-18,In Progress,Seller Ops,25.0,No
TKT000726,ORD0004704,CUST000219,2026-06-13,Resolved,Escalation Desk,136.0,No
TKT000727,ORD0002766,CUST000097,2026-05-17,Resolved,Escalation Desk,40.0,No
TKT000728,ORD0002597,CUST001105,2026-06-16,Escalated,Logistics Ops,,No
TKT000729,ORD0004182,CUST000468,2026-05-04,Resolved,Logistics Ops,116.0,No
TKT000730,ORD0004755,CUST000070,2026-05-02,Closed,Escalation Desk,142.0,Yes
TKT000731,ORD0002020,CUST000737,2026-05-01,Resolved,Logistics Ops,61.0,No
TKT000732,ORD0003525,CUST000962,2026-05-07,Open,Seller Ops,60.0,Yes
TKT000733,ORD0003065,CUST000366,2026-05-19, Open ,Escalation Desk,144.0,Yes
TKT000734,ORD0002975,CUST000518,2026-05-15,Resolved,Logistics Ops,41.0,Yes
TKT000735,ORD0000482,CUST000974,2026-05-17,Closed,Seller Ops,157.0,No
TKT000736,ORD0004485,CUST000700,2026-06-13,Resolved,Seller Ops,27.0,No
TKT000737,ORD0002982,CUST000515,2026-05-22,In Progress,Escalation Desk,128.0,Yes
TKT000738,ORD0003188,CUST000047,2026-05-31,Resolved,Seller Ops,22.0,Yes
TKT000739,ORD0003885,CUST000075,2026-05-07,Resolved,Support Ops,,No
TKT000740,ORD0001572,CUST001012,2026-05-16,Closed,City Ops,163.0,No
TKT000741,ORD0004947,CUST000886,2026-05-14,Open,Support Ops,63.0,No
TKT000742,ORD0001937,CUST000241,2026-05-07,Resolved,Logistics Ops,41.0,No
TKT000743,ORD0002766,CUST000097,2026-05-08,Resolved,Escalation Desk,109.0,No
TKT000744,ORD0002319,CUST000596,2026-06-01,Resolved,Escalation Desk,15.0,No
TKT000745,ORD0004866,CUST000972,2026-05-09,Resolved,Support Ops,34.0,No
TKT000746,ORD0002972,CUST000412,2026-05-16,Pending,Refund Ops,141.0,No
TKT000747,ORD0000646,CUST001086,2026-05-30,Escalated,Support Ops,,No
TKT000748,ORD0003751,CUST000776,2026-05-21,Pending,Refund Ops,127.0,No
TKT000749,ORD0004168,CUST000322,2026-05-09,Resolved,Seller Ops,75.0,No
TKT000750,ORD0001268,CUST000130,2026-05-05,Pending,City Ops,46.0,No
TKT000751,ORD0003199,CUST000635,2026-05-29,Closed,Support Ops,64.0,No
TKT000752,ORD0001170,CUST000457,2026-06-18,Closed,Escalation Desk,,Yes
TKT000753,ORD0004455,CUST000749,2026-06-08,In Progress,Refund Ops,103.0,No
TKT000754,ORD0001261,CUST000965,2026-05-03,Closed,City Ops,,Yes
TKT000755,ORD0001048,CUST001157,2026-05-21,Resolved,Seller Ops,114.0,No
TKT000756,ORD0003496,CUST001081,2026-06-03,Pending,Logistics Ops,121.0,Yes
TKT000757,ORD0003502,CUST000343,2026-05-14,Resolved,Seller Ops,22.0,No
TKT000758,ORD0003381,CUST000968,2026-05-27,Resolved,Escalation Desk,171.0,No
TKT000759,ORD0001368,CUST000188,2026-06-16,Resolved,Refund Ops,156.0,No
TKT000760,ORD0002057,CUST000151,2026-06-15,Closed,Logistics Ops,175.0,Yes
TKT000761,ORD0002842,CUST000331,2026-05-17,Closed,Support Ops,33.0,Yes
TKT000762,ORD0001699,CUST001195,2026-05-11,Open,Escalation Desk,167.0,No
TKT000763,ORDX9277463,CUST000849,2026-05-13,Escalated,Logistics Ops,17.0,No
TKT000764,ORD0003142,CUST001083,2026-05-28,In Progress,Seller Ops,111.0,No
TKT000765,ORD0002720,CUST000300,2026-05-17,Closed,Logistics Ops,,No
TKT000766,ORD0001924,CUST001164,2026-05-11,Resolved,Logistics Ops,,No
TKT000767,ORD0002645,CUST000342,2026-06-05,Pending,Escalation Desk,22.0,No
TKT000768,ORD0002238,CUST001036,2026-05-11,Pending,City Ops,87.0,No
TKT000769,ORD0000821,CUST000616,2026-06-13,In Progress,Refund Ops,,No
TKT000770,ORD0001377,CUST001143,2026-06-15,Open,Refund Ops,60.0,Yes
TKT000771,ORD0004912,CUST000219,2026-05-29,Resolved,Refund Ops,136.0,No
TKT000772,ORD0001394,CUST000582,2026-06-20,Pending,Support Ops,115.0,Yes
TKT000773,ORD0002687,CUST000018,2026-06-05,Escalated,Refund Ops,53.0,Yes
TKT000774,ORD0004762,CUST000342,2026-05-29,Pending,Support Ops,86.0,No
TKT000775,ORD0001849,CUST000779,2026-05-31,Escalated,Escalation Desk,126.0,Yes
TKT000776,ORD0004190,CUST000143,2026-06-17,Resolved,Escalation Desk,96.0,No
TKT000777,ORD0004518,CUST000596,2026-06-01,Closed,Refund Ops,58.0,Yes
TKT000778,ORD0004805,CUSTX933426,2026-05-03,RESOLVED,Seller Ops,143.0,Yes
TKT000779,ORD0003099,CUST000819,2026-05-09,In Progress,Logistics Ops,,No
TKT000780,ORD0000591,CUST000717,2026-05-19,Resolved,Refund Ops,,No
TKT000781,ORD0004609,CUST000412,2026-06-16,Escalated,City Ops,,No
TKT000782,ORD0004217,CUST000800,2026-05-12,Closed,City Ops,100.0,No
TKT000783,ORDX9886786,CUST000017,2026-05-19,Resolved,Support Ops,74.0,No
TKT000784,ORD0001161,CUST001099,2026-05-06,Resolved,Support Ops,179.0,No
TKT000785,ORD0003687,CUST001115,2026-05-14,Resolved,Refund Ops,55.0,No
TKT000786,ORD0004972,CUST000660,2026-05-03,Closed,Refund Ops,35.0,Yes
TKT000787,ORD0003179,CUST001145,2026-06-02,Open,City Ops,66.0,No
TKT000788,ORD0001800,CUST000574,2026-05-16,Resolved,Logistics Ops,143.0,No
TKT000789,ORD0000321,CUST000559,2026-05-12,Pending,City Ops,170.0,No
TKT000790,ORD0002739,CUST000328,2026-05-02,Pending,City Ops,132.0,No
TKT000791,ORD0000397,CUST000942,2026-06-07,In Progress,Seller Ops,172.0,Yes
TKT000792,ORD0002858,CUST001182,2026-06-16,Escalated,City Ops,60.0,No
TKT000793,ORD0002264,CUST000726,2026-06-17,Resolved,Refund Ops,,No
TKT000794,ORD0003776,CUST000274,2026-06-13,Pending,Seller Ops,33.0,No
TKT000795,ORD0000648,CUST000740,2026-06-06,Closed,City Ops,,No
TKT000796,ORD0002600,CUST000845,2026-05-28,In Progress,Refund Ops,58.0,No
TKT000797,ORD0002001,CUST001107,2026-06-17,Resolved,Seller Ops,48.0,No
TKT000798,ORD0000777,CUST000558,2026-05-13,Pending,Escalation Desk,57.0,No
TKT000799,ORD0004069,CUST000234,2026-06-13,Pending,Support Ops,161.0,No
TKT000800,ORD0001028,CUST001018,2026-06-15,Resolved,Support Ops,81.0,Yes
TKT000801,ORD0004460,CUST000302,2026-05-02,Resolved,City Ops,10.0,No
TKT000802,ORD0003157,CUSTX963085,2026-06-06,Resolved,Support Ops,77.0,Yes
TKT000803,ORD0002796,CUST001124,2026-05-31,Resolved,City Ops,69.0,No
TKT000804,ORD0003546,CUST000548,2026-06-02,In Progress,City Ops,131.0,No
TKT000805,ORD0003451,CUST000386,2026-05-24,Pending,Refund Ops,20.0,No
TKT000806,ORD0001516,CUST000198,2026-06-20,Pending,City Ops,,No
TKT000807,ORD0000136,CUST001032,2026-06-06,Pending,Seller Ops,128.0,No
TKT000808,ORD0004679,CUST000481,2026-05-15,Open,Seller Ops,51.0,Yes
TKT000809,ORD0003389,CUST000764,2026-06-15,Pending,Seller Ops,9.0,No
TKT000810,ORD0002425,CUST000881,2026-06-10,Escalated,Seller Ops,117.0,No
TKT000811,ORD0004952,CUST000435,2026-06-05,In Progress,Refund Ops,178.0,No
TKT000812,ORD0004087,CUST000001,2026-05-05,Open,Refund Ops,41.0,No
TKT000813,ORD0001957,CUST000224,2026-05-18,Closed,Logistics Ops,147.0,No
TKT000814,ORD0004155,CUST000805,2026-06-15,Escalated,Seller Ops,45.0,No
TKT000815,ORD0004325,CUST000626,2026-06-15,Escalated,City Ops,63.0,Yes
TKT000816,ORD0004705,CUST001090,2026-06-12,Resolved,Support Ops,20.0,Yes
TKT000817,ORD0001645,CUST000020,2026-06-05,Open,Support Ops,,No
TKT000818,ORD0004863,CUST000453,2026-06-04,Resolved,Seller Ops,120.0,No
TKT000819,ORD0000082,CUST001095,2026-05-27,Resolved,Logistics Ops,130.0,No
TKT000820,ORD0004191,CUST000539,2026-06-16,Resolved,Escalation Desk,149.0,Yes
TKT000821,ORD0003116,CUST000720,2026-05-30,Pending,Refund Ops,171.0,No
TKT000822,ORD0000273,CUST000204,2026-06-12,Closed,Seller Ops,97.0,Yes
TKT000823,ORD0003926,CUST000477,2026-06-16,Escalated,Logistics Ops,69.0,Yes
TKT000824,ORD0000211,CUST000935,2026-06-20,In Progress,Refund Ops,178.0,No
TKT000825,ORD0002090,CUST001159,2026-05-23,Escalated,City Ops,11.0,No
TKT000826,ORD0002581,CUST000427,2026-06-11,Closed,Support Ops,8.0,No
TKT000827,ORD0000277,CUST000613,2026-06-17,In Progress,Support Ops,75.0,No
TKT000828,ORD0000132,CUST000310,2026-05-08,Resolved,Refund Ops,68.0,No
TKT000829,ORD0000992,CUST000709,2026-05-05,Escalated,Logistics Ops,72.0,No
TKT000830,ORD0003481,CUST001199,2026-05-11,Closed,Seller Ops,140.0,No
TKT000831,ORD0001540,CUST000875,2026-05-13,Escalated,Seller Ops,135.0,No
TKT000832,ORD0003206,CUST001075,2026-06-18,Closed,Refund Ops,,Yes
TKT000833,ORD0001070,CUST001198,2026-06-02,Closed,Escalation Desk,135.0,No
TKT000834,ORD0000384,CUST000292,2026-06-19,Open,Escalation Desk,15.0,No
TKT000835,ORD0001322,CUST001021,2026-06-06,In Progress,Refund Ops,54.0,No
TKT000836,ORD0004063,CUST001191,2026-05-29,Pending,Refund Ops,132.0,No
TKT000837,ORD0004051,CUST000940,2026-06-16,Pending,Support Ops,145.0,No
TKT000838,ORD0002185,CUST000326,2026-05-09,In Progress,Logistics Ops,39.0,No
TKT000839,ORD0004032,CUST000910,2026-05-27,Open,City Ops,180.0,No
TKT000840,ORD0000914,CUST000885,2026-05-04,Closed,Refund Ops,7.0,No
TKT000841,ORD0004844,CUST001122,2026-05-18,Resolved,Logistics Ops,72.0,No
TKT000842,ORD0001048,CUST001157,2026-05-19,Escalated,City Ops,153.0,No
TKT000843,ORD0002075,CUST001019,2026-05-23,Resolved,City Ops,8.0,Yes
TKT000844,ORD0003263,CUST001047,2026-05-05,Closed,Support Ops,120.0,Yes
TKT000845,ORDX9605715,CUST000299,2026-06-04,Resolved,Support Ops,165.0,No
TKT000846,ORD0004833,CUST000602,2026-05-09,Pending,Escalation Desk,106.0,Yes
TKT000847,ORD0001778,CUST000925,2026-05-12,Resolved,Refund Ops,87.0,No
TKT000848,ORD0004519,CUST000562,2026-06-02,Open,City Ops,,No
TKT000849,ORD0002161,CUST000330,2026-05-30,Open,City Ops,167.0,No
TKT000850,ORD0002987,CUST000625,2026-06-12,Escalated,Escalation Desk,131.0,No
TKT000851,ORD0004886,CUST001163,2026-06-08,Pending,Escalation Desk,41.0,Yes
TKT000852,ORD0003041,CUST000455,2026-06-09,Pending,Escalation Desk,18.0,No
TKT000853,ORD0001933,CUST000339,2026-05-28,Escalated,Refund Ops,137.0,No
TKT000854,ORD0003573,CUST000428,2026-06-18,Pending,Escalation Desk,153.0,No
TKT000855,ORD0001461,CUST000154,2026-05-03,Escalated,City Ops,162.0,No
TKT000856,ORD0000064,CUST000765,2026-05-27,Pending,Escalation Desk,94.0,No
TKT000857,ORD0004820,CUST000741,2026-05-01,Resolved,Seller Ops,136.0,Yes
TKT000858,ORD0002028,CUST000967,2026-05-31,Escalated,Escalation Desk,112.0,Yes
TKT000859,ORD0001101,CUST000071,2026-05-05,Closed,City Ops,25.0,No
TKT000860,ORD0000057,CUST000326,2026-05-31,Closed,Escalation Desk,67.0,No
TKT000861,ORDX9724263,CUST000384,2026-06-12,Closed,Support Ops,104.0,No
TKT000862,ORD0003116,CUST000720,2026-06-16,Pending,Logistics Ops,178.0,No
TKT000863,ORD0004247,CUST001181,2026-05-09,Resolved,Support Ops,29.0,Yes
TKT000864,ORD0003775,CUST000020,2026-06-08,Closed,Seller Ops,118.0,No
TKT000865,ORD0003387,CUST000961,2026-06-01,Resolved,Refund Ops,69.0,No
TKT000866,ORD0000593,CUST000797,2026-05-31,Resolved,Support Ops,152.0,Yes
TKT000867,ORD0004059,CUST000880,2026-05-23,Open,Refund Ops,41.0,No
TKT000868,ORD0001621,CUST000520,2026-05-25,Closed,Logistics Ops,64.0,No
TKT000869,ORD0003359,CUST000249,2026-06-03,Open,Refund Ops,127.0,No
TKT000870,ORD0001822,CUST000727,2026-06-16,In Progress,Refund Ops,141.0,No
TKT000871,ORD0003000,CUST000473,2026-05-31,Resolved,Escalation Desk,106.0,Yes
TKT000872,ORD0002267,CUST000774,2026-05-17,Resolved,City Ops,51.0,No
TKT000873,ORD0004545,CUST000976,2026-05-07,Resolved,Refund Ops,130.0,No
TKT000874,ORD0004969,CUST000195,2026-06-13,Pending,Support Ops,157.0,Yes
TKT000875,ORD0001770,CUST000950,2026-05-31,Resolved,Seller Ops,59.0,No
TKT000876,ORD0001556,CUST000373,2026-05-18,Pending,Refund Ops,158.0,No
TKT000877,ORD0002761,CUST000908,2026-05-17,Pending,City Ops,89.0,No
TKT000878,ORD0001845,CUST001016,2026-05-21,Resolved,City Ops,54.0,No
TKT000879,ORD0003483,CUST001053,2026-05-08,In Progress,Support Ops,66.0,No
TKT000880,ORD0004724,CUST000881,2026-05-15,In Progress,Support Ops,89.0,Yes
TKT000881,ORD0001474,CUST000138,2026-06-17,Escalated,City Ops,156.0,No
TKT000882,ORD0000232,CUST000903,2026-05-13,Resolved,Support Ops,99.0,No
TKT000883,ORD0001753,CUST000167,2026-06-05,In Progress,Logistics Ops,107.0,Yes
TKT000884,ORD0002373,CUST001091,2026-06-04,Pending,City Ops,130.0,No
TKT000885,ORD0004144,CUST000244,2026-06-13,Escalated,Seller Ops,132.0,No
TKT000886,ORD0000995,CUST000215,2026-05-08,In Progress,Seller Ops,179.0,No
TKT000887,ORD0001356,CUST001039,2026-05-05,Open,Support Ops,25.0,No
TKT000888,ORD0004779,CUST001074,2026-06-15,Escalated,City Ops,81.0,No
TKT000889,ORD0000317,CUST000987,2026-06-14,Open,Seller Ops,97.0,Yes
TKT000890,ORD0003366,CUST000892,2026-05-20,Resolved,Logistics Ops,51.0,No
TKT000891,ORD0000332,CUST000983,2026-05-27,Resolved,Refund Ops,,No
TKT000892,ORD0004111,CUST000924,2026-06-09,Escalated,City Ops,40.0,No
TKT000893,ORD0003281,CUST000148,2026-05-01,Escalated,Escalation Desk,68.0,No
TKT000894,ORD0002980,CUST000369,2026-05-24,Escalated,Seller Ops,14.0,No
TKT000895,ORD0001092,CUST001139,2026-05-15,Open,Escalation Desk,162.0,No
TKT000896,ORDX9057705,CUST000953,2026-05-02,Resolved,City Ops,,Yes
TKT000897,ORD0002495,CUST000828,2026-06-18,Resolved,Seller Ops,116.0,No
TKT000898,ORD0004772,CUST000567,2026-05-24,Escalated,Seller Ops,78.0,No
TKT000899,ORD0000909,CUST000485,2026-06-16,Pending,Refund Ops,83.0,No
TKT000900,ORD0002371,CUST001152,2026-05-02,Escalated,Support Ops,55.0,No
TKT000901,ORD0000737,CUST000542,2026-06-12,Pending,Logistics Ops,87.0,No
TKT000902,ORD0002433,CUST000887,2026-06-09,In Progress,Support Ops,141.0,No
TKT000903,ORD0004052,CUST001035,2026-06-12,In Progress,Logistics Ops,,Yes
TKT000904,ORD0001013,CUST000002,2026-05-22,Resolved,Logistics Ops,80.0,No
TKT000905,ORD0003506,CUST000453,2026-06-05,Resolved,Seller Ops,29.0,No
TKT000906,ORD0000698,CUST000670,2026-05-17,Escalated,Logistics Ops,19.0,Yes
TKT000907,ORD0002432,CUST000006,2026-06-19,Open,City Ops,171.0,No
TKT000908,ORD0000781,CUST001008,2026-05-11,Closed,Refund Ops,148.0,No
TKT000909,ORD0002080,CUST000297,2026-05-04,Resolved,Logistics Ops,83.0,No
TKT000910,ORD0004524,CUST000498,2026-05-14,Pending,Logistics Ops,133.0,No
TKT000911,ORD0002200,CUST000618,2026-05-15,Pending,Logistics Ops,38.0,Yes
TKT000912,ORD0003884,CUST000881,2026-05-31,Open,Seller Ops,56.0,No
TKT000913,ORD0000778,CUST000735,2026-06-10,Pending,Support Ops,,No
TKT000914,ORD0000183,CUST001071,2026-05-02,Closed,City Ops,69.0,Yes
TKT000915,ORD0002675,CUST000667,2026-06-14,Resolved,Seller Ops,121.0,No
TKT000916,ORD0002060,CUST000137,2026-05-01,Resolved,Refund Ops,157.0,No
TKT000917,ORD0003208,CUST000720,2026-06-18,Escalated,Support Ops,56.0,Yes
TKT000918,ORD0003773,CUST000648,2026-06-02,Closed,Seller Ops,16.0,No
TKT000919,ORD0000005,CUST001168,2026-05-28,Resolved,Seller Ops,98.0,No
TKT000920,ORD0000167,CUST000323,2026-05-04,Pending,City Ops,33.0,No
TKT000921,ORD0000150,CUST000988,2026-05-31,Resolved,Refund Ops,79.0,No
TKT000922,ORD0000138,CUST001108,2026-05-11,Resolved,Seller Ops,23.0,No
TKT000923,ORD0001825,CUST000745,2026-05-03,Escalated,City Ops,141.0,No
TKT000924,ORD0000618,CUST000086,2026-06-01,Resolved,Seller Ops,28.0,Yes
TKT000925,ORD0000213,CUST000432,2026-06-12,Pending,Logistics Ops,167.0,No
TKT000926,ORD0004003,CUST000153,2026-05-28,Closed,Refund Ops,78.0,No
TKT000927,ORD0002635,CUST000031,2026-05-01,Resolved,Escalation Desk,90.0,No
TKT000928,ORD0001427,CUST000044,2026-06-07,Resolved,Escalation Desk,62.0,No
TKT000929,ORD0002293,CUST000131,2026-05-23,Open,Refund Ops,11.0,Yes
TKT000930,ORD0001724,CUST000092,2026-05-24,Resolved,City Ops,75.0,No
TKT000931,ORD0002259,CUST000205,2026-05-09,Closed,City Ops,147.0,No
TKT000932,ORD0000923,CUST001024,2026-06-17,In Progress,Escalation Desk,149.0,No
TKT000933,ORD0000246,CUST001070,2026-05-03,CLOSED,City Ops,120.0,No
TKT000934,ORD0004190,CUST000143,2026-05-02,Open,Refund Ops,12.0,No
TKT000935,ORD0001559,CUST000311,2026-06-10,Resolved,Logistics Ops,47.0,No
TKT000936,ORD0000669,CUST001140,2026-06-19,Pending,Escalation Desk,38.0,No
TKT000937,ORD0002028,CUST000967,2026-06-15,Resolved,Support Ops,,No
TKT000938,ORD0001916,CUST000628,2026-05-26,In Progress,Escalation Desk,45.0,Yes
TKT000939,ORD0003251,CUST000995,2026-06-14,Escalated,Seller Ops,48.0,No
TKT000940,ORD0002226,CUST000766,2026-05-28,Resolved,Support Ops,115.0,No
TKT000941,ORD0003601,CUST000424,2026-05-21,Resolved,Support Ops,168.0,No
TKT000942,ORD0002999,CUST000592,2026-05-11,Escalated,Seller Ops,135.0,No
TKT000943,ORD0001024,CUST001183,2026-06-08,Pending,City Ops,85.0,No
TKT000944,ORD0003146,CUST000273,2026-06-03,Pending,Refund Ops,61.0,Yes
TKT000945,ORD0001964,CUST000062,2026-06-02,Open,Seller Ops,107.0,Yes
TKT000946,ORD0004646,CUST000627,2026-05-20,Closed,Seller Ops,12.0,Yes
TKT000947,ORD0002361,CUST000786,2026-05-07,Escalated,Seller Ops,57.0,Yes
TKT000948,ORD0001133,CUST000987,2026-06-09,Escalated,Support Ops,143.0,Yes
TKT000949,ORD0001967,CUST001026,2026-06-04,Closed,Refund Ops,71.0,No
TKT000950,ORD0004519,CUST000562,2026-06-10,Escalated,City Ops,170.0,No
TKT000951,ORD0002162,CUST000625,2026-05-21,Resolved,Refund Ops,110.0,No
TKT000952,ORD0000032,CUST000381,2026-06-19,Resolved,City Ops,,No
TKT000953,ORD0000039,CUST000849,2026-05-07,Resolved,Refund Ops,172.0,Yes
TKT000954,ORD0004453,CUST000512,2026-05-16,Escalated,Support Ops,128.0,No
TKT000955,ORD0004239,CUST000963,2026-05-12,Open,Logistics Ops,79.0,No
TKT000956,ORD0004822,CUST000737,2026-05-09,Pending,Support Ops,89.0,No
TKT000957,ORD0003218,CUST000020,2026-06-08,Pending,Support Ops,99.0,No
TKT000958,ORD0001578,CUST000202,2026-06-03,Open,City Ops,64.0,No
TKT000959,ORD0000371,CUST000298,2026-05-04,Escalated,Refund Ops,97.0,No
TKT000960,ORD0002626,CUST000036,2026-05-11,In Progress,Logistics Ops,16.0,Yes
TKT000961,ORD0000811,CUST001074,2026-05-22,Resolved,Seller Ops,149.0,No
TKT000962,ORD0004098,CUST000739,2026-05-05,Pending,Seller Ops,11.0,Yes
TKT000963,ORD0004078,CUST000846,2026-05-17,Pending,City Ops,90.0,No
TKT000964,ORD0000773,CUST001022,2026-06-16,Resolved,Escalation Desk,65.0,No
TKT000965,ORD0003300,CUST000323,2026-06-02,Resolved,Logistics Ops,119.0,No
TKT000966,ORD0002637,CUST000975,2026-06-02,In Progress,Refund Ops,142.0,No
TKT000967,ORD0001703,CUSTX926807,2026-05-30,resolved,Logistics Ops,132.0,No
TKT000968,ORD0002467,CUST000086,2026-05-12,Escalated,Support Ops,124.0,No
TKT000969,ORD0002488,CUST000139,2026-06-08,Escalated,Refund Ops,94.0,No
TKT000970,ORD0003625,CUST000143,2026-06-17,Resolved,City Ops,103.0,Yes
TKT000971,ORD0004520,CUST001149,2026-05-21,In Progress,Logistics Ops,85.0,No
TKT000972,ORD0000211,CUST000935,2026-05-18,Closed,Escalation Desk,38.0,No
TKT000973,ORD0000640,CUST000877,2026-06-05,Resolved,City Ops,108.0,Yes
TKT000974,ORD0002939,CUST000799,2026-06-04,Pending,City Ops,104.0,No
TKT000975,ORD0003843,CUST000927,2026-06-04,Resolved,Seller Ops,22.0,Yes
TKT000976,ORD0001821,CUST000204,2026-05-25,In Progress,Logistics Ops,117.0,No
TKT000977,ORD0003568,CUST000628,2026-06-06,Open,City Ops,117.0,No
TKT000978,ORD0000971,CUST000145,2026-06-16,Open,Seller Ops,55.0,Yes
TKT000979,ORD0003389,CUST000764,2026-05-02,Resolved,Logistics Ops,20.0,Yes
TKT000980,ORD0000246,CUST001070,2026-05-05,In Progress,Refund Ops,170.0,No
TKT000981,ORD0003221,CUST000029,2026-06-15,Pending,City Ops,126.0,No
TKT000982,ORD0002735,CUST000320,2026-05-08,Escalated,Logistics Ops,,No
TKT000983,ORD0000691,CUST000486,2026-06-15,Resolved,City Ops,145.0,Yes
TKT000984,ORD0004826,CUST000032,2026-05-04,Pending,Escalation Desk,62.0,No
TKT000985,ORD0001870,CUST000128,2026-06-17,Closed,Logistics Ops,155.0,No
TKT000986,ORD0002190,CUST000040,2026-06-11,Open,Escalation Desk,95.0,No
TKT000987,ORD0003342,CUST000484,2026-05-20,Open,Refund Ops,100.0,No
TKT000988,ORD0003483,CUST001053,2026-05-07,Resolved,Support Ops,24.0,Yes
TKT000989,ORD0002080,CUST000297,2026-05-23,Open,Seller Ops,,No
TKT000990,ORD0003224,CUST000403,2026-05-22,Resolved,Escalation Desk,163.0,No
TKT000991,ORD0003378,CUST000999,2026-05-27,Resolved,Escalation Desk,29.0,Yes
TKT000992,ORD0001678,CUST001063,2026-06-18,Resolved,Escalation Desk,21.0,No
TKT000993,ORD0001349,CUST000748,2026-06-13,pending,Seller Ops,27.0,No
TKT000994,ORD0003037,CUST000734,2026-05-04,Open,Refund Ops,,No
TKT000995,ORD0003948,CUST001045,2026-05-24,Pending,Support Ops,19.0,Yes
TKT000996,ORD0003025,CUST000749,2026-06-03,Pending,Refund Ops,160.0,No
TKT000997,ORD0002780,CUST000276,2026-05-01,Open,Escalation Desk,131.0,No
TKT000998,ORD0002100,CUST000955,2026-06-08,Closed,City Ops,117.0,No
TKT000999,ORD0000683,CUST000335,2026-05-19,Resolved,Seller Ops,,Yes
TKT001000,ORD0003622,CUST000465,2026-06-06,Resolved,City Ops,65.0,No
TKT001001,ORD0001082,CUST000396,2026-05-25,Escalated,Support Ops,165.0,No
TKT001002,ORD0000791,CUST001183,2026-05-28,Resolved,Seller Ops,178.0,Yes
TKT001003,ORD0002667,CUST000664,2026-06-04,Open,Support Ops,100.0,Yes
TKT001004,ORD0004357,CUST001031,2026-05-10,Pending,Support Ops,173.0,Yes
TKT001005,ORD0001065,CUST000647,2026-06-03,Resolved,Support Ops,99.0,No
TKT001006,ORD0002246,CUST000817,2026-05-15,Pending,Escalation Desk,37.0,No
TKT001007,ORD0000699,CUST000350,2026-06-01,In Progress,Logistics Ops,69.0,No
TKT001008,ORD0004534,CUST000060,2026-05-20,Resolved,Escalation Desk,145.0,No
TKT001009,ORD0001560,CUST000636,2026-05-15,Escalated,Support Ops,,No
TKT001010,ORD0001431,CUST000674,2026-06-12,Escalated,Refund Ops,143.0,No
TKT001011,ORD0001086,CUST000581,2026-06-12,Pending,Refund Ops,45.0,No
TKT001012,ORD0001639,CUST000637,2026-06-03,Resolved,City Ops,126.0,No
TKT001013,ORD0002108,CUST000699,2026-06-04,Resolved,Seller Ops,133.0,No
TKT001014,ORD0004605,CUST000536,2026-06-09,Pending,Refund Ops,51.0,Yes
TKT001015,ORD0004269,CUST000010,2026-05-29,Resolved,Logistics Ops,160.0,No
TKT001016,ORD0000223,CUST001021,2026-05-03,Resolved,Refund Ops,90.0,Yes
TKT001017,ORD0004262,CUST000707,2026-06-15,Resolved,Seller Ops,,No
TKT001018,ORD0004436,CUST001154,2026-05-16,In Progress,Escalation Desk,93.0,No
TKT001019,ORD0002498,CUST000523,2026-05-15,Resolved,Escalation Desk,161.0,No
TKT001020,ORD0003985,CUST001100,2026-06-04,Escalated,Refund Ops,98.0,No
TKT001021,ORD0000215,CUST000768,2026-06-19,Closed,City Ops,54.0,No
TKT001022,ORD0002783,CUST000948,2026-05-11,Pending,Escalation Desk,16.0,No
TKT001023,ORD0004602,CUST000071,2026-05-08,Resolved,Support Ops,18.0,No
TKT001024,ORD0000351,CUST001107,2026-05-31,Escalated,City Ops,72.0,No
TKT001025,ORD0003130,CUST000176,2026-05-09,Pending,City Ops,32.0,Yes
TKT001026,ORD0004924,CUST000291,2026-05-31,Open,City Ops,20.0,No
TKT001027,ORD0002250,CUST000817,2026-05-24,Pending,Refund Ops,,Yes
TKT001028,ORD0003923,CUST000682,2026-06-09,Escalated,City Ops,135.0,No
TKT001029,ORD0004778,CUST000672,2026-05-06,Open,Seller Ops,160.0,Yes
TKT001030,ORD0003678,CUST000343,2026-06-14,Resolved,Support Ops,,No
TKT001031,ORD0004966,CUST000006,2026-06-18,Pending,Logistics Ops,128.0,No
TKT001032,ORD0004288,CUST001162,2026-05-08,Pending,Escalation Desk,,No
TKT001033,ORD0001498,CUST001105,2026-06-19,Resolved,City Ops,174.0,No
TKT001034,ORD0001621,CUST000520,2026-05-05,Pending,Refund Ops,85.0,No
TKT001035,ORD0002863,CUST000905,2026-06-07,Pending,Seller Ops,170.0,No
TKT001036,ORD0003601,CUST000424,2026-05-21,Pending,Seller Ops,23.0,No
TKT001037,ORD0004003,CUST000153,2026-06-14,In Progress,City Ops,175.0,Yes
TKT001038,ORD0004256,CUST000256,2026-06-16,Pending,Seller Ops,41.0,No
TKT001039,ORD0001098,CUST000917,2026-05-21,Pending,Refund Ops,158.0,No
TKT001040,ORD0002300,CUST000103,2026-05-29,Open,City Ops,107.0,No
TKT001041,ORD0000134,CUST000925,2026-05-12,In Progress,Escalation Desk,119.0,No
TKT001042,ORD0003556,CUST000034,2026-06-13,Resolved,Support Ops,100.0,No
TKT001043,ORD0003541,CUST000532,2026-05-22,Resolved,City Ops,29.0,No
TKT001044,ORD0004381,CUST000034,2026-05-23,Escalated,Seller Ops,47.0,No
TKT001045,ORD0001787,CUST000597,2026-05-16,Open,Escalation Desk,160.0,No
TKT001046,ORD0003538,CUST000767,2026-06-05,Resolved,Logistics Ops,19.0,Yes
TKT001047,ORD0003128,CUST000151,2026-05-30,Closed,City Ops,76.0,No
TKT001048,ORD0003961,CUST001118,2026-05-18,Pending,Support Ops,112.0,No
TKT001049,ORD0004461,CUST000881,2026-05-09,Open,City Ops,17.0,No
TKT001050,ORD0001256,CUST000269,2026-05-29,Closed,Refund Ops,88.0,No
TKT001051,ORD0004509,CUST000911,2026-06-16,Resolved,Escalation Desk,16.0,No
TKT001052,ORD0002034,CUST000539,2026-06-20,Open,Escalation Desk,20.0,No
TKT001053,ORD0000400,CUST000761,2026-05-27,Pending,Escalation Desk,31.0,No
TKT001054,ORD0003273,CUST000069,2026-05-04,Resolved,City Ops,94.0,No
TKT001055,ORD0001866,CUST000179,2026-05-26,Pending,Seller Ops,46.0,No
TKT001056,ORD0001301,CUST000885,2026-05-29,Open,Support Ops,35.0,No
TKT001057,ORD0002151,CUST000487,2026-05-26,Pending,City Ops,117.0,No
TKT001058,ORD0002522,CUST000326,2026-06-02,resolved,Refund Ops,158.0,No
TKT001059,ORD0000634,CUST000185,2026-05-14,Open,Logistics Ops,128.0,No
TKT001060,ORD0002472,CUST000180,2026-06-18,Resolved,Refund Ops,176.0,Yes
TKT001061,ORD0004399,CUST000014,2026-05-02,Pending,Support Ops,173.0,No
TKT001062,ORD0002791,CUST000821,2026-05-31,Open,Logistics Ops,86.0,No
TKT001063,ORD0002693,CUST001168,2026-05-10,Closed,City Ops,135.0,No
TKT001064,ORD0003315,CUST000994,2026-05-05,Resolved,Escalation Desk,84.0,No
TKT001065,ORD0002082,CUST000763,2026-06-06,Resolved,Logistics Ops,95.0,No
TKT001066,ORD0003636,CUST000803,2026-05-03,Escalated,Support Ops,86.0,No
TKT001067,ORD0004561,CUST000344,2026-05-07,Pending,Logistics Ops,54.0,Yes
TKT001068,ORD0000863,CUST000244,2026-05-22,Open,Seller Ops,103.0,No
TKT001069,ORD0001689,CUST000473,2026-06-08,Open,Seller Ops,55.0,No
TKT001070,ORD0002456,CUST000173,2026-05-27,Resolved,City Ops,23.0,No
TKT001071,ORD0002315,CUST000725,2026-05-08,Resolved,City Ops,47.0,Yes
TKT001072,ORD0003061,CUST000887,2026-05-14,Resolved,Refund Ops,17.0,No
TKT001073,ORD0003512,CUST000394,2026-05-01,Open,Seller Ops,,No
TKT001074,ORD0004190,CUST000143,2026-05-22,Open,Seller Ops,86.0,No
TKT001075,ORD0001636,CUST000488,2026-05-16,Pending,City Ops,12.0,No
TKT001076,ORD0003993,CUST000028,2026-05-06,escalated,Logistics Ops,,No
TKT001077,ORD0002732,CUST000220,2026-06-05,Resolved,City Ops,66.0,Yes
TKT001078,ORD0000558,CUST000024,2026-05-21,Resolved,Refund Ops,50.0,No
TKT001079,ORD0003575,CUST000703,2026-05-25,Resolved,Logistics Ops,163.0,No
TKT001080,ORD0000713,CUST000742,2026-05-10,In Progress,Refund Ops,160.0,Yes
TKT001081,ORD0001647,CUST000625,2026-05-17,Resolved,Seller Ops,56.0,No
TKT001082,ORD0001172,CUST000962,2026-05-24,Pending,Refund Ops,86.0,No
TKT001083,ORD0002949,CUST001000,2026-06-17,In Progress,Seller Ops,139.0,No
TKT001084,ORD0003860,CUST000781,2026-05-31,Resolved,Refund Ops,144.0,No
TKT001085,ORD0001911,CUST000686,2026-05-24,Escalated,Escalation Desk,141.0,No
TKT001086,ORD0002447,CUST000922,2026-05-31,Escalated,Support Ops,46.0,No
TKT001087,ORD0001776,CUST000869,2026-06-11,Pending,Refund Ops,148.0,No
TKT001088,ORD0002634,CUST000140,2026-06-18,Closed,Seller Ops,58.0,No
TKT001089,ORD0002901,CUST000003,2026-06-06,Resolved,Logistics Ops,73.0,No
TKT001090,ORD0000400,CUST000761,2026-06-08,Pending,City Ops,77.0,No
TKT001091,ORD0001989,CUST000584,2026-05-17,Closed,Support Ops,50.0,No
TKT001092,ORD0001007,CUST000760,2026-06-08,Escalated,Refund Ops,112.0,No
TKT001093,ORD0000014,CUST000672,2026-06-13,In Progress,City Ops,168.0,No
TKT001094,ORD0000189,CUST000314,2026-05-02,Resolved,City Ops,75.0,Yes
TKT001095,ORD0003822,CUST000337,2026-05-09,Resolved,Refund Ops,107.0,Yes
TKT001096,ORD0000149,CUST001077,2026-06-16,Pending,Support Ops,54.0,No
TKT001097,ORD0003318,CUST000145,2026-05-22,Resolved,Refund Ops,,Yes
TKT001098,ORD0004808,CUST000869,2026-06-03,In Progress,Refund Ops,93.0,No
TKT001099,ORD0004185,CUST001192,2026-06-16,In Progress,Support Ops,57.0,No
TKT001100,ORD0002871,CUST000020,2026-06-08,Pending,Seller Ops,124.0,No
TKT001101,ORD0003813,CUST000968,2026-05-03,Pending,City Ops,131.0,Yes
TKT001102,ORD0002250,CUST000817,2026-06-14,Pending,Logistics Ops,162.0,No
TKT001103,ORD0001518,CUST000059,2026-06-14,In Progress,Support Ops,64.0,No
TKT001104,ORD0004885,CUST000361,2026-06-17,Closed,Logistics Ops,25.0,No
TKT001105,ORD0003727,CUST000149,2026-05-31,Pending,Seller Ops,132.0,Yes
TKT001106,ORD0000283,CUST000706,2026-06-06,Escalated,Escalation Desk,159.0,No
TKT001107,ORD0003032,CUST001098,2026-05-01,Open,Logistics Ops,169.0,No
TKT001108,ORD0000050,CUST000436,2026-06-05,Resolved,Logistics Ops,140.0,Yes
TKT001109,ORD0001287,CUST000397,2026-05-10,Escalated,Logistics Ops,12.0,No
TKT001110,ORD0003543,CUST000022,2026-05-06,Escalated,Support Ops,81.0,No
TKT001111,ORDX9486613,CUST000817,2026-05-29,Open,Refund Ops,52.0,No
TKT001112,ORD0000431,CUST000609,2026-05-28,Pending,Refund Ops,84.0,No
TKT001113,ORD0004547,CUST000595,2026-05-12,Pending,Refund Ops,,No
TKT001114,ORD0001967,CUST001026,2026-06-15,Resolved,Escalation Desk,21.0,No
TKT001115,ORD0000141,CUST000125,2026-05-14,Pending,Seller Ops,176.0,No
TKT001116,ORD0002367,CUST000955,2026-05-12,Resolved,Support Ops,93.0,No
TKT001117,ORD0002963,CUST000030,2026-05-02,Escalated,Support Ops,,No
TKT001118,ORD0002812,CUST000208,2026-05-16,In Progress,Logistics Ops,93.0,No
TKT001119,ORD0003740,CUST000818,2026-05-23,Pending,Seller Ops,162.0,No
TKT001120,ORD0004641,CUST000365,2026-06-09,Escalated,Seller Ops,38.0,No
TKT001121,ORD0001332,CUST000761,2026-06-13,Resolved,Logistics Ops,32.0,No
TKT001122,ORD0004067,CUST000761,2026-06-07,Pending,City Ops,,No
TKT001123,ORD0002076,CUST000926,2026-06-07,Open,Support Ops,34.0,No
TKT001124,ORD0002348,CUST000705,2026-05-27,Escalated,Seller Ops,128.0,No
TKT001125,ORDX9972338,CUST001026,2026-05-31,Pending,Escalation Desk,112.0,No
TKT001126,ORD0001766,CUST001051,2026-05-14,Resolved,Support Ops,27.0,Yes
TKT001127,ORD0002529,CUST000719,2026-06-16,Resolved,Logistics Ops,128.0,Yes
TKT001128,ORD0002699,CUST000022,2026-06-02,Escalated,Refund Ops,69.0,No
TKT001129,ORD0002246,CUST000817,2026-05-13,Open,Logistics Ops,32.0,No
TKT001130,ORD0000516,CUST000097,2026-05-29,Resolved,Escalation Desk,,No
TKT001131,ORDX9934703,CUST000050,2026-05-09,Open,Logistics Ops,33.0,No
TKT001132,ORD0004140,CUST000818,2026-05-01,Closed,Logistics Ops,19.0,Yes
TKT001133,ORD0002927,CUSTX986034,2026-06-13,Resolved,Logistics Ops,149.0,No
TKT001134,ORD0000732,CUST000063,2026-06-16,Resolved,Escalation Desk,101.0,No
TKT001135,ORD0000399,CUST000321,2026-06-13,Closed,Seller Ops,119.0,No
TKT001136,ORD0003188,CUST000047,2026-05-26,Open,Support Ops,,No
TKT001137,ORD0003508,CUST000001,2026-06-15,Escalated,Logistics Ops,125.0,No
TKT001138,ORD0000462,CUST000229,2026-05-08,Escalated,City Ops,50.0,No
TKT001139,ORD0001872,CUST001036,2026-05-29,Open,Support Ops,43.0,No
TKT001140,ORD0004174,CUST001054,2026-06-14,Resolved,Refund Ops,157.0,No
TKT001141,ORD0004224,CUST000806,2026-05-09,Resolved,Escalation Desk,126.0,No
TKT001142,ORD0001344,CUST000084,2026-05-26,Pending,Support Ops,13.0,No
TKT001143,ORD0004923,CUST000094,2026-05-09,Closed,Seller Ops,143.0,No
TKT001144,ORD0001022,CUST000403,2026-05-20,Pending,Support Ops,115.0,No
TKT001145,ORD0004084,CUST001023,2026-05-11,Resolved,Refund Ops,41.0,No
TKT001146,ORD0000460,CUST000704,2026-05-23,Pending,Seller Ops,62.0,No
TKT001147,ORD0003143,CUST000088,2026-05-30,Pending,Logistics Ops,108.0,No
TKT001148,ORD0004739,CUST000589,2026-05-05,Open,Escalation Desk,57.0,No
TKT001149,ORD0004755,CUST000070,2026-05-03,Resolved,Escalation Desk,74.0,No
TKT001150,ORD0001828,CUST000285,2026-05-26,Pending,Escalation Desk,143.0,No
TKT001151,ORD0004371,CUST000743,2026-05-09,Resolved,Escalation Desk,139.0,Yes
TKT001152,ORD0000386,CUST000482,2026-06-17,In Progress,Logistics Ops,131.0,Yes
TKT001153,ORD0004856,CUST000114,2026-06-14,In Progress,Logistics Ops,38.0,Yes
TKT001154,ORD0002738,CUST000080,2026-06-10,In Progress,Support Ops,57.0,No
TKT001155,ORD0002259,CUST000205,2026-05-04,In Progress,Seller Ops,164.0,No
TKT001156,ORD0001494,CUST000627,2026-06-01,Resolved,Seller Ops,97.0,No
TKT001157,ORD0002846,CUST000219,2026-05-11,Closed,City Ops,150.0,No
TKT001158,ORD0003279,CUST000488,2026-06-14,In Progress,City Ops,,No
TKT001159,ORD0002819,CUST001143,2026-05-02,Resolved,Logistics Ops,176.0,No
TKT001160,ORD0004439,CUST000356,2026-06-02,Open,Seller Ops,166.0,No
TKT001161,ORD0000318,CUST000393,2026-05-11,Resolved,City Ops,116.0,Yes
TKT001162,ORD0003998,CUST000879,2026-05-03,Pending,City Ops,66.0,No
TKT001163,ORD0003837,CUST000643,2026-06-11,Pending,City Ops,146.0,Yes
TKT001164,ORD0000860,CUST000176,2026-06-04,Resolved,Logistics Ops,98.0,Yes
TKT001165,ORD0003752,CUST000931,2026-05-19,Escalated,Seller Ops,,No
TKT001166,ORD0003359,CUST000249,2026-06-11,In Progress,Support Ops,76.0,No
TKT001167,ORD0001422,CUST000984,2026-05-30,Closed,Support Ops,19.0,No
TKT001168,ORD0002489,CUST000368,2026-05-14,Open,City Ops,108.0,No
TKT001169,ORD0004792,CUST000665,2026-05-06,Pending,Refund Ops,169.0,No
TKT001170,ORD0003753,CUST000798,2026-05-07,In Progress,Escalation Desk,145.0,No
TKT001171,ORD0004209,CUST000451,2026-05-19,Resolved,Escalation Desk,96.0,No
TKT001172,ORD0002606,CUST000148,2026-06-19,Escalated,Logistics Ops,144.0,No
TKT001173,ORD0000308,CUST000773,2026-06-08,Pending,Refund Ops,133.0,No
TKT001174,ORD0000666,CUST001147,2026-06-04,Pending,Support Ops,131.0,No
TKT001175,ORD0004489,CUST000015,2026-05-23,Resolved,Seller Ops,152.0,No
TKT001176,ORD0001303,CUST000575,2026-06-19,Pending,Escalation Desk,7.0,No
TKT001177,ORD0000770,CUST000825,2026-05-13,Closed,City Ops,46.0,No
TKT001178,ORD0002337,CUST000591,2026-05-18,Resolved,Escalation Desk,88.0,Yes
TKT001179,ORD0000551,CUST000007,2026-05-01,Escalated,Escalation Desk,120.0,No
TKT001180,ORD0000599,CUST000109,2026-05-12,Escalated,Refund Ops,7.0,No
TKT001181,ORD0000342,CUST000075,2026-05-19,Open,Support Ops,11.0,No
TKT001182,ORD0004834,CUST000054,2026-05-01,Resolved,Logistics Ops,73.0,No
TKT001183,ORD0000405,CUST000913,2026-06-04,Escalated,Logistics Ops,,Yes
TKT001184,ORD0001077,CUST000048,2026-05-14,Open,Seller Ops,178.0,Yes
TKT001185,ORD0002317,CUST000865,2026-06-16,In Progress,Logistics Ops,122.0,No
TKT001186,ORD0001676,CUST000328,2026-05-29,Escalated,Escalation Desk,119.0,No
TKT001187,ORD0002104,CUST000831,2026-05-05,Escalated,Support Ops,16.0,Yes
TKT001188,ORD0000175,CUST000941,2026-06-10,Escalated,Refund Ops,35.0,No
TKT001189,ORD0004978,CUST000430,2026-06-20,Resolved,Escalation Desk,128.0,No
TKT001190,ORD0000096,CUST000931,2026-06-20,Open,Support Ops,,Yes
TKT001191,ORD0002576,CUST000980,2026-05-11,Resolved,Escalation Desk,35.0,No
TKT001192,ORD0003903,CUST000767,2026-05-07,PENDING,Logistics Ops,175.0,No
TKT001193,ORD0004439,CUST000356,2026-05-21,Resolved,City Ops,34.0,No
TKT001194,ORD0000717,CUST000424,2026-05-29,Closed,Logistics Ops,20.0,No
TKT001195,ORD0004173,CUST000476,2026-05-28,Resolved,Escalation Desk,38.0,No
TKT001196,ORD0004072,CUST000230,2026-05-27,Pending,City Ops,95.0,Yes
TKT001197,ORD0002200,CUST000618,2026-06-12,Resolved,Escalation Desk,,Yes
TKT001198,ORD0003784,CUST001162,2026-06-11,Pending,City Ops,22.0,No
TKT001199,ORD0001319,CUST000423,2026-05-31,Escalated,City Ops,139.0,No
TKT001200,ORD0000326,CUST001113,2026-05-13,Resolved,Refund Ops,12.0,No
TKT001201,ORD0002458,CUST000373,2026-05-05,Resolved,Logistics Ops,174.0,No
TKT001202,ORD0003267,CUST000177,2026-06-16,In Progress,Logistics Ops,37.0,No
TKT001203,ORD0003716,CUST000044,2026-06-13,Pending,City Ops,138.0,No
TKT001204,ORD0000558,CUST000024,2026-06-20,Escalated,City Ops,,Yes
TKT001205,ORD0002206,CUST000847,2026-05-03,Open,City Ops,124.0,No
TKT001206,ORD0004424,CUST000982,2026-06-11,In Progress,City Ops,8.0,No
TKT001207,ORD0000082,CUST001095,2026-05-16,Resolved,Escalation Desk,113.0,No
TKT001208,ORD0004292,CUST001029,2026-05-19,Resolved,Seller Ops,20.0,No
TKT001209,ORD0000634,CUST000185,2026-06-03,Pending,Seller Ops,130.0,No
TKT001210,ORD0001196,CUST000487,2026-05-18,Open,Escalation Desk,91.0,No
TKT001211,ORD0001626,CUST001100,2026-05-09,Escalated,Escalation Desk,29.0,No
TKT001212,ORD0000957,CUST000551,2026-06-13,In Progress,Seller Ops,,No
TKT001213,ORD0004492,CUST000686,2026-05-10, Resolved ,Logistics Ops,45.0,No
TKT001214,ORD0000272,CUST000829,2026-06-05,Pending,Logistics Ops,48.0,No
TKT001215,ORD0004815,CUST000218,2026-05-26,In Progress,Refund Ops,69.0,No
TKT001216,ORD0002219,CUST000446,2026-06-05,Closed,City Ops,55.0,No
TKT001217,ORD0002733,CUST000544,2026-06-13,Resolved,Logistics Ops,,Yes
TKT001218,ORD0000780,CUST000417,2026-05-14,Resolved,Support Ops,86.0,No
TKT001219,ORD0004191,CUST000539,2026-06-05,Closed,Logistics Ops,157.0,Yes
TKT001220,ORD0003605,CUST001013,2026-06-04,Resolved,Seller Ops,56.0,No
TKT001221,ORD0002643,CUST000625,2026-06-13,Pending,Seller Ops,,No
TKT001222,ORD0001038,CUST000808,2026-05-15,Escalated,Support Ops,94.0,No
TKT001223,ORD0002024,CUST000275,2026-06-19,Closed,Logistics Ops,75.0,No
TKT001224,ORD0004880,CUST000180,2026-06-15,Resolved,Seller Ops,139.0,No
TKT001225,ORD0002527,CUST000701,2026-05-20,Escalated,Refund Ops,70.0,Yes
TKT001226,ORD0004473,CUST001118,2026-05-02,In Progress,Support Ops,96.0,No
TKT001227,ORD0000989,CUST000390,2026-06-06,Resolved,Escalation Desk,66.0,No
TKT001228,ORD0001827,CUST001016,2026-05-23,Pending,Refund Ops,92.0,No
TKT001229,ORD0004057,CUST000214,2026-05-04,Open,Refund Ops,145.0,No
TKT001230,ORD0004935,CUST000931,2026-05-13,Resolved,City Ops,105.0,Yes
TKT001231,ORD0003234,CUST000224,2026-06-02,Resolved,Escalation Desk,164.0,No
TKT001232,ORD0004828,CUST001084,2026-05-26,Escalated,Escalation Desk,137.0,Yes
TKT001233,ORD0004624,CUST001040,2026-05-03,ESCALATED,City Ops,171.0,No
TKT001234,ORD0001508,CUSTX931291,2026-06-08,Resolved,Logistics Ops,160.0,Yes
TKT001235,ORD0002334,CUSTX901781,2026-06-16,Pending,City Ops,47.0,No
TKT001236,ORD0002062,CUST000510,2026-05-08,Resolved,Support Ops,,No
TKT001237,ORD0002437,CUST000203,2026-05-27,Pending,Refund Ops,180.0,No
TKT001238,ORD0003860,CUST000781,2026-06-07,Pending,City Ops,83.0,No
TKT001239,ORD0003771,CUST000544,2026-06-17,Resolved,City Ops,149.0,No
TKT001240,ORD0004045,CUST000495,2026-05-21,Escalated,Seller Ops,,Yes
TKT001241,ORD0000753,CUST001099,2026-06-08,Resolved,City Ops,6.0,No
TKT001242,ORD0000870,CUST001146,2026-06-06,Resolved,Seller Ops,174.0,No
TKT001243,ORD0001349,CUST000748,2026-05-19,Escalated,Seller Ops,128.0,No
TKT001244,ORD0002600,CUST000845,2026-05-04,Resolved,Seller Ops,172.0,No
TKT001245,ORD0003462,CUST000044,2026-05-10,Pending,City Ops,74.0,No
TKT001246,ORD0002407,CUST000452,2026-05-02,Open,Refund Ops,135.0,No
TKT001247,ORD0003619,CUST000885,2026-06-11,Closed,City Ops,15.0,No
TKT001248,ORD0004591,CUST000293,2026-05-27,Resolved,City Ops,15.0,Yes
TKT001249,ORD0000047,CUST000577,2026-05-11,Resolved,Seller Ops,171.0,No
TKT001250,ORD0004812,CUST000855,2026-06-19,In Progress,Escalation Desk,86.0,No
TKT001251,ORD0002115,CUST000451,2026-05-11,Escalated,Escalation Desk,38.0,No
TKT001252,ORD0002608,CUST000213,2026-06-11,Pending,City Ops,107.0,Yes
TKT001253,ORD0001594,CUST001012,2026-06-02,Open,Support Ops,24.0,No
TKT001254,ORD0001931,CUST000056,2026-05-11,Resolved,Refund Ops,,Yes
TKT001255,ORD0001328,CUST000757,2026-05-08,Resolved,City Ops,169.0,No
TKT001256,ORD0004251,CUST000451,2026-06-19,Resolved,Refund Ops,95.0,Yes
TKT001257,ORD0004016,CUST001100,2026-06-06, Escalated ,Escalation Desk,119.0,No
TKT001258,ORD0004731,CUST001119,2026-06-10,Resolved,Seller Ops,17.0,No
TKT001259,ORD0003832,CUST000416,2026-06-17,Pending,City Ops,14.0,No
TKT001260,ORD0001410,CUST001083,2026-05-14,Closed,City Ops,76.0,Yes
TKT001261,ORD0000182,CUST000988,2026-06-07,Pending,City Ops,34.0,No
TKT001262,ORD0001691,CUST001061,2026-06-18,RESOLVED,Escalation Desk,8.0,No
TKT001263,ORD0002911,CUST001173,2026-05-02,Escalated,Escalation Desk,17.0,No
TKT001264,ORD0003868,CUST000039,2026-05-24,Resolved,City Ops,46.0,No
TKT001265,ORD0003114,CUST000656,2026-05-31,Resolved,Escalation Desk,,No
TKT001266,ORD0002777,CUST000105,2026-06-20,Escalated,Refund Ops,83.0,No
TKT001267,ORD0003435,CUST000214,2026-05-04,Closed,Support Ops,29.0,No
TKT001268,ORD0002656,CUST000473,2026-06-13,Pending,Seller Ops,26.0,Yes
TKT001269,ORD0002283,CUST001110,2026-06-14,Resolved,Seller Ops,76.0,No
TKT001270,ORDX9848299,CUST000999,2026-06-18,Pending,Seller Ops,,No
TKT001271,ORD0004774,CUST000497,2026-06-11,Resolved,Seller Ops,23.0,No
TKT001272,ORD0004775,CUST001179,2026-05-28,Open,Refund Ops,,Yes
TKT001273,ORD0001780,CUST000264,2026-06-01,Pending,Refund Ops,24.0,No
TKT001274,ORD0000012,CUST000590,2026-06-02,Open,Refund Ops,31.0,Yes
TKT001275,ORD0000164,CUST001118,2026-05-13,Resolved,City Ops,135.0,No
TKT001276,ORD0003759,CUST000582,2026-05-28,Resolved,Refund Ops,26.0,No
TKT001277,ORD0001295,CUST000542,2026-06-14,Resolved,Logistics Ops,14.0,No
TKT001278,ORD0002763,CUST000736,2026-05-16,Pending,Seller Ops,15.0,No
TKT001279,ORD0004027,CUST000358,2026-06-15,In Progress,Logistics Ops,136.0,No
TKT001280,ORD0003490,CUST000461,2026-06-02,Escalated,City Ops,132.0,Yes
TKT001281,ORD0000762,CUST000830,2026-05-09,Resolved,Escalation Desk,19.0,No
TKT001282,ORD0003493,CUST000722,2026-05-28,Resolved,Support Ops,70.0,No
TKT001283,ORD0003011,CUST000436,2026-05-09,Resolved,City Ops,33.0,Yes
TKT001284,ORD0004811,CUST000459,2026-05-10,Resolved,Escalation Desk,46.0,No
TKT001285,ORD0004574,CUST000600,2026-05-02,Resolved,Escalation Desk,100.0,No
TKT001286,ORD0000280,CUST000664,2026-06-09,Resolved,Support Ops,173.0,Yes
TKT001287,ORD0004230,CUST000999,2026-05-12,Resolved,City Ops,,No
TKT001288,ORD0001723,CUST000760,2026-05-21,Resolved,City Ops,14.0,No
TKT001289,ORD0000485,CUST000761,2026-05-28,Resolved,Refund Ops,113.0,No
TKT001290,ORD0000839,CUST000846,2026-05-23,Resolved,Support Ops,132.0,Yes
TKT001291,ORD0004165,CUST000342,2026-05-14,Escalated,Escalation Desk,97.0,No
TKT001292,ORD0003174,CUST000279,2026-05-21,Pending,Logistics Ops,103.0,No
TKT001293,ORD0003392,CUST000189,2026-06-11,Escalated,Escalation Desk,123.0,No
TKT001294,ORD0001313,CUST000477,2026-05-11,Resolved,Support Ops,179.0,No
TKT001295,ORD0000470,CUST000808,2026-06-13,Escalated,City Ops,56.0,No
TKT001296,ORD0002894,CUST001193,2026-05-28,Resolved,Refund Ops,10.0,No
TKT001297,ORD0003588,CUST001001,2026-06-17,Resolved,Support Ops,145.0,No
TKT001298,ORD0002068,CUST000781,2026-06-10,Resolved,Support Ops,51.0,No
TKT001299,ORD0001319,CUST000423,2026-05-18,Pending,Logistics Ops,160.0,Yes
TKT001300,ORD0004960,CUST000111,2026-06-01,Open,Seller Ops,136.0,No
TKT001301,ORD0002512,CUST000117,2026-05-31,Closed,Refund Ops,38.0,No
TKT001302,ORD0004789,CUST000091,2026-05-05,Resolved,Seller Ops,,No
TKT001303,ORD0003913,CUST000698,2026-05-31,Escalated,City Ops,,No
TKT001304,ORD0004619,CUST000381,2026-06-19,Resolved,Refund Ops,98.0,No
TKT001305,ORD0004099,CUST000347,2026-06-06,Escalated,Logistics Ops,63.0,No
TKT001306,ORD0001737,CUST000738,2026-05-12,Escalated,Support Ops,,Yes
TKT001307,ORD0001352,CUST000841,2026-06-17,Resolved,Seller Ops,46.0,No
TKT001308,ORD0000708,CUST000985,2026-05-14,In Progress,Escalation Desk,111.0,No
TKT001309,ORD0003842,CUST000040,2026-06-07,Resolved,Escalation Desk,46.0,No
TKT001310,ORD0001052,CUST000773,2026-05-26,Pending,Support Ops,143.0,No
TKT001311,ORD0004682,CUST000087,2026-06-12,Resolved,Escalation Desk,156.0,Yes
TKT001312,ORD0004842,CUST000486,2026-06-06,Pending,Escalation Desk,177.0,Yes
TKT001313,ORD0001794,CUST000361,2026-06-11,Resolved,Support Ops,22.0,No
TKT001314,ORD0004586,CUST000058,2026-05-12,Resolved,Refund Ops,141.0,No
TKT001315,ORD0001356,CUST001007,2026-05-07,Resolved,Logistics Ops,105.0,Yes
TKT001316,ORD0003542,CUST000931,2026-06-19,In Progress,Support Ops,61.0,No
TKT001317,ORD0002363,CUST000001,2026-05-12,Escalated,Escalation Desk,87.0,No
TKT001318,ORD0001746,CUST000305,2026-05-07,Escalated,Refund Ops,165.0,No
TKT001319,ORDX9013445,CUST000265,2026-05-28,Escalated,Seller Ops,172.0,No
TKT001320,ORD0004090,CUST000129,2026-05-10,Escalated,City Ops,,Yes
TKT001321,ORD0003711,CUST000045,2026-06-07,Closed,Refund Ops,,No
TKT001322,ORD0002956,CUST000772,2026-05-16,Pending,Seller Ops,168.0,No
TKT001323,ORD0004023,CUST000538,2026-06-09,Resolved,City Ops,119.0,No
TKT001324,ORD0003789,CUST000276,2026-05-14,Pending,City Ops,13.0,No
TKT001325,ORD0003686,CUST000832,2026-05-13,Escalated,Seller Ops,,Yes
TKT001326,ORD0000813,CUST000279,2026-06-04,In Progress,Refund Ops,123.0,No
TKT001327,ORD0003812,CUST000308,2026-06-14,In Progress,Support Ops,144.0,No
TKT001328,ORD0002451,CUST000397,2026-05-26,Closed,Logistics Ops,92.0,Yes
TKT001329,ORD0003906,CUST000730,2026-05-30,Closed,Seller Ops,152.0,Yes
TKT001330,ORD0001961,CUST000513,2026-06-04,Resolved,Refund Ops,151.0,No
TKT001331,ORD0002429,CUST000376,2026-05-26,Resolved,Refund Ops,77.0,Yes
TKT001332,ORD0000960,CUST001153,2026-06-03,In Progress,Support Ops,105.0,No
TKT001333,ORD0003945,CUST000493,2026-06-03,Escalated,Logistics Ops,76.0,No
TKT001334,ORD0000005,CUST001168,2026-05-15,Open,City Ops,17.0,Yes
TKT001335,ORD0001219,CUST000663,2026-06-12,Resolved,City Ops,87.0,No
TKT001336,ORD0001890,CUST000926,2026-05-06,Escalated,Logistics Ops,,Yes
TKT001337,ORD0004096,CUST000176,2026-06-20,Resolved,Refund Ops,146.0,No
TKT001338,ORD0000279,CUST001069,2026-06-04,Escalated,Escalation Desk,84.0,No
TKT001339,ORD0000847,CUST000912,2026-06-03,ESCALATED,City Ops,,No
TKT001340,ORD0001875,CUST001076,2026-06-11,Pending,Seller Ops,105.0,Yes
TKT001341,ORD0004862,CUST001143,2026-06-11,Pending,City Ops,37.0,Yes
TKT001342,ORD0000445,CUST000824,2026-05-14,Pending,Refund Ops,77.0,No
TKT001343,ORD0001403,CUST000051,2026-05-24,Resolved,Refund Ops,10.0,Yes
TKT001344,ORD0000032,CUST000381,2026-06-03,Resolved,Refund Ops,43.0,No
TKT001345,ORD0000937,CUST000807,2026-05-24,Escalated,Support Ops,,Yes
TKT001346,ORD0000925,CUST000933,2026-05-18,Open,Seller Ops,74.0,No
TKT001347,ORD0002712,CUST000220,2026-06-16,Open,Support Ops,70.0,Yes
TKT001348,ORD0002372,CUST000732,2026-06-19,Closed,Logistics Ops,23.0,No
TKT001349,ORD0000560,CUST000410,2026-05-30,Resolved,Logistics Ops,170.0,Yes
TKT001350,ORD0000952,CUST000692,2026-05-09,Pending,Refund Ops,,No
TKT001351,ORD0002516,CUST000158,2026-05-14,Resolved,Support Ops,13.0,Yes
TKT001352,ORD0000023,CUST000929,2026-05-09,Pending,Logistics Ops,48.0,No
TKT001353,ORD0000771,CUST001043,2026-06-10,Escalated,Seller Ops,99.0,No
TKT001354,ORD0003952,CUST000061,2026-06-12,Escalated,Logistics Ops,26.0,Yes
TKT001355,ORD0000226,CUST000400,2026-06-05,Resolved,Support Ops,79.0,Yes
TKT001356,ORD0001876,CUST000174,2026-05-23,Resolved,Logistics Ops,155.0,Yes
TKT001357,ORD0002526,CUST000352,2026-05-09,Open,City Ops,12.0,No
TKT001358,ORD0002057,CUST000151,2026-05-14,Open,Logistics Ops,158.0,No
TKT001359,ORD0002612,CUST000978,2026-05-21,In Progress,Seller Ops,113.0,No
TKT001360,ORD0004034,CUST000554,2026-05-13,Pending,Logistics Ops,61.0,No
TKT001361,ORD0003387,CUST000961,2026-05-24,In Progress,Support Ops,24.0,Yes
TKT001362,ORD0004460,CUST000302,2026-06-18,In Progress,Escalation Desk,,No
TKT001363,ORD0001425,CUST000484,2026-05-03,Pending,Support Ops,64.0,No
TKT001364,ORD0000302,CUST000022,2026-05-04,Open,City Ops,142.0,No
TKT001365,ORD0003674,CUST001109,2026-06-11,Resolved,Seller Ops,110.0,No
TKT001366,ORD0002829,CUST000766,2026-06-08,Resolved,Escalation Desk,136.0,No
TKT001367,ORD0000339,CUST000441,2026-06-06,Escalated,Refund Ops,56.0,No
TKT001368,ORD0004714,CUST000112,2026-05-15,Escalated,City Ops,58.0,No
TKT001369,ORD0001974,CUST000558,2026-06-03,Resolved,Seller Ops,151.0,No
TKT001370,ORD0000712,CUST000698,2026-05-21,Resolved,City Ops,21.0,Yes
TKT001371,ORD0001657,CUST000459,2026-05-15,Resolved,Seller Ops,140.0,Yes
TKT001372,ORD0004800,CUST001097,2026-05-30,Pending,Seller Ops,,Yes
TKT001373,ORD0004952,CUST000435,2026-05-25,Closed,City Ops,32.0,No
TKT001374,ORD0003506,CUST000453,2026-05-19,Escalated,Seller Ops,158.0,No
TKT001375,ORD0001384,CUST000100,2026-06-07,Closed,Escalation Desk,81.0,No
TKT001376,ORD0004150,CUST000114,2026-06-10,Pending,Logistics Ops,117.0,No
TKT001377,ORD0003093,CUST000757,2026-06-11,Open,Support Ops,114.0,No
TKT001378,ORD0002055,CUST000256,2026-05-16,Closed,Refund Ops,142.0,No
TKT001379,ORD0001663,CUST001102,2026-06-15,RESOLVED,Refund Ops,101.0,No
TKT001380,ORD0002447,CUST000922,2026-06-03,Resolved,Refund Ops,155.0,No
TKT001381,ORD0000333,CUST000690,2026-05-01,Closed,Logistics Ops,76.0,No
TKT001382,ORD0003291,CUST000280,2026-06-01,In Progress,Seller Ops,139.0,No
TKT001383,ORD0001427,CUST000044,2026-06-08,Resolved,Logistics Ops,108.0,No
TKT001384,ORD0001743,CUST000712,2026-05-23,Escalated,Refund Ops,118.0,No
TKT001385,ORD0000664,CUST001174,2026-06-16,Open,Logistics Ops,32.0,No
TKT001386,ORD0000054,CUST000160,2026-06-09,Resolved,Escalation Desk,28.0,No
TKT001387,ORD0000786,CUST000001,2026-06-01,Open,Logistics Ops,110.0,Yes
TKT001388,ORD0003392,CUST000189,2026-05-27,In Progress,Logistics Ops,23.0,No
TKT001389,ORD0000387,CUST000960,2026-06-08,Resolved,City Ops,54.0,No
TKT001390,ORD0000021,CUST000262,2026-06-05,Escalated,Logistics Ops,50.0,No
TKT001391,ORD0004745,CUST001045,2026-06-06,Resolved,Seller Ops,38.0,No
TKT001392,ORD0000610,CUST000365,2026-05-06,Pending,Logistics Ops,,No
TKT001393,ORD0000587,CUST001034,2026-05-29,In Progress,Refund Ops,,No
TKT001394,ORD0003079,CUST000412,2026-05-05,Resolved,City Ops,130.0,No
TKT001395,ORD0000453,CUST000676,2026-06-06,Escalated,Seller Ops,147.0,Yes
TKT001396,ORD0003228,CUST000247,2026-06-06, Resolved ,Logistics Ops,152.0,No
TKT001397,ORD0002175,CUST001082,2026-06-09,Open,Escalation Desk,,No
TKT001398,ORD0002430,CUST000731,2026-06-05,Resolved,Refund Ops,99.0,No
TKT001399,ORD0000757,CUST000245,2026-05-22,Open,Support Ops,12.0,No
TKT001400,ORD0003850,CUST001100,2026-05-09,In Progress,Refund Ops,119.0,No
TKT001401,ORD0000024,CUST000826,2026-05-03,Resolved,Escalation Desk,93.0,No
TKT001402,ORD0004745,CUST001045,2026-05-06,Closed,Refund Ops,,No
TKT001403,ORD0002901,CUST000003,2026-05-06,Closed,Logistics Ops,25.0,No
TKT001404,ORD0001778,CUST000925,2026-05-08,In Progress,Support Ops,123.0,No
TKT001405,ORD0000833,CUST000937,2026-05-04,Pending,City Ops,34.0,No
TKT001406,ORDX9745139,CUST000208,2026-05-16,In Progress,Refund Ops,68.0,No
TKT001407,ORD0000133,CUST000085,2026-05-27,Pending,Logistics Ops,162.0,No
TKT001408,ORD0003111,CUST000734,2026-05-19,Resolved,Escalation Desk,,No
TKT001409,ORD0003545,CUST001045,2026-05-09,Pending,Support Ops,75.0,No
TKT001410,ORD0001300,CUST000382,2026-05-03,Resolved,Refund Ops,112.0,Yes
TKT001411,ORD0004630,CUST000484,2026-05-04,Resolved,Seller Ops,142.0,Yes
TKT001412,ORD0002645,CUST000342,2026-05-21,Closed,Logistics Ops,175.0,No
TKT001413,ORD0002910,CUST000745,2026-05-08,Pending,Refund Ops,177.0,No
TKT001414,ORD0002832,CUST000999,2026-05-23,Open,Refund Ops,139.0,Yes
TKT001415,ORD0003134,CUST000993,2026-06-10,Resolved,City Ops,47.0,No
TKT001416,ORD0004764,CUST001124,2026-06-02,Resolved,Support Ops,174.0,No
TKT001417,ORD0004888,CUST000900,2026-05-02,Resolved,Escalation Desk,64.0,No
TKT001418,ORD0001301,CUST000885,2026-05-01,Escalated,Support Ops,98.0,No
TKT001419,ORD0003783,CUST000368,2026-06-14,Pending,Seller Ops,65.0,Yes
TKT001420,ORD0000362,CUST000362,2026-06-11,Open,Escalation Desk,144.0,No
TKT001421,ORD0002808,CUST000319,2026-05-31,Resolved,Seller Ops,138.0,No
TKT001422,ORD0004697,CUST000762,2026-06-07,Escalated,Logistics Ops,,No
TKT001423,ORD0002725,CUST000820,2026-05-11, Resolved ,Refund Ops,,No
TKT001424,ORD0003670,CUST000628,2026-05-02,Escalated,Seller Ops,180.0,No
TKT001425,ORD0002394,CUST000780,2026-06-02,Resolved,City Ops,177.0,No
TKT001426,ORD0004107,CUST000658,2026-06-04,Resolved,City Ops,,Yes
TKT001427,ORD0003427,CUST000268,2026-06-10,Open,Refund Ops,142.0,No
TKT001428,ORD0000532,CUST000401,2026-05-09,Closed,City Ops,165.0,Yes
TKT001429,ORD0000036,CUST001047,2026-05-18,Pending,City Ops,155.0,No
TKT001430,ORD0000112,CUST000569,2026-06-16,Escalated,City Ops,,No
TKT001431,ORD0000637,CUST000468,2026-06-15,In Progress,City Ops,171.0,No
TKT001432,ORD0001444,CUST000885,2026-05-03,Closed,Seller Ops,86.0,No
TKT001433,ORD0000529,CUST001142,2026-05-28,Pending,Support Ops,104.0,No
TKT001434,ORD0002783,CUST000948,2026-05-26,Closed,City Ops,74.0,No
TKT001435,ORD0002433,CUST000887,2026-05-22,Escalated,Refund Ops,169.0,Yes
TKT001436,ORD0001930,CUST001023,2026-05-18,Resolved,Refund Ops,177.0,Yes
TKT001437,ORD0000787,CUST000024,2026-05-05,Open,City Ops,119.0,Yes
TKT001438,ORD0002543,CUST000510,2026-05-28,Open,Refund Ops,151.0,No
TKT001439,ORD0004952,CUST000435,2026-05-12,Closed,Refund Ops,153.0,No
TKT001440,ORD0001566,CUST001197,2026-06-04,Resolved,Escalation Desk,56.0,No
TKT001441,ORD0004810,CUST001167,2026-06-12,Resolved,Escalation Desk,87.0,Yes
TKT001442,ORD0004553,CUST000929,2026-05-16,In Progress,Support Ops,,Yes
TKT001443,ORD0000585,CUST001162,2026-05-12,In Progress,Support Ops,90.0,No
TKT001444,ORD0001284,CUST000802,2026-05-13,Pending,Logistics Ops,,No
TKT001445,ORD0000616,CUST000838,2026-06-14,Pending,Seller Ops,74.0,No
TKT001446,ORD0000641,CUST000995,2026-06-07,Escalated,Refund Ops,126.0,No
TKT001447,ORD0000580,CUST001190,2026-05-25,Open,Refund Ops,167.0,No
TKT001448,ORD0003366,CUST000892,2026-05-11,Resolved,Seller Ops,20.0,No
TKT001449,ORD0004263,CUST000804,2026-05-02,Pending,Support Ops,64.0,Yes
TKT001450,ORD0003685,CUST000659,2026-05-08,Escalated,Escalation Desk,81.0,No
TKT001451,ORD0001599,CUST000356,2026-05-20,Open,Seller Ops,86.0,No
TKT001452,ORD0001694,CUST001162,2026-05-26,Pending,Support Ops,86.0,No
TKT001453,ORD0000735,CUST000977,2026-06-13,Pending,Escalation Desk,141.0,Yes
TKT001454,ORD0002356,CUST000013,2026-05-04,Pending,City Ops,94.0,No
TKT001455,ORD0000159,CUST000174,2026-05-28,Resolved,City Ops,,No
TKT001456,ORD0003801,CUST000310,2026-06-06,Resolved,City Ops,45.0,No
TKT001457,ORDX9648498,CUST000955,2026-06-16,Pending,Logistics Ops,64.0,No
TKT001458,ORD0004204,CUST000787,2026-06-01,Escalated,Refund Ops,83.0,No
TKT001459,ORD0004095,CUST000699,2026-06-15,Resolved,Seller Ops,42.0,No
TKT001460,ORD0003493,CUST000722,2026-05-21,Resolved,Escalation Desk,72.0,No
TKT001461,ORD0003480,CUST000978,2026-05-15,Resolved,Logistics Ops,158.0,No
TKT001462,ORD0002803,CUST001148,2026-06-12,Resolved,Escalation Desk,100.0,No
TKT001463,ORD0002931,CUST000923,2026-05-28,Resolved,Refund Ops,17.0,No
TKT001464,ORD0003859,CUST000418,2026-05-23,Resolved,Seller Ops,99.0,No
TKT001465,ORD0003377,CUST000496,2026-06-04,Resolved,Logistics Ops,62.0,No
TKT001466,ORD0000387,CUST000960,2026-05-12,Escalated,Logistics Ops,139.0,Yes
TKT001467,ORD0002104,CUST000831,2026-05-24,Pending,Refund Ops,173.0,No
TKT001468,ORD0003837,CUST000643,2026-06-05,Resolved,Refund Ops,123.0,No
TKT001469,ORD0003263,CUST001047,2026-05-27,Escalated,Refund Ops,148.0,Yes
TKT001470,ORD0004118,CUST001081,2026-05-18,Resolved,Logistics Ops,146.0,No
TKT001471,ORD0002063,CUST000901,2026-05-09,Resolved,Seller Ops,144.0,No
TKT001472,ORD0002148,CUST001135,2026-05-09,Resolved,Escalation Desk,22.0,No
TKT001473,ORD0003337,CUST000815,2026-05-15,Escalated,Logistics Ops,130.0,No
TKT001474,ORD0002143,CUST000181,2026-05-03,In Progress,Seller Ops,88.0,No
TKT001475,ORD0000384,CUST000292,2026-06-03,Pending,Logistics Ops,119.0,No
TKT001476,ORD0004741,CUST000951,2026-06-17,Resolved,Escalation Desk,70.0,No
TKT001477,ORD0001655,CUST000479,2026-05-30,Escalated,Logistics Ops,63.0,No
TKT001478,ORD0001505,CUST001061,2026-05-20,Escalated,Support Ops,141.0,Yes
TKT001479,ORDX9611143,CUST001116,2026-06-02,escalated,City Ops,49.0,No
TKT001480,ORDX9196241,CUST000824,2026-06-20,Pending,Escalation Desk,86.0,No
TKT001481,ORD0002992,CUST000115,2026-05-17,Resolved,Logistics Ops,153.0,No
TKT001482,ORD0003929,CUST000964,2026-06-06,In Progress,Support Ops,85.0,No
TKT001483,ORD0004642,CUST000954,2026-06-17,Resolved,Logistics Ops,67.0,No
TKT001484,ORD0000655,CUST001024,2026-05-28,Escalated,Support Ops,164.0,No
TKT001485,ORD0001602,CUST000171,2026-05-05,Escalated,Escalation Desk,36.0,No
TKT001486,ORDX9723018,CUST000204,2026-05-04,Resolved,Refund Ops,33.0,No
TKT001487,ORD0001063,CUST000422,2026-05-18,Pending,Escalation Desk,145.0,Yes
TKT001488,ORD0002076,CUST000926,2026-05-04,Resolved,City Ops,34.0,Yes
TKT001489,ORD0001173,CUST000389,2026-06-16,Pending,Refund Ops,106.0,No
TKT001490,ORD0002322,CUST000781,2026-05-15,Resolved,Escalation Desk,,Yes
TKT001491,ORD0001623,CUST000434,2026-05-02,Resolved,Logistics Ops,174.0,No
TKT001492,ORD0001943,CUST000678,2026-06-12,Closed,Support Ops,17.0,No
TKT001493,ORD0004579,CUST000791,2026-06-05,Pending,Escalation Desk,61.0,No
TKT001494,ORD0000130,CUST001174,2026-05-19,Resolved,Seller Ops,33.0,No
TKT001495,ORD0004920,CUSTX948198,2026-06-20,resolved,Logistics Ops,,No
TKT001496,ORD0001513,CUST000909,2026-05-31,Escalated,Seller Ops,164.0,No
TKT001497,ORD0004169,CUST000194,2026-05-03,In Progress,Support Ops,114.0,No
TKT001498,ORD0001979,CUST000551,2026-06-20,Escalated,Support Ops,93.0,Yes
TKT001499,ORD0001252,CUST000417,2026-05-27,Pending,Seller Ops,144.0,Yes
TKT001500,ORD0003870,CUST001147,2026-06-17,Resolved,City Ops,141.0,No
